game_id,cp,period,gs,ctrl,ctrl_home,margin,ctrl_won,floor,mc_cum,mc_win
bdl_3594,Q2_7.5,2,750,NY,False,7,1,0.63,0.958,0.958
bdl_3594,Q2_5,2,900,NY,False,6,1,0.57,0.868,0.019
bdl_3594,Q2_2.5,2,1050,NY,False,7,1,0.75,0.926,1.0
bdl_3594,Q2_END,2,1200,NY,False,-3,1,0.6,0.242,0.0
bdl_3594,Q3_7.5,3,1350,NY,False,-4,1,0.6,0.286,0.6
bdl_3594,Q3_5,3,1500,WSH,True,5,0,0.53,0.793,0.793
bdl_3594,Q3_2.5,3,1650,WSH,True,3,0,0.68,0.672,0.739
bdl_3594,Q3_END,3,1800,WSH,True,8,0,0.83,0.928,0.989
bdl_3594,Q4_7.5,4,1950,WSH,True,3,0,0.83,0.714,0.238
bdl_3594,Q4_5,4,2100,WSH,True,-3,0,0.53,0.242,0.0
bdl_3594,Q4_2.5,4,2250,NY,False,3,1,0.55,0.835,0.835
bdl_3595,Q2_7.5,2,750,CON,True,11,1,0.95,0.999,0.999
bdl_3595,Q2_5,2,900,CON,True,9,1,0.75,0.988,0.125
bdl_3595,Q2_2.5,2,1050,CON,True,13,1,0.8,0.992,0.979
bdl_3595,Q2_END,2,1200,CON,True,10,1,0.75,0.984,0.8
bdl_3595,Q3_7.5,3,1350,CON,True,9,1,0.6,0.981,1.0
bdl_3595,Q3_5,3,1500,IND,False,-8,0,0.68,0.075,0.075
bdl_3595,Q3_2.5,3,1650,CON,True,11,1,0.6,0.974,0.974
bdl_3595,Q3_END,3,1800,IND,False,-7,0,0.63,0.075,0.075
bdl_3595,Q4_7.5,4,1950,IND,False,-12,0,0.53,0.0,0.0
bdl_3595,Q4_5,4,2100,CON,True,16,1,0.95,1.0,1.0
bdl_3595,Q4_2.5,4,2250,CON,True,19,1,0.88,1.0,1.0
bdl_3596,Q2_7.5,2,750,LV,True,11,1,0.85,0.998,0.998
bdl_3596,Q2_5,2,900,LV,True,7,1,0.85,0.975,0.016
bdl_3596,Q2_2.5,2,1050,LV,True,4,1,0.85,0.82,0.0
bdl_3596,Q2_END,2,1200,LV,True,1,1,0.7,0.548,0.007
bdl_3596,Q3_7.5,3,1350,LV,True,2,1,0.7,0.658,0.8115
bdl_3596,Q3_5,3,1500,LV,True,-3,1,0.55,0.293,0.001
bdl_3596,Q3_2.5,3,1650,LV,True,3,1,0.7,0.661,1.0
bdl_3596,Q3_END,3,1800,LV,True,6,1,0.85,0.856,0.9985
bdl_3596,Q4_7.5,4,1950,LV,True,7,1,0.7,0.911,0.994
bdl_3596,Q4_5,4,2100,LV,True,11,1,0.7,0.988,1.0
bdl_3596,Q4_2.5,4,2250,LV,True,10,1,0.7,0.991,1.0
bdl_3597,Q2_7.5,2,750,SEA,True,5,0,0.75,0.872,0.872
bdl_3597,Q2_5,2,900,SEA,True,3,0,0.53,0.732,0.041
bdl_3597,Q2_2.5,2,1050,SEA,True,4,0,0.53,0.703,0.291
bdl_3597,Q2_END,2,1200,MIN,False,1,1,0.55,0.616,0.616
bdl_3597,Q3_7.5,3,1350,SEA,True,5,0,0.78,0.81,0.81
bdl_3597,Q3_5,3,1500,MIN,False,1,1,0.55,0.531,0.531
bdl_3597,Q3_2.5,3,1650,MIN,False,1,1,0.55,0.612,0.583
bdl_3597,Q3_END,3,1800,MIN,False,3,1,0.68,0.697,0.946
bdl_3597,Q4_7.5,4,1950,MIN,False,8,1,0.68,0.943,1.0
bdl_3597,Q4_5,4,2100,MIN,False,10,1,0.68,0.988,1.0
bdl_3597,Q4_2.5,4,2250,MIN,False,14,1,0.85,1.0,1.0
bdl_3598,Q2_7.5,2,750,CHI,False,5,0,0.57,0.796,0.796
bdl_3598,Q2_5,2,900,CHI,False,3,0,0.73,0.726,0.817
bdl_3598,Q2_2.5,2,1050,DAL,True,-1,1,0.55,0.394,0.394
bdl_3598,Q2_END,2,1200,CHI,False,3,0,0.83,0.73,0.73
bdl_3598,Q3_7.5,3,1350,CHI,False,4,0,0.83,0.775,0.9985
bdl_3598,Q3_5,3,1500,CHI,False,-1,0,0.68,0.395,0.0
bdl_3598,Q3_2.5,3,1650,CHI,False,0,0,0.6,0.531,0.781
bdl_3598,Q3_END,3,1800,DAL,True,0,1,0.55,0.437,0.437
bdl_3598,Q4_7.5,4,1950,CHI,False,2,0,0.6,0.61,0.61
bdl_3598,Q4_5,4,2100,CHI,False,4,0,0.75,0.779,0.996
bdl_3598,Q4_2.5,4,2250,DAL,True,2,1,0.55,0.665,0.665
bdl_3599,Q2_7.5,2,750,LA,True,-3,0,0.53,0.242,0.242
bdl_3599,Q2_5,2,900,LA,True,-7,0,0.53,0.042,0.0
bdl_3599,Q2_2.5,2,1050,LA,True,-6,0,0.53,0.101,0.581
bdl_3599,Q2_END,2,1200,LA,True,0,0,0.63,0.475,0.999
bdl_3599,Q3_7.5,3,1350,LA,True,5,0,0.8,0.81,1.0
bdl_3599,Q3_5,3,1500,ATL,False,2,1,0.53,0.669,0.669
bdl_3599,Q3_2.5,3,1650,LA,True,-3,0,0.57,0.263,0.263
bdl_3599,Q3_END,3,1800,LA,True,0,0,0.7,0.509,0.969
bdl_3599,Q4_7.5,4,1950,ATL,False,9,1,0.57,0.938,0.938
bdl_3599,Q4_5,4,2100,ATL,False,7,1,0.57,0.913,0.928
bdl_3599,Q4_2.5,4,2250,ATL,False,9,1,0.7,0.99,0.996
bdl_3600,Q2_7.5,2,750,NY,False,9,1,0.68,0.993,0.993
bdl_3600,Q2_5,2,900,NY,False,5,1,0.75,0.894,0.001
bdl_3600,Q2_2.5,2,1050,NY,False,13,1,0.9,0.998,1.0
bdl_3600,Q2_END,2,1200,NY,False,17,1,0.9,1.0,1.0
bdl_3600,Q3_7.5,3,1350,NY,False,17,1,0.9,0.999,0.994
bdl_3600,Q3_5,3,1500,NY,False,17,1,0.75,1.0,0.96
bdl_3600,Q3_2.5,3,1650,NY,False,20,1,0.9,1.0,1.0
bdl_3600,Q3_END,3,1800,NY,False,11,1,0.75,0.989,0.0
bdl_3600,Q4_7.5,4,1950,NY,False,18,1,0.9,1.0,1.0
bdl_3600,Q4_5,4,2100,NY,False,22,1,0.8,1.0,1.0
bdl_3600,Q4_2.5,4,2250,NY,False,30,1,0.9,1.0,1.0
bdl_3601,Q2_7.5,2,750,WSH,False,5,0,0.73,0.917,0.917
bdl_3601,Q2_5,2,900,WSH,False,2,0,0.68,0.691,0.011
bdl_3601,Q2_2.5,2,1050,WSH,False,-4,0,0.68,0.107,0.0
bdl_3601,Q2_END,2,1200,WSH,False,0,0,0.57,0.532,1.0
bdl_3601,Q3_7.5,3,1350,WSH,False,0,0,0.57,0.55,0.573
bdl_3601,Q3_5,3,1500,WSH,False,-1,0,0.57,0.331,0.0
bdl_3601,Q3_2.5,3,1650,WSH,False,1,0,0.57,0.555,0.9625
bdl_3601,Q3_END,3,1800,WSH,False,4,0,0.57,0.767,1.0
bdl_3601,Q4_7.5,4,1950,WSH,False,1,0,0.57,0.579,0.106
bdl_3601,Q4_5,4,2100,WSH,False,-9,0,0.57,0.011,0.0
bdl_3601,Q4_2.5,4,2250,WSH,False,-7,0,0.57,0.02,0.008
bdl_3602,Q2_7.5,2,750,MIN,True,13,1,0.95,1.0,1.0
bdl_3602,Q2_5,2,900,MIN,True,13,1,0.88,0.998,0.8
bdl_3602,Q2_2.5,2,1050,MIN,True,9,1,0.88,0.96,0.013
bdl_3602,Q2_END,2,1200,MIN,True,7,1,0.88,0.895,0.044
bdl_3602,Q3_7.5,3,1350,MIN,True,9,1,0.88,0.931,0.548
bdl_3602,Q3_5,3,1500,MIN,True,9,1,0.95,0.936,0.8155
bdl_3602,Q3_2.5,3,1650,MIN,True,8,1,0.95,0.911,0.996
bdl_3602,Q3_END,3,1800,MIN,True,7,1,0.95,0.897,0.6535
bdl_3602,Q4_7.5,4,1950,MIN,True,6,1,0.95,0.922,0.253
bdl_3602,Q4_5,4,2100,MIN,True,10,1,0.95,0.988,1.0
bdl_3602,Q4_2.5,4,2250,MIN,True,8,1,0.88,0.997,0.764
bdl_3603,Q2_7.5,2,750,NY,True,17,1,1,0.998,0.998
bdl_3603,Q2_5,2,900,NY,True,21,1,1,1.0,1.0
bdl_3603,Q2_2.5,2,1050,NY,True,17,1,1,0.999,0.0565
bdl_3603,Q2_END,2,1200,NY,True,20,1,1,1.0,1.0
bdl_3603,Q3_7.5,3,1350,NY,True,22,1,1,1.0,0.946
bdl_3603,Q3_5,3,1500,NY,True,23,1,0.95,1.0,1.0
bdl_3603,Q3_2.5,3,1650,NY,True,17,1,0.95,0.995,0.329
bdl_3603,Q3_END,3,1800,NY,True,15,1,0.95,0.999,0.889
bdl_3603,Q4_7.5,4,1950,NY,True,19,1,0.95,1.0,1.0
bdl_3603,Q4_5,4,2100,NY,True,20,1,0.95,1.0,1.0
bdl_3603,Q4_2.5,4,2250,NY,True,17,1,0.95,1.0,1.0
bdl_3604,Q2_7.5,2,750,LA,False,-1,0,0.53,0.36,0.36
bdl_3604,Q2_5,2,900,LA,False,5,0,0.83,0.897,1.0
bdl_3604,Q2_2.5,2,1050,LA,False,0,0,0.6,0.511,0.0
bdl_3604,Q2_END,2,1200,LV,True,9,1,0.6,0.96,0.96
bdl_3604,Q3_7.5,3,1350,LV,True,10,1,0.83,0.97,0.987
bdl_3604,Q3_5,3,1500,LV,True,8,1,0.7,0.905,0.333
bdl_3604,Q3_2.5,3,1650,LV,True,7,1,0.7,0.893,0.542
bdl_3604,Q3_END,3,1800,LV,True,12,1,0.8,0.991,1.0
bdl_3604,Q4_7.5,4,1950,LV,True,13,1,0.85,0.99,0.9865
bdl_3604,Q4_5,4,2100,LV,True,5,1,0.6,0.836,0.005
bdl_3604,Q4_2.5,4,2250,LV,True,4,1,0.6,0.849,0.776
bdl_3605,Q2_7.5,2,750,DAL,True,4,0,0.6,0.889,0.889
bdl_3605,Q2_5,2,900,DAL,True,1,0,0.6,0.773,0.552
bdl_3605,Q2_2.5,2,1050,DAL,True,8,0,0.75,0.971,1.0
bdl_3605,Q2_END,2,1200,DAL,True,12,0,0.8,0.998,1.0
bdl_3605,Q3_7.5,3,1350,DAL,True,11,0,0.8,0.986,0.774
bdl_3605,Q3_5,3,1500,DAL,True,6,0,0.65,0.844,0.001
bdl_3605,Q3_2.5,3,1650,DAL,True,8,0,0.7,0.923,0.986
bdl_3605,Q3_END,3,1800,DAL,True,8,0,0.7,0.942,0.895
bdl_3605,Q4_7.5,4,1950,DAL,True,3,0,0.65,0.727,0.0255
bdl_3605,Q4_5,4,2100,DAL,True,-4,0,0.5,0.145,0.0
bdl_3605,Q4_2.5,4,2250,DAL,True,-6,0,0.5,0.039,0.046
bdl_3606,Q2_7.5,2,750,PHX,True,12,0,0.85,0.999,0.999
bdl_3606,Q2_5,2,900,PHX,True,11,0,0.9,0.995,0.5685
bdl_3606,Q2_2.5,2,1050,PHX,True,9,0,0.9,0.974,0.101
bdl_3606,Q2_END,2,1200,PHX,True,6,0,0.75,0.863,0.035
bdl_3606,Q3_7.5,3,1350,PHX,True,7,0,0.68,0.916,0.957
bdl_3606,Q3_5,3,1500,PHX,True,11,0,0.9,0.98,1.0
bdl_3606,Q3_2.5,3,1650,PHX,True,7,0,0.75,0.925,0.043
bdl_3606,Q3_END,3,1800,PHX,True,5,0,0.75,0.847,0.373
bdl_3606,Q4_7.5,4,1950,PHX,True,4,0,0.75,0.774,0.498
bdl_3606,Q4_5,4,2100,PHX,True,-1,0,0.53,0.361,0.001
bdl_3606,Q4_2.5,4,2250,ATL,False,4,1,0.53,0.862,0.862
bdl_3607,Q2_7.5,2,750,WSH,True,-3,0,0.5,0.112,0.112
bdl_3607,Q2_5,2,900,WSH,True,-6,0,0.68,0.11,0.71
bdl_3607,Q2_2.5,2,1050,SEA,False,11,1,0.6,0.993,0.993
bdl_3607,Q2_END,2,1200,WSH,True,-5,0,0.65,0.137,0.137
bdl_3607,Q3_7.5,3,1350,WSH,True,-1,0,0.65,0.372,0.969
bdl_3607,Q3_5,3,1500,WSH,True,-2,0,0.65,0.391,0.678
bdl_3607,Q3_2.5,3,1650,WSH,True,4,0,0.65,0.759,1.0
bdl_3607,Q3_END,3,1800,WSH,True,2,0,0.65,0.625,0.264
bdl_3607,Q4_7.5,4,1950,WSH,True,1,0,0.65,0.614,0.3915
bdl_3607,Q4_5,4,2100,WSH,True,-5,0,0.65,0.113,0.0
bdl_3607,Q4_2.5,4,2250,WSH,True,-6,0,0.65,0.026,0.004
bdl_3608,Q2_7.5,2,750,IND,True,-3,0,0.53,0.201,0.201
bdl_3608,Q2_5,2,900,IND,True,-4,0,0.53,0.268,0.7135
bdl_3608,Q2_2.5,2,1050,IND,True,-5,0,0.53,0.145,0.0
bdl_3608,Q2_END,2,1200,IND,True,3,0,0.53,0.756,1.0
bdl_3608,Q3_7.5,3,1350,CON,False,5,1,0.55,0.836,0.836
bdl_3608,Q3_5,3,1500,CON,False,7,1,0.55,0.898,0.986
bdl_3608,Q3_2.5,3,1650,CON,False,9,1,0.7,0.938,0.989
bdl_3608,Q3_END,3,1800,CON,False,3,1,0.55,0.692,0.014
bdl_3608,Q4_7.5,4,1950,CON,False,1,1,0.55,0.628,0.147
bdl_3608,Q4_5,4,2100,IND,True,2,0,0.53,0.708,0.708
bdl_3608,Q4_2.5,4,2250,IND,True,-3,0,0.53,0.185,0.004
bdl_3609,Q2_7.5,2,750,NY,True,10,1,0.85,0.997,0.997
bdl_3609,Q2_5,2,900,NY,True,10,1,0.85,0.994,0.905
bdl_3609,Q2_2.5,2,1050,NY,True,10,1,0.85,0.995,0.891
bdl_3609,Q2_END,2,1200,NY,True,12,1,0.85,1.0,1.0
bdl_3609,Q3_7.5,3,1350,NY,True,14,1,0.85,0.999,0.998
bdl_3609,Q3_5,3,1500,NY,True,12,1,0.85,0.996,0.049
bdl_3609,Q3_2.5,3,1650,NY,True,10,1,0.75,0.971,0.407
bdl_3609,Q3_END,3,1800,NY,True,15,1,0.8,1.0,1.0
bdl_3609,Q4_7.5,4,1950,NY,True,11,1,0.75,0.991,0.468
bdl_3609,Q4_5,4,2100,NY,True,14,1,0.68,1.0,1.0
bdl_3609,Q4_2.5,4,2250,NY,True,17,1,0.78,1.0,1.0
bdl_3610,Q2_7.5,2,750,DAL,False,5,0,0.55,0.907,0.907
bdl_3610,Q2_5,2,900,DAL,False,10,0,0.75,0.984,1.0
bdl_3610,Q2_2.5,2,1050,DAL,False,6,0,0.75,0.918,0.071
bdl_3610,Q2_END,2,1200,DAL,False,8,0,0.68,0.937,0.804
bdl_3610,Q3_7.5,3,1350,DAL,False,7,0,0.68,0.898,0.548
bdl_3610,Q3_5,3,1500,DAL,False,9,0,0.65,0.925,0.908
bdl_3610,Q3_2.5,3,1650,DAL,False,8,0,0.73,0.908,0.9575
bdl_3610,Q3_END,3,1800,DAL,False,3,0,0.65,0.677,0.001
bdl_3610,Q4_7.5,4,1950,ATL,True,5,1,0.55,0.822,0.822
bdl_3610,Q4_5,4,2100,ATL,True,6,1,0.55,0.895,0.9505
bdl_3610,Q4_2.5,4,2250,ATL,True,4,1,0.68,0.841,0.883
bdl_3611,Q2_7.5,2,750,PHX,False,0,1,0.88,0.501,0.501
bdl_3611,Q2_5,2,900,PHX,False,-2,1,0.53,0.351,0.0285
bdl_3611,Q2_2.5,2,1050,PHX,False,-1,1,0.68,0.553,1.0
bdl_3611,Q2_END,2,1200,PHX,False,-1,1,0.75,0.422,0.07
bdl_3611,Q3_7.5,3,1350,PHX,False,0,1,0.63,0.436,0.719
bdl_3611,Q3_5,3,1500,LV,True,-2,0,0.55,0.388,0.388
bdl_3611,Q3_2.5,3,1650,PHX,False,2,1,0.57,0.599,0.599
bdl_3611,Q3_END,3,1800,PHX,False,5,1,0.68,0.787,0.989
bdl_3611,Q4_7.5,4,1950,PHX,False,11,1,0.83,0.984,1.0
bdl_3611,Q4_5,4,2100,PHX,False,13,1,0.85,0.995,1.0
bdl_3611,Q4_2.5,4,2250,PHX,False,7,1,0.85,0.973,0.583
bdl_3612,Q2_7.5,2,750,LA,True,2,1,0.75,0.719,0.719
bdl_3612,Q2_5,2,900,LA,True,-1,1,0.53,0.428,0.0
bdl_3612,Q2_2.5,2,1050,WSH,False,4,0,0.63,0.782,0.782
bdl_3612,Q2_END,2,1200,WSH,False,4,0,0.83,0.755,0.67
bdl_3612,Q3_7.5,3,1350,WSH,False,5,0,0.85,0.821,0.932
bdl_3612,Q3_5,3,1500,WSH,False,5,0,0.9,0.811,0.787
bdl_3612,Q3_2.5,3,1650,WSH,False,3,0,0.85,0.66,0.251
bdl_3612,Q3_END,3,1800,WSH,False,0,0,0.85,0.542,0.107
bdl_3612,Q4_7.5,4,1950,WSH,False,-4,0,0.6,0.207,0.0
bdl_3612,Q4_5,4,2100,LA,True,7,1,0.73,0.952,0.952
bdl_3612,Q4_2.5,4,2250,LA,True,3,1,0.73,0.833,0.291
bdl_3613,Q2_7.5,2,750,SEA,True,9,1,0.88,0.986,0.986
bdl_3613,Q2_5,2,900,SEA,True,8,1,0.93,0.956,0.748
bdl_3613,Q2_2.5,2,1050,SEA,True,7,1,0.78,0.888,0.418
bdl_3613,Q2_END,2,1200,SEA,True,4,1,0.93,0.781,0.384
bdl_3613,Q3_7.5,3,1350,SEA,True,8,1,0.83,0.968,1.0
bdl_3613,Q3_5,3,1500,SEA,True,8,1,0.83,0.933,0.806
bdl_3613,Q3_2.5,3,1650,SEA,True,3,1,0.78,0.736,0.0
bdl_3613,Q3_END,3,1800,SEA,True,-2,1,0.55,0.285,0.001
bdl_3613,Q4_7.5,4,1950,SEA,True,3,1,0.63,0.691,0.971
bdl_3613,Q4_5,4,2100,SEA,True,1,1,0.53,0.546,0.2795
bdl_3613,Q4_2.5,4,2250,SEA,True,7,1,0.85,0.991,1.0
bdl_3614,Q2_7.5,2,750,MIN,False,1,1,0.65,0.639,0.639
bdl_3614,Q2_5,2,900,MIN,False,-5,1,0.6,0.161,0.0
bdl_3614,Q2_2.5,2,1050,MIN,False,0,1,0.65,0.416,0.824
bdl_3614,Q2_END,2,1200,MIN,False,-2,1,0.6,0.296,0.43
bdl_3614,Q3_7.5,3,1350,MIN,False,-5,1,0.6,0.148,0.0
bdl_3614,Q3_5,3,1500,MIN,False,-3,1,0.68,0.279,0.924
bdl_3614,Q3_2.5,3,1650,MIN,False,-2,1,0.73,0.367,0.6485
bdl_3614,Q3_END,3,1800,MIN,False,-1,1,0.73,0.405,0.6585
bdl_3614,Q4_7.5,4,1950,MIN,False,-4,1,0.73,0.179,0.004
bdl_3614,Q4_5,4,2100,MIN,False,2,1,0.73,0.729,0.9715
bdl_3614,Q4_2.5,4,2250,MIN,False,1,1,0.73,0.628,0.732
bdl_3615,Q2_7.5,2,750,CHI,False,6,1,0.55,0.953,0.953
bdl_3615,Q2_5,2,900,CHI,False,6,1,0.78,0.963,0.988
bdl_3615,Q2_2.5,2,1050,CHI,False,9,1,0.88,0.982,0.945
bdl_3615,Q2_END,2,1200,CHI,False,8,1,0.63,0.95,0.598
bdl_3615,Q3_7.5,3,1350,CHI,False,9,1,0.78,0.959,0.963
bdl_3615,Q3_5,3,1500,NY,True,-2,0,0.6,0.399,0.399
bdl_3615,Q3_2.5,3,1650,NY,True,0,0,0.55,0.492,0.872
bdl_3615,Q3_END,3,1800,NY,True,-4,0,0.55,0.242,0.005
bdl_3615,Q4_7.5,4,1950,NY,True,0,0,0.55,0.49,0.965
bdl_3615,Q4_5,4,2100,CHI,False,7,1,0.52,0.915,0.915
bdl_3615,Q4_2.5,4,2250,CHI,False,13,1,0.57,1.0,1.0
bdl_3616,Q2_7.5,2,750,WSH,False,2,0,0.75,0.686,0.686
bdl_3616,Q2_5,2,900,PHX,True,1,1,0.55,0.592,0.592
bdl_3616,Q2_2.5,2,1050,WSH,False,-4,0,0.57,0.229,0.229
bdl_3616,Q2_END,2,1200,WSH,False,-3,0,0.57,0.267,0.7005
bdl_3616,Q3_7.5,3,1350,WSH,False,1,0,0.68,0.569,1.0
bdl_3616,Q3_5,3,1500,PHX,True,9,1,0.75,0.955,0.955
bdl_3616,Q3_2.5,3,1650,PHX,True,11,1,0.75,0.966,0.983
bdl_3616,Q3_END,3,1800,PHX,True,14,1,1,0.984,0.989
bdl_3616,Q4_7.5,4,1950,PHX,True,12,1,1,0.992,0.9885
bdl_3616,Q4_5,4,2100,PHX,True,7,1,0.8,0.945,0.217
bdl_3616,Q4_2.5,4,2250,PHX,True,10,1,0.95,0.999,1.0
bdl_3617,Q2_7.5,2,750,LA,True,3,0,0.9,0.942,0.942
bdl_3617,Q2_5,2,900,LA,True,6,0,0.83,0.932,0.663
bdl_3617,Q2_2.5,2,1050,LA,True,6,0,0.9,0.954,0.993
bdl_3617,Q2_END,2,1200,LA,True,11,0,0.85,0.99,1.0
bdl_3617,Q3_7.5,3,1350,LA,True,5,0,0.7,0.822,0.0
bdl_3617,Q3_5,3,1500,LA,True,3,0,0.7,0.681,0.17
bdl_3617,Q3_2.5,3,1650,LA,True,2,0,0.73,0.675,0.3505
bdl_3617,Q3_END,3,1800,LA,True,1,0,0.83,0.595,0.245
bdl_3617,Q4_7.5,4,1950,LA,True,-1,0,0.73,0.396,0.031
bdl_3617,Q4_5,4,2100,IND,False,3,1,0.53,0.814,0.814
bdl_3617,Q4_2.5,4,2250,IND,False,6,1,0.65,0.971,0.822
bdl_3618,Q2_7.5,2,750,MIN,True,16,1,0.95,1.0,1.0
bdl_3618,Q2_5,2,900,MIN,True,17,1,1,1.0,1.0
bdl_3618,Q2_2.5,2,1050,MIN,True,12,1,0.88,0.993,0.0
bdl_3618,Q2_END,2,1200,MIN,True,4,1,0.93,0.795,0.0
bdl_3618,Q3_7.5,3,1350,MIN,True,4,1,0.93,0.753,0.649
bdl_3618,Q3_5,3,1500,MIN,True,3,1,0.75,0.643,0.37
bdl_3618,Q3_2.5,3,1650,MIN,True,2,1,0.78,0.593,0.371
bdl_3618,Q3_END,3,1800,MIN,True,8,1,0.78,0.888,0.999
bdl_3618,Q4_7.5,4,1950,MIN,True,12,1,0.85,0.99,1.0
bdl_3618,Q4_5,4,2100,MIN,True,12,1,0.85,0.998,1.0
bdl_3618,Q4_2.5,4,2250,MIN,True,18,1,1,1.0,1.0
bdl_3619,Q2_7.5,2,750,CHI,True,1,0,0.55,0.561,0.561
bdl_3619,Q2_5,2,900,CHI,True,0,0,0.55,0.513,0.112
bdl_3619,Q2_2.5,2,1050,CHI,True,5,0,0.55,0.817,1.0
bdl_3619,Q2_END,2,1200,CHI,True,8,0,0.9,0.959,1.0
bdl_3619,Q3_7.5,3,1350,CHI,True,3,0,0.9,0.705,0.0
bdl_3619,Q3_5,3,1500,CHI,True,1,0,0.6,0.565,0.068
bdl_3619,Q3_2.5,3,1650,CHI,True,-3,0,0.5,0.365,0.062
bdl_3619,Q3_END,3,1800,CHI,True,-2,0,0.75,0.427,0.811
bdl_3619,Q4_7.5,4,1950,CON,False,4,1,0.53,0.817,0.817
bdl_3619,Q4_5,4,2100,CHI,True,1,0,0.63,0.556,0.556
bdl_3619,Q4_2.5,4,2250,CON,False,6,1,0.53,0.961,0.961
bdl_3620,Q2_7.5,2,750,LV,True,-4,1,0.55,0.149,0.149
bdl_3620,Q2_5,2,900,LV,True,2,1,0.77,0.704,1.0
bdl_3620,Q2_2.5,2,1050,LV,True,5,1,0.77,0.843,1.0
bdl_3620,Q2_END,2,1200,LV,True,8,1,0.77,0.945,1.0
bdl_3620,Q3_7.5,3,1350,LV,True,7,1,0.77,0.874,0.009
bdl_3620,Q3_5,3,1500,LV,True,8,1,0.77,0.915,0.999
bdl_3620,Q3_2.5,3,1650,LV,True,12,1,0.9,0.969,0.995
bdl_3620,Q3_END,3,1800,LV,True,16,1,0.95,0.999,1.0
bdl_3620,Q4_7.5,4,1950,LV,True,18,1,0.95,0.999,1.0
bdl_3620,Q4_5,4,2100,LV,True,23,1,0.95,1.0,1.0
bdl_3620,Q4_2.5,4,2250,LV,True,18,1,0.95,1.0,1.0
bdl_3621,Q2_7.5,2,750,SEA,True,10,1,0.9,0.998,0.998
bdl_3621,Q2_5,2,900,SEA,True,11,1,0.9,0.994,0.501
bdl_3621,Q2_2.5,2,1050,SEA,True,14,1,0.8,0.997,1.0
bdl_3621,Q2_END,2,1200,SEA,True,9,1,0.9,0.943,0.0
bdl_3621,Q3_7.5,3,1350,SEA,True,12,1,0.8,0.986,1.0
bdl_3621,Q3_5,3,1500,SEA,True,17,1,0.9,0.999,1.0
bdl_3621,Q3_2.5,3,1650,SEA,True,15,1,1,0.996,0.7175
bdl_3621,Q3_END,3,1800,SEA,True,17,1,0.95,1.0,1.0
bdl_3621,Q4_7.5,4,1950,SEA,True,22,1,0.95,1.0,1.0
bdl_3621,Q4_5,4,2100,SEA,True,25,1,1,1.0,1.0
bdl_3621,Q4_2.5,4,2250,SEA,True,28,1,1,1.0,1.0
bdl_3622,Q2_7.5,2,750,DAL,False,13,1,0.8,1.0,1.0
bdl_3622,Q2_5,2,900,DAL,False,19,1,0.9,1.0,1.0
bdl_3622,Q2_2.5,2,1050,DAL,False,13,1,1,0.996,0.603
bdl_3622,Q2_END,2,1200,DAL,False,17,1,1,0.998,1.0
bdl_3622,Q3_7.5,3,1350,DAL,False,19,1,1,0.999,1.0
bdl_3622,Q3_5,3,1500,DAL,False,16,1,1,0.994,0.217
bdl_3622,Q3_2.5,3,1650,DAL,False,11,1,1,0.965,0.001
bdl_3622,Q3_END,3,1800,DAL,False,7,1,0.53,0.861,0.125
bdl_3622,Q4_7.5,4,1950,PHX,True,-9,0,0.57,0.064,0.064
bdl_3622,Q4_5,4,2100,DAL,False,11,1,0.68,0.977,0.977
bdl_3622,Q4_2.5,4,2250,DAL,False,17,1,0.85,1.0,1.0
bdl_3623,Q2_7.5,2,750,ATL,True,0,0,0.6,0.534,0.534
bdl_3623,Q2_5,2,900,ATL,True,1,0,0.7,0.602,0.8415
bdl_3623,Q2_2.5,2,1050,ATL,True,1,0,0.63,0.522,0.035
bdl_3623,Q2_END,2,1200,MIN,False,4,1,0.53,0.788,0.788
bdl_3623,Q3_7.5,3,1350,MIN,False,10,1,0.73,0.968,1.0
bdl_3623,Q3_5,3,1500,MIN,False,17,1,0.88,1.0,1.0
bdl_3623,Q3_2.5,3,1650,MIN,False,15,1,0.88,0.996,0.713
bdl_3623,Q3_END,3,1800,MIN,False,18,1,0.93,1.0,1.0
bdl_3623,Q4_7.5,4,1950,MIN,False,16,1,0.88,0.999,1.0
bdl_3623,Q4_5,4,2100,MIN,False,13,1,0.88,0.994,0.752
bdl_3623,Q4_2.5,4,2250,MIN,False,9,1,0.88,1.0,0.935
bdl_3624,Q2_7.5,2,750,DAL,False,4,1,0.6,0.765,0.765
bdl_3624,Q2_5,2,900,DAL,False,3,1,0.73,0.819,0.999
bdl_3624,Q2_2.5,2,1050,DAL,False,6,1,0.73,0.939,0.944
bdl_3624,Q2_END,2,1200,DAL,False,7,1,0.73,0.928,0.958
bdl_3624,Q3_7.5,3,1350,DAL,False,4,1,0.68,0.767,0.004
bdl_3624,Q3_5,3,1500,DAL,False,10,1,0.85,0.961,1.0
bdl_3624,Q3_2.5,3,1650,DAL,False,10,1,0.85,0.984,1.0
bdl_3624,Q3_END,3,1800,DAL,False,7,1,0.75,0.929,0.017
bdl_3624,Q4_7.5,4,1950,DAL,False,5,1,0.75,0.869,0.379
bdl_3624,Q4_5,4,2100,DAL,False,1,1,0.6,0.678,0.043
bdl_3624,Q4_2.5,4,2250,DAL,False,1,1,0.6,0.692,0.687
bdl_3625,Q2_7.5,2,750,PHX,False,0,0,0.73,0.325,0.325
bdl_3625,Q2_5,2,900,CON,True,9,1,0.73,0.986,0.986
bdl_3625,Q2_2.5,2,1050,CON,True,18,1,0.95,1.0,1.0
bdl_3625,Q2_END,2,1200,CON,True,13,1,0.95,0.999,0.746
bdl_3625,Q3_7.5,3,1350,CON,True,13,1,0.95,0.997,0.455
bdl_3625,Q3_5,3,1500,CON,True,17,1,0.95,1.0,1.0
bdl_3625,Q3_2.5,3,1650,CON,True,20,1,0.95,1.0,1.0
bdl_3625,Q3_END,3,1800,CON,True,18,1,0.95,1.0,0.9885
bdl_3625,Q4_7.5,4,1950,CON,True,24,1,0.95,1.0,1.0
bdl_3625,Q4_5,4,2100,CON,True,24,1,0.95,1.0,1.0
bdl_3625,Q4_2.5,4,2250,CON,True,22,1,0.8,1.0,1.0
bdl_3626,Q2_7.5,2,750,LA,False,4,1,0.8,0.884,0.884
bdl_3626,Q2_5,2,900,LA,False,4,1,0.88,0.824,0.639
bdl_3626,Q2_2.5,2,1050,LA,False,7,1,0.8,0.934,1.0
bdl_3626,Q2_END,2,1200,LA,False,5,1,0.8,0.837,0.101
bdl_3626,Q3_7.5,3,1350,LA,False,-4,1,0.65,0.192,0.0
bdl_3626,Q3_5,3,1500,LA,False,-2,1,0.68,0.359,0.797
bdl_3626,Q3_2.5,3,1650,LA,False,-4,1,0.53,0.199,0.0
bdl_3626,Q3_END,3,1800,LA,False,4,1,0.68,0.737,1.0
bdl_3626,Q4_7.5,4,1950,LA,False,1,1,0.68,0.643,0.142
bdl_3626,Q4_5,4,2100,LA,False,8,1,0.68,0.963,1.0
bdl_3626,Q4_2.5,4,2250,LA,False,8,1,0.88,0.987,0.979
bdl_3627,Q2_7.5,2,750,CHI,True,1,0,0.53,0.465,0.465
bdl_3627,Q2_5,2,900,CHI,True,4,0,0.73,0.686,1.0
bdl_3627,Q2_2.5,2,1050,CHI,True,0,0,0.68,0.492,0.005
bdl_3627,Q2_END,2,1200,CHI,True,-1,0,0.57,0.412,0.186
bdl_3627,Q3_7.5,3,1350,SEA,False,4,1,0.78,0.798,0.798
bdl_3627,Q3_5,3,1500,SEA,False,9,1,0.78,0.935,1.0
bdl_3627,Q3_2.5,3,1650,SEA,False,8,1,0.65,0.945,0.931
bdl_3627,Q3_END,3,1800,SEA,False,12,1,0.8,0.975,1.0
bdl_3627,Q4_7.5,4,1950,SEA,False,19,1,0.8,1.0,1.0
bdl_3627,Q4_5,4,2100,CHI,True,-7,0,0.5,0.021,0.021
bdl_3627,Q4_2.5,4,2250,CHI,True,-5,0,0.5,0.049,0.0
bdl_3628,Q2_7.5,2,750,NY,True,11,0,0.88,0.997,0.997
bdl_3628,Q2_5,2,900,NY,True,3,0,0.88,0.821,0.0
bdl_3628,Q2_2.5,2,1050,NY,True,4,0,0.88,0.85,0.996
bdl_3628,Q2_END,2,1200,NY,True,3,0,0.78,0.662,0.002
bdl_3628,Q3_7.5,3,1350,NY,True,7,0,0.78,0.834,0.961
bdl_3628,Q3_5,3,1500,NY,True,3,0,0.78,0.757,0.349
bdl_3628,Q3_2.5,3,1650,NY,True,3,0,0.57,0.64,0.726
bdl_3628,Q3_END,3,1800,NY,True,1,0,0.57,0.569,0.111
bdl_3628,Q4_7.5,4,1950,PHX,False,5,1,0.57,0.816,0.816
bdl_3628,Q4_5,4,2100,NY,True,2,0,0.65,0.661,0.661
bdl_3628,Q4_2.5,4,2250,PHX,False,3,1,0.57,0.792,0.792
bdl_3629,Q2_7.5,2,750,WSH,True,4,0,0.5,0.85,0.85
bdl_3629,Q2_5,2,900,WSH,True,5,0,0.68,0.814,0.338
bdl_3629,Q2_2.5,2,1050,ATL,False,-3,1,0.57,0.28,0.28
bdl_3629,Q2_END,2,1200,ATL,False,4,1,0.88,0.757,1.0
bdl_3629,Q3_7.5,3,1350,ATL,False,1,1,0.73,0.562,0.0165
bdl_3629,Q3_5,3,1500,ATL,False,-4,1,0.57,0.239,0.0
bdl_3629,Q3_2.5,3,1650,ATL,False,1,1,0.73,0.621,1.0
bdl_3629,Q3_END,3,1800,WSH,True,0,0,0.5,0.488,0.488
bdl_3629,Q4_7.5,4,1950,WSH,True,-1,0,0.5,0.463,0.584
bdl_3629,Q4_5,4,2100,ATL,False,3,1,0.73,0.747,0.747
bdl_3629,Q4_2.5,4,2250,ATL,False,5,1,0.88,0.937,0.991
bdl_3630,Q2_7.5,2,750,LV,False,5,1,0.75,0.931,0.931
bdl_3630,Q2_5,2,900,MIN,True,-2,0,0.7,0.281,0.281
bdl_3630,Q2_2.5,2,1050,MIN,True,-3,0,0.6,0.361,0.823
bdl_3630,Q2_END,2,1200,LV,False,9,1,0.7,0.966,0.966
bdl_3630,Q3_7.5,3,1350,LV,False,8,1,0.55,0.929,0.49
bdl_3630,Q3_5,3,1500,LV,False,9,1,0.8,0.951,0.967
bdl_3630,Q3_2.5,3,1650,LV,False,6,1,0.8,0.836,0.134
bdl_3630,Q3_END,3,1800,LV,False,6,1,0.6,0.847,0.425
bdl_3630,Q4_7.5,4,1950,LV,False,7,1,0.7,0.923,0.9985
bdl_3630,Q4_5,4,2100,LV,False,13,1,0.85,0.999,1.0
bdl_3630,Q4_2.5,4,2250,LV,False,14,1,0.85,1.0,1.0
bdl_3631,Q2_7.5,2,750,SEA,False,7,1,0.88,0.964,0.964
bdl_3631,Q2_5,2,900,SEA,False,8,1,0.95,0.967,0.9435
bdl_3631,Q2_2.5,2,1050,SEA,False,7,1,0.95,0.9085,0.409
bdl_3631,Q2_END,2,1200,SEA,False,6,1,0.9,0.821,0.042
bdl_3631,Q3_7.5,3,1350,SEA,False,13,1,0.95,0.9915,1.0
bdl_3631,Q3_5,3,1500,SEA,False,13,1,0.95,0.993,1.0
bdl_3631,Q3_2.5,3,1650,SEA,False,19,1,0.95,0.999,1.0
bdl_3631,Q3_END,3,1800,SEA,False,22,1,0.95,1.0,1.0
bdl_3631,Q4_7.5,4,1950,SEA,False,21,1,0.95,1.0,0.996
bdl_3631,Q4_5,4,2100,SEA,False,27,1,0.95,1.0,1.0
bdl_3631,Q4_2.5,4,2250,SEA,False,16,1,0.85,1.0,0.743
bdl_3632,Q2_7.5,2,750,CHI,True,8,1,0.95,0.98,0.98
bdl_3632,Q2_5,2,900,CHI,True,13,1,0.85,1.0,1.0
bdl_3632,Q2_2.5,2,1050,CHI,True,16,1,0.9,1.0,1.0
bdl_3632,Q2_END,2,1200,CHI,True,18,1,0.85,1.0,1.0
bdl_3632,Q3_7.5,3,1350,CHI,True,18,1,1,0.999,1.0
bdl_3632,Q3_5,3,1500,CHI,True,18,1,0.95,0.999,1.0
bdl_3632,Q3_2.5,3,1650,CHI,True,15,1,0.85,0.994,0.045
bdl_3632,Q3_END,3,1800,CHI,True,9,1,0.85,0.957,0.008
bdl_3632,Q4_7.5,4,1950,CHI,True,11,1,0.85,0.996,1.0
bdl_3632,Q4_5,4,2100,CHI,True,11,1,0.85,0.997,0.996
bdl_3632,Q4_2.5,4,2250,CHI,True,12,1,0.85,1.0,1.0
bdl_3633,Q2_7.5,2,750,LV,False,7,0,0.83,0.976,0.976
bdl_3633,Q2_5,2,900,LV,False,5,0,0.83,0.914,0.085
bdl_3633,Q2_2.5,2,1050,LV,False,3,0,0.73,0.73,0.05
bdl_3633,Q2_END,2,1200,LV,False,6,0,0.65,0.909,0.999
bdl_3633,Q3_7.5,3,1350,LV,False,9,0,0.85,0.975,0.997
bdl_3633,Q3_5,3,1500,LV,False,6,0,0.75,0.89,0.014
bdl_3633,Q3_2.5,3,1650,LV,False,-2,0,0.52,0.343,0.0
bdl_3633,Q3_END,3,1800,LV,False,0,0,0.52,0.456,0.847
bdl_3633,Q4_7.5,4,1950,LV,False,4,0,0.52,0.777,0.777
bdl_3633,Q4_5,4,2100,ATL,True,5,1,0.68,0.856,0.856
bdl_3633,Q4_2.5,4,2250,ATL,True,4,1,0.68,0.925,0.881
bdl_3634,Q2_7.5,2,750,DAL,False,1,1,0.68,0.665,0.665
bdl_3634,Q2_5,2,900,DAL,False,-3,1,0.68,0.333,0.006
bdl_3634,Q2_2.5,2,1050,CON,True,6,0,0.6,0.929,0.929
bdl_3634,Q2_END,2,1200,CON,True,6,0,0.53,0.885,0.781
bdl_3634,Q3_7.5,3,1350,CON,True,8,0,0.68,0.959,0.997
bdl_3634,Q3_5,3,1500,CON,True,10,0,0.68,0.976,0.998
bdl_3634,Q3_2.5,3,1650,CON,True,14,0,0.83,0.999,1.0
bdl_3634,Q3_END,3,1800,CON,True,9,0,0.58,0.969,0.011
bdl_3634,Q4_7.5,4,1950,DAL,False,-7,1,0.5,0.069,0.069
bdl_3634,Q4_5,4,2100,DAL,False,-4,1,0.5,0.186,0.57
bdl_3634,Q4_2.5,4,2250,DAL,False,0,1,0.65,0.506,0.902
bdl_3635,Q2_7.5,2,750,NY,True,12,1,0.93,1.0,1.0
bdl_3635,Q2_5,2,900,NY,True,12,1,0.93,0.997,0.268
bdl_3635,Q2_2.5,2,1050,NY,True,9,1,0.93,0.98,0.533
bdl_3635,Q2_END,2,1200,NY,True,4,1,0.83,0.767,0.0
bdl_3635,Q3_7.5,3,1350,NY,True,6,1,0.83,0.866,0.995
bdl_3635,Q3_5,3,1500,NY,True,5,1,0.83,0.82,0.46
bdl_3635,Q3_2.5,3,1650,NY,True,5,1,0.68,0.754,0.129
bdl_3635,Q3_END,3,1800,NY,True,3,1,0.83,0.683,0.827
bdl_3635,Q4_7.5,4,1950,WSH,False,-3,0,0.53,0.266,0.266
bdl_3635,Q4_5,4,2100,WSH,False,1,0,0.53,0.523,0.894
bdl_3635,Q4_2.5,4,2250,NY,True,7,1,0.53,0.988,0.988
bdl_3636,Q2_7.5,2,750,MIN,True,13,1,0.9,1.0,1.0
bdl_3636,Q2_5,2,900,MIN,True,17,1,0.9,1.0,1.0
bdl_3636,Q2_2.5,2,1050,MIN,True,21,1,1,1.0,1.0
bdl_3636,Q2_END,2,1200,MIN,True,24,1,1,1.0,0.997
bdl_3636,Q3_7.5,3,1350,MIN,True,21,1,1,1.0,0.5005
bdl_3636,Q3_5,3,1500,MIN,True,15,1,0.9,0.997,0.3355
bdl_3636,Q3_2.5,3,1650,MIN,True,17,1,0.85,0.999,0.929
bdl_3636,Q3_END,3,1800,MIN,True,23,1,0.85,1.0,1.0
bdl_3636,Q4_7.5,4,1950,MIN,True,23,1,0.85,1.0,0.987
bdl_3636,Q4_5,4,2100,MIN,True,21,1,0.85,1.0,1.0
bdl_3636,Q4_2.5,4,2250,MIN,True,22,1,0.85,1.0,1.0
bdl_3637,Q2_7.5,2,750,IND,True,2,1,0.7,0.69,0.69
bdl_3637,Q2_5,2,900,IND,True,-2,1,0.7,0.325,0.0
bdl_3637,Q2_2.5,2,1050,IND,True,-5,1,0.63,0.105,0.0
bdl_3637,Q2_END,2,1200,IND,True,2,1,0.7,0.691,1.0
bdl_3637,Q3_7.5,3,1350,IND,True,2,1,0.77,0.673,0.6395
bdl_3637,Q3_5,3,1500,IND,True,4,1,0.77,0.803,0.972
bdl_3637,Q3_2.5,3,1650,IND,True,2,1,0.7,0.667,0.57
bdl_3637,Q3_END,3,1800,IND,True,5,1,0.77,0.854,0.898
bdl_3637,Q4_7.5,4,1950,IND,True,2,1,0.77,0.669,0.194
bdl_3637,Q4_5,4,2100,IND,True,6,1,0.77,0.955,1.0
bdl_3637,Q4_2.5,4,2250,IND,True,5,1,0.77,0.957,0.985
bdl_3638,Q2_7.5,2,750,ATL,True,0,0,0.77,0.455,0.455
bdl_3638,Q2_5,2,900,ATL,True,-1,0,0.53,0.352,0.073
bdl_3638,Q2_2.5,2,1050,CON,False,9,1,0.73,0.972,0.972
bdl_3638,Q2_END,2,1200,CON,False,12,1,0.85,0.995,1.0
bdl_3638,Q3_7.5,3,1350,CON,False,14,1,0.85,0.998,0.9845
bdl_3638,Q3_5,3,1500,CON,False,19,1,0.85,1.0,1.0
bdl_3638,Q3_2.5,3,1650,CON,False,18,1,0.85,1.0,1.0
bdl_3638,Q3_END,3,1800,CON,False,14,1,0.85,0.999,0.074
bdl_3638,Q4_7.5,4,1950,CON,False,16,1,0.85,1.0,0.999
bdl_3638,Q4_5,4,2100,CON,False,16,1,0.85,0.999,1.0
bdl_3638,Q4_2.5,4,2250,CON,False,19,1,0.85,1.0,1.0
bdl_3639,Q2_7.5,2,750,PHX,True,6,1,0.9,0.871,0.871
bdl_3639,Q2_5,2,900,PHX,True,9,1,1,0.985,1.0
bdl_3639,Q2_2.5,2,1050,PHX,True,13,1,0.9,0.996,1.0
bdl_3639,Q2_END,2,1200,PHX,True,17,1,1,1.0,1.0
bdl_3639,Q3_7.5,3,1350,PHX,True,22,1,0.9,1.0,1.0
bdl_3639,Q3_5,3,1500,PHX,True,18,1,1,1.0,0.24
bdl_3639,Q3_2.5,3,1650,PHX,True,21,1,1,1.0,1.0
bdl_3639,Q3_END,3,1800,PHX,True,22,1,1,1.0,1.0
bdl_3639,Q4_7.5,4,1950,PHX,True,21,1,1,1.0,0.987
bdl_3639,Q4_5,4,2100,PHX,True,14,1,1,0.999,0.4965
bdl_3639,Q4_2.5,4,2250,PHX,True,16,1,0.95,1.0,1.0
bdl_3640,Q2_7.5,2,750,NY,True,17,1,0.93,1.0,1.0
bdl_3640,Q2_5,2,900,NY,True,17,1,0.8,1.0,0.878
bdl_3640,Q2_2.5,2,1050,NY,True,16,1,0.8,1.0,0.7655
bdl_3640,Q2_END,2,1200,NY,True,18,1,0.9,1.0,0.996
bdl_3640,Q3_7.5,3,1350,NY,True,16,1,0.83,0.998,0.6135
bdl_3640,Q3_5,3,1500,NY,True,19,1,0.93,1.0,1.0
bdl_3640,Q3_2.5,3,1650,NY,True,27,1,0.93,1.0,1.0
bdl_3640,Q3_END,3,1800,NY,True,29,1,0.85,1.0,1.0
bdl_3640,Q4_7.5,4,1950,NY,True,30,1,1,1.0,1.0
bdl_3640,Q4_5,4,2100,NY,True,31,1,1,1.0,1.0
bdl_3640,Q4_2.5,4,2250,NY,True,33,1,1,1.0,1.0
bdl_3641,Q2_7.5,2,750,MIN,True,-2,1,0.53,0.301,0.301
bdl_3641,Q2_5,2,900,DAL,False,9,0,0.78,0.955,0.955
bdl_3641,Q2_2.5,2,1050,DAL,False,3,0,0.75,0.726,0.0
bdl_3641,Q2_END,2,1200,DAL,False,-1,0,0.52,0.518,0.027
bdl_3641,Q3_7.5,3,1350,MIN,True,5,1,0.83,0.844,0.844
bdl_3641,Q3_5,3,1500,MIN,True,6,1,0.77,0.885,0.972
bdl_3641,Q3_2.5,3,1650,MIN,True,2,1,0.77,0.615,0.034
bdl_3641,Q3_END,3,1800,MIN,True,4,1,0.77,0.774,0.966
bdl_3641,Q4_7.5,4,1950,MIN,True,8,1,0.77,0.933,1.0
bdl_3641,Q4_5,4,2100,MIN,True,18,1,0.9,1.0,1.0
bdl_3641,Q4_2.5,4,2250,MIN,True,14,1,0.9,1.0,1.0
bdl_3642,Q2_7.5,2,750,CON,True,1,1,0.8,0.841,0.841
bdl_3642,Q2_5,2,900,CON,True,5,1,0.8,0.914,0.949
bdl_3642,Q2_2.5,2,1050,CON,True,0,1,0.9,0.605,0.0
bdl_3642,Q2_END,2,1200,CON,True,-1,1,0.75,0.367,0.004
bdl_3642,Q3_7.5,3,1350,CON,True,4,1,0.9,0.808,1.0
bdl_3642,Q3_5,3,1500,CON,True,9,1,0.8,0.952,0.995
bdl_3642,Q3_2.5,3,1650,CON,True,10,1,0.9,0.98,1.0
bdl_3642,Q3_END,3,1800,CON,True,15,1,0.9,0.999,0.996
bdl_3642,Q4_7.5,4,1950,CON,True,14,1,0.9,1.0,1.0
bdl_3642,Q4_5,4,2100,CON,True,13,1,0.9,1.0,0.999
bdl_3642,Q4_2.5,4,2250,CON,True,13,1,0.9,1.0,1.0
bdl_3643,Q2_7.5,2,750,NY,False,11,1,0.8,0.999,0.999
bdl_3643,Q2_5,2,900,NY,False,13,1,0.8,1.0,1.0
bdl_3643,Q2_2.5,2,1050,NY,False,2,1,0.7,0.733,0.0
bdl_3643,Q2_END,2,1200,NY,False,3,1,0.7,0.748,0.282
bdl_3643,Q3_7.5,3,1350,NY,False,2,1,0.6,0.648,0.306
bdl_3643,Q3_5,3,1500,NY,False,3,1,0.6,0.696,0.8335
bdl_3643,Q3_2.5,3,1650,NY,False,2,1,0.75,0.627,0.297
bdl_3643,Q3_END,3,1800,NY,False,-1,1,0.75,0.382,0.005
bdl_3643,Q4_7.5,4,1950,NY,False,7,1,0.75,0.929,1.0
bdl_3643,Q4_5,4,2100,NY,False,11,1,0.85,0.995,1.0
bdl_3643,Q4_2.5,4,2250,NY,False,12,1,0.75,1.0,1.0
bdl_3644,Q2_7.5,2,750,SEA,True,14,1,0.93,1.0,1.0
bdl_3644,Q2_5,2,900,SEA,True,19,1,0.93,1.0,1.0
bdl_3644,Q2_2.5,2,1050,SEA,True,19,1,0.93,1.0,0.986
bdl_3644,Q2_END,2,1200,SEA,True,13,1,0.85,0.996,0.0
bdl_3644,Q3_7.5,3,1350,SEA,True,18,1,0.93,1.0,1.0
bdl_3644,Q3_5,3,1500,SEA,True,19,1,0.93,1.0,0.9985
bdl_3644,Q3_2.5,3,1650,SEA,True,14,1,0.85,0.995,0.036
bdl_3644,Q3_END,3,1800,SEA,True,21,1,0.93,1.0,1.0
bdl_3644,Q4_7.5,4,1950,SEA,True,19,1,0.93,1.0,1.0
bdl_3644,Q4_5,4,2100,SEA,True,19,1,0.93,1.0,1.0
bdl_3644,Q4_2.5,4,2250,SEA,True,14,1,0.93,1.0,1.0
bdl_3645,Q2_7.5,2,750,LV,False,18,1,1,1.0,1.0
bdl_3645,Q2_5,2,900,LV,False,16,1,0.93,1.0,0.3375
bdl_3645,Q2_2.5,2,1050,LV,False,11,1,0.78,0.996,0.11
bdl_3645,Q2_END,2,1200,LV,False,5,1,0.78,0.865,0.0
bdl_3645,Q3_7.5,3,1350,LV,False,6,1,0.78,0.865,0.991
bdl_3645,Q3_5,3,1500,LV,False,6,1,0.78,0.868,0.7815
bdl_3645,Q3_2.5,3,1650,LV,False,6,1,0.78,0.897,0.679
bdl_3645,Q3_END,3,1800,LV,False,14,1,0.85,0.994,1.0
bdl_3645,Q4_7.5,4,1950,LV,False,17,1,0.85,1.0,1.0
bdl_3645,Q4_5,4,2100,LV,False,15,1,0.85,0.998,0.997
bdl_3645,Q4_2.5,4,2250,LV,False,15,1,0.8,1.0,1.0
bdl_3646,Q2_7.5,2,750,MIN,False,20,1,0.95,1.0,1.0
bdl_3646,Q2_5,2,900,MIN,False,20,1,0.95,1.0,0.9835
bdl_3646,Q2_2.5,2,1050,MIN,False,18,1,0.95,1.0,0.485
bdl_3646,Q2_END,2,1200,MIN,False,19,1,0.9,1.0,1.0
bdl_3646,Q3_7.5,3,1350,MIN,False,18,1,0.9,1.0,0.833
bdl_3646,Q3_5,3,1500,MIN,False,24,1,0.9,1.0,1.0
bdl_3646,Q3_2.5,3,1650,MIN,False,26,1,0.9,1.0,1.0
bdl_3646,Q3_END,3,1800,MIN,False,18,1,0.9,1.0,0.0
bdl_3646,Q4_7.5,4,1950,MIN,False,16,1,0.9,1.0,0.811
bdl_3646,Q4_5,4,2100,MIN,False,14,1,0.8,1.0,0.997
bdl_3646,Q4_2.5,4,2250,MIN,False,16,1,0.9,1.0,1.0
bdl_3647,Q2_7.5,2,750,WSH,True,2,0,0.95,0.716,0.716
bdl_3647,Q2_5,2,900,WSH,True,11,0,0.95,0.994,1.0
bdl_3647,Q2_2.5,2,1050,WSH,True,10,0,0.95,0.976,0.546
bdl_3647,Q2_END,2,1200,WSH,True,9,0,0.95,0.971,0.947
bdl_3647,Q3_7.5,3,1350,WSH,True,11,0,0.95,0.986,1.0
bdl_3647,Q3_5,3,1500,WSH,True,3,0,0.95,0.688,0.0
bdl_3647,Q3_2.5,3,1650,WSH,True,-2,0,0.73,0.307,0.0
bdl_3647,Q3_END,3,1800,WSH,True,-6,0,0.73,0.117,0.0
bdl_3647,Q4_7.5,4,1950,WSH,True,-6,0,0.73,0.1,0.03
bdl_3647,Q4_5,4,2100,WSH,True,-3,0,0.88,0.186,0.882
bdl_3647,Q4_2.5,4,2250,WSH,True,-4,0,0.83,0.18,0.063
bdl_3648,Q2_7.5,2,750,NY,False,2,1,0.73,0.733,0.733
bdl_3648,Q2_5,2,900,NY,False,2,1,0.73,0.67,0.646
bdl_3648,Q2_2.5,2,1050,NY,False,0,1,0.73,0.475,0.035
bdl_3648,Q2_END,2,1200,NY,False,6,1,0.63,0.906,1.0
bdl_3648,Q3_7.5,3,1350,NY,False,11,1,1,0.985,1.0
bdl_3648,Q3_5,3,1500,NY,False,11,1,1,0.989,0.988
bdl_3648,Q3_2.5,3,1650,NY,False,8,1,1,0.927,0.927
bdl_3648,Q3_END,3,1800,NY,False,7,1,0.93,0.923,0.985
bdl_3648,Q4_7.5,4,1950,NY,False,13,1,0.93,0.998,1.0
bdl_3648,Q4_5,4,2100,NY,False,15,1,0.93,1.0,1.0
bdl_3648,Q4_2.5,4,2250,NY,False,14,1,0.83,1.0,1.0
bdl_3649,Q2_7.5,2,750,IND,False,9,1,0.85,0.983,0.983
bdl_3649,Q2_5,2,900,IND,False,9,1,0.85,0.984,0.876
bdl_3649,Q2_2.5,2,1050,IND,False,2,1,0.8,0.646,0.0
bdl_3649,Q2_END,2,1200,IND,False,2,1,0.8,0.621,0.596
bdl_3649,Q3_7.5,3,1350,IND,False,4,1,0.88,0.758,0.928
bdl_3649,Q3_5,3,1500,WSH,True,3,0,0.53,0.725,0.725
bdl_3649,Q3_2.5,3,1650,IND,False,1,1,0.58,0.583,0.583
bdl_3649,Q3_END,3,1800,IND,False,2,1,0.83,0.628,0.747
bdl_3649,Q4_7.5,4,1950,IND,False,5,1,0.83,0.826,0.989
bdl_3649,Q4_5,4,2100,IND,False,2,1,0.9,0.737,0.7145
bdl_3649,Q4_2.5,4,2250,IND,False,4,1,0.83,0.871,0.884
bdl_3650,Q2_7.5,2,750,SEA,False,-2,1,0.68,0.273,0.273
bdl_3650,Q2_5,2,900,SEA,False,2,1,0.78,0.7,0.999
bdl_3650,Q2_2.5,2,1050,SEA,False,6,1,0.68,0.899,1.0
bdl_3650,Q2_END,2,1200,SEA,False,8,1,0.78,0.961,0.999
bdl_3650,Q3_7.5,3,1350,SEA,False,12,1,0.78,0.985,0.999
bdl_3650,Q3_5,3,1500,SEA,False,8,1,0.78,0.946,0.282
bdl_3650,Q3_2.5,3,1650,SEA,False,5,1,0.7,0.813,0.0
bdl_3650,Q3_END,3,1800,SEA,False,3,1,0.7,0.752,0.634
bdl_3650,Q4_7.5,4,1950,SEA,False,5,1,0.55,0.835,0.595
bdl_3650,Q4_5,4,2100,SEA,False,6,1,0.65,0.933,1.0
bdl_3650,Q4_2.5,4,2250,SEA,False,10,1,0.75,0.999,1.0
bdl_3651,Q2_7.5,2,750,LA,True,0,1,0.75,0.632,0.632
bdl_3651,Q2_5,2,900,LA,True,-2,1,0.65,0.323,0.0
bdl_3651,Q2_2.5,2,1050,LA,True,-6,1,0.65,0.132,0.003
bdl_3651,Q2_END,2,1200,LA,True,-6,1,0.58,0.091,0.0
bdl_3651,Q3_7.5,3,1350,LA,True,-4,1,0.75,0.202,0.996
bdl_3651,Q3_5,3,1500,LA,True,-2,1,0.68,0.317,0.854
bdl_3651,Q3_2.5,3,1650,LA,True,-3,1,0.75,0.39,0.82
bdl_3651,Q3_END,3,1800,LA,True,-2,1,0.75,0.351,0.106
bdl_3651,Q4_7.5,4,1950,LA,True,1,1,0.77,0.555,0.946
bdl_3651,Q4_5,4,2100,LA,True,7,1,0.83,0.941,1.0
bdl_3651,Q4_2.5,4,2250,LA,True,7,1,0.83,0.989,1.0
bdl_3652,Q2_7.5,2,750,MIN,False,-2,1,0.55,0.294,0.294
bdl_3652,Q2_5,2,900,PHX,True,-1,0,0.6,0.43,0.43
bdl_3652,Q2_2.5,2,1050,PHX,True,1,0,0.6,0.503,0.539
bdl_3652,Q2_END,2,1200,PHX,True,3,0,0.75,0.767,1.0
bdl_3652,Q3_7.5,3,1350,PHX,True,5,0,0.6,0.747,0.331
bdl_3652,Q3_5,3,1500,PHX,True,7,0,0.9,0.89,1.0
bdl_3652,Q3_2.5,3,1650,MIN,False,2,1,0.63,0.697,0.697
bdl_3652,Q3_END,3,1800,MIN,False,6,1,0.63,0.867,0.876
bdl_3652,Q4_7.5,4,1950,MIN,False,5,1,0.6,0.846,0.565
bdl_3652,Q4_5,4,2100,MIN,False,6,1,0.6,0.897,0.707
bdl_3652,Q4_2.5,4,2250,MIN,False,4,1,0.6,0.855,0.85
bdl_3653,Q2_7.5,2,750,NY,False,3,1,0.78,0.861,0.861
bdl_3653,Q2_5,2,900,NY,False,0,1,0.65,0.467,0.0
bdl_3653,Q2_2.5,2,1050,NY,False,-1,1,0.55,0.383,0.1845
bdl_3653,Q2_END,2,1200,NY,False,0,1,0.63,0.479,0.7805
bdl_3653,Q3_7.5,3,1350,NY,False,-1,1,0.73,0.482,0.751
bdl_3653,Q3_5,3,1500,NY,False,-7,1,0.83,0.107,0.0
bdl_3653,Q3_2.5,3,1650,NY,False,-3,1,0.78,0.277,1.0
bdl_3653,Q3_END,3,1800,NY,False,-3,1,0.73,0.303,0.267
bdl_3653,Q4_7.5,4,1950,NY,False,0,1,0.83,0.502,0.9525
bdl_3653,Q4_5,4,2100,NY,False,3,1,0.8,0.767,1.0
bdl_3653,Q4_2.5,4,2250,NY,False,4,1,0.8,0.869,0.77
bdl_3654,Q2_7.5,2,750,ATL,False,16,1,1,1.0,1.0
bdl_3654,Q2_5,2,900,ATL,False,12,1,0.95,0.999,0.0005
bdl_3654,Q2_2.5,2,1050,ATL,False,10,1,0.85,0.98,0.001
bdl_3654,Q2_END,2,1200,ATL,False,12,1,0.85,0.993,1.0
bdl_3654,Q3_7.5,3,1350,ATL,False,10,1,0.85,0.982,0.273
bdl_3654,Q3_5,3,1500,ATL,False,11,1,0.95,0.978,0.97
bdl_3654,Q3_2.5,3,1650,ATL,False,12,1,0.95,0.992,0.997
bdl_3654,Q3_END,3,1800,ATL,False,15,1,0.95,0.999,1.0
bdl_3654,Q4_7.5,4,1950,ATL,False,11,1,0.95,0.993,0.403
bdl_3654,Q4_5,4,2100,ATL,False,3,1,0.7,0.728,0.002
bdl_3654,Q4_2.5,4,2250,ATL,False,7,1,0.85,0.988,1.0
bdl_3655,Q2_7.5,2,750,NY,True,2,1,0.65,0.774,0.774
bdl_3655,Q2_5,2,900,NY,True,-1,1,0.5,0.401,0.0
bdl_3655,Q2_2.5,2,1050,NY,True,0,1,0.53,0.509,0.764
bdl_3655,Q2_END,2,1200,WSH,False,0,0,0.57,0.477,0.477
bdl_3655,Q3_7.5,3,1350,NY,True,3,1,0.57,0.709,0.709
bdl_3655,Q3_5,3,1500,WSH,False,1,0,0.6,0.562,0.562
bdl_3655,Q3_2.5,3,1650,WSH,False,-3,0,0.68,0.292,0.005
bdl_3655,Q3_END,3,1800,WSH,False,-2,0,0.68,0.29,0.625
bdl_3655,Q4_7.5,4,1950,WSH,False,-3,0,0.57,0.259,0.1795
bdl_3655,Q4_5,4,2100,WSH,False,-7,0,0.68,0.078,0.0
bdl_3655,Q4_2.5,4,2250,WSH,False,-5,0,0.68,0.095,0.017
bdl_3656,Q2_7.5,2,750,DAL,True,-2,1,0.6,0.298,0.298
bdl_3656,Q2_5,2,900,DAL,True,3,1,0.6,0.799,1.0
bdl_3656,Q2_2.5,2,1050,DAL,True,3,1,0.6,0.669,0.033
bdl_3656,Q2_END,2,1200,PHX,False,3,0,0.63,0.711,0.711
bdl_3656,Q3_7.5,3,1350,DAL,True,2,1,0.6,0.622,0.622
bdl_3656,Q3_5,3,1500,DAL,True,6,1,0.9,0.928,1.0
bdl_3656,Q3_2.5,3,1650,DAL,True,-2,1,0.73,0.337,0.0
bdl_3656,Q3_END,3,1800,DAL,True,-2,1,0.53,0.393,0.3575
bdl_3656,Q4_7.5,4,1950,PHX,False,2,0,0.55,0.659,0.659
bdl_3656,Q4_5,4,2100,PHX,False,1,0,0.55,0.589,0.4045
bdl_3656,Q4_2.5,4,2250,DAL,True,1,1,0.53,0.601,0.601
bdl_3657,Q2_7.5,2,750,MIN,True,7,1,0.85,0.951,0.951
bdl_3657,Q2_5,2,900,MIN,True,-2,1,0.8,0.409,0.0
bdl_3657,Q2_2.5,2,1050,MIN,True,-8,1,0.63,0.051,0.0
bdl_3657,Q2_END,2,1200,MIN,True,-7,1,0.68,0.093,0.5425
bdl_3657,Q3_7.5,3,1350,MIN,True,-1,1,0.68,0.338,0.979
bdl_3657,Q3_5,3,1500,MIN,True,-1,1,0.63,0.425,1.0
bdl_3657,Q3_2.5,3,1650,MIN,True,5,1,0.68,0.838,0.9985
bdl_3657,Q3_END,3,1800,MIN,True,7,1,0.68,0.893,0.843
bdl_3657,Q4_7.5,4,1950,MIN,True,9,1,0.68,0.963,0.991
bdl_3657,Q4_5,4,2100,MIN,True,7,1,0.68,0.951,0.966
bdl_3657,Q4_2.5,4,2250,MIN,True,16,1,0.68,1.0,1.0
bdl_3658,Q2_7.5,2,750,LA,True,-1,1,0.5,0.44,0.44
bdl_3658,Q2_5,2,900,LA,True,0,1,0.68,0.537,0.913
bdl_3658,Q2_2.5,2,1050,LA,True,-2,1,0.5,0.332,0.021
bdl_3658,Q2_END,2,1200,LV,False,1,0,0.6,0.568,0.568
bdl_3658,Q3_7.5,3,1350,LV,False,-4,0,0.6,0.264,0.0
bdl_3658,Q3_5,3,1500,LA,True,6,1,0.5,0.886,0.886
bdl_3658,Q3_2.5,3,1650,LA,True,8,1,0.6,0.921,0.887
bdl_3658,Q3_END,3,1800,LA,True,9,1,0.6,0.959,0.991
bdl_3658,Q4_7.5,4,1950,LA,True,7,1,0.5,0.898,0.598
bdl_3658,Q4_5,4,2100,LV,False,-1,0,0.6,0.39,0.39
bdl_3658,Q4_2.5,4,2250,LA,True,4,1,0.5,0.84,0.84
bdl_3659,Q2_7.5,2,750,CON,True,10,1,1,1.0,1.0
bdl_3659,Q2_5,2,900,CON,True,13,1,1,0.993,0.259
bdl_3659,Q2_2.5,2,1050,CON,True,13,1,1,0.996,0.998
bdl_3659,Q2_END,2,1200,CON,True,18,1,1,1.0,1.0
bdl_3659,Q3_7.5,3,1350,CON,True,24,1,1,1.0,1.0
bdl_3659,Q3_5,3,1500,CON,True,26,1,1,1.0,1.0
bdl_3659,Q3_2.5,3,1650,CON,True,27,1,1,1.0,1.0
bdl_3659,Q3_END,3,1800,CON,True,24,1,1,1.0,0.997
bdl_3659,Q4_7.5,4,1950,CON,True,23,1,1,1.0,0.9565
bdl_3659,Q4_5,4,2100,CON,True,18,1,1,1.0,0.984
bdl_3659,Q4_2.5,4,2250,CON,True,18,1,1,1.0,1.0
bdl_3660,Q2_7.5,2,750,WSH,False,8,1,0.88,0.973,0.973
bdl_3660,Q2_5,2,900,WSH,False,8,1,0.88,0.981,1.0
bdl_3660,Q2_2.5,2,1050,WSH,False,12,1,0.88,0.992,0.985
bdl_3660,Q2_END,2,1200,WSH,False,5,1,0.88,0.831,0.0
bdl_3660,Q3_7.5,3,1350,WSH,False,11,1,0.95,0.941,0.996
bdl_3660,Q3_5,3,1500,WSH,False,13,1,0.95,0.979,1.0
bdl_3660,Q3_2.5,3,1650,WSH,False,9,1,0.88,0.931,0.046
bdl_3660,Q3_END,3,1800,WSH,False,14,1,0.95,0.992,1.0
bdl_3660,Q4_7.5,4,1950,WSH,False,19,1,0.95,1.0,1.0
bdl_3660,Q4_5,4,2100,WSH,False,18,1,0.88,1.0,0.953
bdl_3660,Q4_2.5,4,2250,WSH,False,20,1,0.88,1.0,1.0
bdl_3661,Q2_7.5,2,750,LV,True,-3,0,0.5,0.23,0.23
bdl_3661,Q2_5,2,900,MIN,False,4,1,0.63,0.805,0.805
bdl_3661,Q2_2.5,2,1050,MIN,False,6,1,0.63,0.867,0.968
bdl_3661,Q2_END,2,1200,MIN,False,11,1,0.78,0.961,1.0
bdl_3661,Q3_7.5,3,1350,MIN,False,16,1,0.95,0.994,1.0
bdl_3661,Q3_5,3,1500,MIN,False,16,1,0.95,0.996,1.0
bdl_3661,Q3_2.5,3,1650,MIN,False,17,1,0.9,0.997,0.914
bdl_3661,Q3_END,3,1800,MIN,False,18,1,0.8,1.0,1.0
bdl_3661,Q4_7.5,4,1950,MIN,False,16,1,0.8,0.999,1.0
bdl_3661,Q4_5,4,2100,MIN,False,14,1,0.8,0.999,0.336
bdl_3661,Q4_2.5,4,2250,MIN,False,15,1,0.8,1.0,1.0
bdl_3662,Q2_7.5,2,750,SEA,True,1,1,0.75,0.594,0.594
bdl_3662,Q2_5,2,900,SEA,True,2,1,0.68,0.67,0.8875
bdl_3662,Q2_2.5,2,1050,SEA,True,3,1,0.53,0.737,0.869
bdl_3662,Q2_END,2,1200,SEA,True,6,1,0.57,0.896,1.0
bdl_3662,Q3_7.5,3,1350,LA,False,-4,0,0.57,0.237,0.237
bdl_3662,Q3_5,3,1500,LA,False,-7,0,0.57,0.084,0.0
bdl_3662,Q3_2.5,3,1650,LA,False,-3,0,0.57,0.278,0.974
bdl_3662,Q3_END,3,1800,LA,False,-5,0,0.57,0.174,0.011
bdl_3662,Q4_7.5,4,1950,SEA,True,7,1,0.57,0.914,0.914
bdl_3662,Q4_5,4,2100,LA,False,-7,0,0.57,0.039,0.039
bdl_3662,Q4_2.5,4,2250,SEA,True,9,1,0.65,0.998,0.998
bdl_3663,Q2_7.5,2,750,CHI,True,-1,0,0.68,0.432,0.432
bdl_3663,Q2_5,2,900,CHI,True,-4,0,0.68,0.2,0.061
bdl_3663,Q2_2.5,2,1050,CHI,True,-3,0,0.68,0.224,0.059
bdl_3663,Q2_END,2,1200,CHI,True,-2,0,0.68,0.342,0.905
bdl_3663,Q3_7.5,3,1350,CHI,True,-7,0,0.68,0.064,0.0
bdl_3663,Q3_5,3,1500,CHI,True,-2,0,0.68,0.34,1.0
bdl_3663,Q3_2.5,3,1650,CHI,True,-4,0,0.73,0.292,0.615
bdl_3663,Q3_END,3,1800,CHI,True,-5,0,0.73,0.145,0.0
bdl_3663,Q4_7.5,4,1950,CON,False,11,1,0.55,0.99,0.99
bdl_3663,Q4_5,4,2100,CON,False,12,1,0.55,0.999,0.977
bdl_3663,Q4_2.5,4,2250,CON,False,9,1,0.55,0.999,0.979
bdl_3664,Q2_7.5,2,750,IND,True,12,0,0.8,0.998,0.998
bdl_3664,Q2_5,2,900,IND,True,9,0,0.8,0.962,0.019
bdl_3664,Q2_2.5,2,1050,IND,True,13,0,0.85,0.99,1.0
bdl_3664,Q2_END,2,1200,IND,True,15,0,0.85,0.997,0.988
bdl_3664,Q3_7.5,3,1350,IND,True,18,0,0.85,1.0,1.0
bdl_3664,Q3_5,3,1500,IND,True,14,0,0.85,0.993,0.0765
bdl_3664,Q3_2.5,3,1650,IND,True,10,0,0.95,0.975,0.812
bdl_3664,Q3_END,3,1800,IND,True,11,0,0.88,0.974,0.664
bdl_3664,Q4_7.5,4,1950,IND,True,6,0,0.8,0.893,0.152
bdl_3664,Q4_5,4,2100,ATL,False,-3,1,0.55,0.342,0.342
bdl_3664,Q4_2.5,4,2250,IND,True,-1,0,0.53,0.347,0.347
bdl_3665,Q2_7.5,2,750,DAL,True,-4,0,0.6,0.121,0.121
bdl_3665,Q2_5,2,900,SEA,False,6,1,0.73,0.942,0.942
bdl_3665,Q2_2.5,2,1050,SEA,False,5,1,0.57,0.856,0.34
bdl_3665,Q2_END,2,1200,SEA,False,8,1,0.63,0.952,0.997
bdl_3665,Q3_7.5,3,1350,SEA,False,7,1,0.85,0.907,0.525
bdl_3665,Q3_5,3,1500,SEA,False,4,1,0.85,0.745,0.019
bdl_3665,Q3_2.5,3,1650,SEA,False,8,1,0.85,0.931,1.0
bdl_3665,Q3_END,3,1800,SEA,False,9,1,0.85,0.942,0.968
bdl_3665,Q4_7.5,4,1950,SEA,False,11,1,0.75,0.987,0.891
bdl_3665,Q4_5,4,2100,SEA,False,11,1,0.85,0.991,0.999
bdl_3665,Q4_2.5,4,2250,SEA,False,9,1,0.75,0.997,0.976
bdl_3666,Q2_7.5,2,750,PHX,True,12,0,0.88,1.0,1.0
bdl_3666,Q2_5,2,900,PHX,True,6,0,0.78,0.937,0.0
bdl_3666,Q2_2.5,2,1050,PHX,True,3,0,0.75,0.674,0.0
bdl_3666,Q2_END,2,1200,PHX,True,-3,0,0.6,0.264,0.0
bdl_3666,Q3_7.5,3,1350,PHX,True,-5,0,0.53,0.198,0.049
bdl_3666,Q3_5,3,1500,PHX,True,-3,0,0.63,0.29,0.928
bdl_3666,Q3_2.5,3,1650,PHX,True,-1,0,0.63,0.358,0.254
bdl_3666,Q3_END,3,1800,PHX,True,-1,0,0.63,0.404,0.946
bdl_3666,Q4_7.5,4,1950,PHX,True,0,0,0.63,0.509,0.6995
bdl_3666,Q4_5,4,2100,PHX,True,-4,0,0.63,0.214,0.001
bdl_3666,Q4_2.5,4,2250,PHX,True,-1,0,0.63,0.414,0.818
bdl_3667,Q2_7.5,2,750,WSH,True,5,1,0.93,0.912,0.912
bdl_3667,Q2_5,2,900,WSH,True,3,1,0.88,0.753,0.044
bdl_3667,Q2_2.5,2,1050,WSH,True,8,1,0.95,0.969,0.999
bdl_3667,Q2_END,2,1200,WSH,True,11,1,0.88,0.988,1.0
bdl_3667,Q3_7.5,3,1350,WSH,True,7,1,0.88,0.887,0.003
bdl_3667,Q3_5,3,1500,WSH,True,3,1,0.83,0.738,0.144
bdl_3667,Q3_2.5,3,1650,WSH,True,2,1,0.7,0.626,0.0745
bdl_3667,Q3_END,3,1800,WSH,True,9,1,0.7,0.958,1.0
bdl_3667,Q4_7.5,4,1950,WSH,True,11,1,0.75,0.988,1.0
bdl_3667,Q4_5,4,2100,WSH,True,8,1,0.65,0.974,1.0
bdl_3667,Q4_2.5,4,2250,WSH,True,8,1,0.65,0.992,1.0
bdl_3668,Q2_7.5,2,750,LA,False,10,0,0.85,0.998,0.998
bdl_3668,Q2_5,2,900,LA,False,9,0,1,0.995,0.999
bdl_3668,Q2_2.5,2,1050,LA,False,10,0,0.93,0.985,0.2285
bdl_3668,Q2_END,2,1200,LA,False,5,0,0.85,0.824,0.0
bdl_3668,Q3_7.5,3,1350,LA,False,0,0,0.55,0.497,0.0
bdl_3668,Q3_5,3,1500,LA,False,0,0,0.55,0.509,0.4885
bdl_3668,Q3_2.5,3,1650,LA,False,-4,0,0.55,0.152,0.0
bdl_3668,Q3_END,3,1800,MIN,True,3,1,0.55,0.715,0.715
bdl_3668,Q4_7.5,4,1950,LA,False,-4,0,0.55,0.202,0.202
bdl_3668,Q4_5,4,2100,MIN,True,6,1,0.55,0.912,0.912
bdl_3668,Q4_2.5,4,2250,MIN,True,7,1,0.68,0.988,0.952
bdl_3669,Q2_7.5,2,750,CON,False,10,1,0.93,0.997,0.997
bdl_3669,Q2_5,2,900,CON,False,11,1,0.93,0.998,0.982
bdl_3669,Q2_2.5,2,1050,CON,False,10,1,0.93,0.979,0.0
bdl_3669,Q2_END,2,1200,CON,False,10,1,0.93,0.977,1.0
bdl_3669,Q3_7.5,3,1350,CON,False,9,1,0.93,0.973,0.677
bdl_3669,Q3_5,3,1500,CON,False,13,1,0.93,0.992,1.0
bdl_3669,Q3_2.5,3,1650,CON,False,15,1,0.93,0.999,1.0
bdl_3669,Q3_END,3,1800,CON,False,24,1,1,1.0,1.0
bdl_3669,Q4_7.5,4,1950,CON,False,19,1,1,1.0,0.931
bdl_3669,Q4_5,4,2100,CON,False,19,1,1,1.0,1.0
bdl_3669,Q4_2.5,4,2250,CON,False,18,1,1,1.0,1.0
bdl_3670,Q2_7.5,2,750,NY,False,5,1,0.8,0.871,0.871
bdl_3670,Q2_5,2,900,NY,False,5,1,0.8,0.766,0.124
bdl_3670,Q2_2.5,2,1050,NY,False,2,1,0.8,0.668,0.205
bdl_3670,Q2_END,2,1200,NY,False,2,1,0.8,0.662,0.609
bdl_3670,Q3_7.5,3,1350,LV,True,4,0,0.5,0.717,0.717
bdl_3670,Q3_5,3,1500,LV,True,4,0,0.55,0.752,0.7395
bdl_3670,Q3_2.5,3,1650,NY,False,7,1,0.8,0.891,0.891
bdl_3670,Q3_END,3,1800,NY,False,7,1,0.8,0.91,0.764
bdl_3670,Q4_7.5,4,1950,NY,False,8,1,0.8,0.921,0.9795
bdl_3670,Q4_5,4,2100,NY,False,13,1,1,0.999,1.0
bdl_3670,Q4_2.5,4,2250,NY,False,15,1,1,1.0,1.0
bdl_3671,Q2_7.5,2,750,IND,True,-2,1,0.77,0.278,0.278
bdl_3671,Q2_5,2,900,IND,True,3,1,0.77,0.758,1.0
bdl_3671,Q2_2.5,2,1050,IND,True,1,1,0.77,0.598,0.041
bdl_3671,Q2_END,2,1200,IND,True,4,1,0.77,0.776,0.997
bdl_3671,Q3_7.5,3,1350,IND,True,-4,1,0.7,0.312,0.0
bdl_3671,Q3_5,3,1500,IND,True,1,1,0.5,0.536,0.8855
bdl_3671,Q3_2.5,3,1650,IND,True,3,1,0.5,0.734,0.95
bdl_3671,Q3_END,3,1800,IND,True,2,1,0.58,0.629,0.158
bdl_3671,Q4_7.5,4,1950,IND,True,3,1,0.55,0.733,0.916
bdl_3671,Q4_5,4,2100,IND,True,6,1,0.75,0.938,1.0
bdl_3671,Q4_2.5,4,2250,IND,True,5,1,0.65,0.931,0.813
bdl_3672,Q2_7.5,2,750,PHX,True,4,1,0.95,0.925,0.925
bdl_3672,Q2_5,2,900,PHX,True,12,1,0.95,0.996,1.0
bdl_3672,Q2_2.5,2,1050,PHX,True,11,1,0.73,0.988,0.534
bdl_3672,Q2_END,2,1200,PHX,True,14,1,0.88,0.997,1.0
bdl_3672,Q3_7.5,3,1350,PHX,True,19,1,0.88,1.0,1.0
bdl_3672,Q3_5,3,1500,PHX,True,17,1,0.88,0.998,0.768
bdl_3672,Q3_2.5,3,1650,PHX,True,21,1,0.88,1.0,1.0
bdl_3672,Q3_END,3,1800,PHX,True,15,1,0.78,0.999,0.358
bdl_3672,Q4_7.5,4,1950,PHX,True,14,1,0.78,0.999,1.0
bdl_3672,Q4_5,4,2100,PHX,True,11,1,0.7,0.996,0.577
bdl_3672,Q4_2.5,4,2250,PHX,True,9,1,0.7,0.996,0.892
bdl_3673,Q2_7.5,2,750,ATL,True,5,1,0.63,0.968,0.968
bdl_3673,Q2_5,2,900,ATL,True,7,1,0.7,0.956,0.691
bdl_3673,Q2_2.5,2,1050,ATL,True,4,1,0.55,0.844,0.005
bdl_3673,Q2_END,2,1200,ATL,True,5,1,0.63,0.856,0.82
bdl_3673,Q3_7.5,3,1350,ATL,True,3,1,0.53,0.696,0.054
bdl_3673,Q3_5,3,1500,ATL,True,9,1,0.78,0.945,1.0
bdl_3673,Q3_2.5,3,1650,ATL,True,-3,1,0.58,0.356,0.0
bdl_3673,Q3_END,3,1800,ATL,True,-1,1,0.58,0.402,0.427
bdl_3673,Q4_7.5,4,1950,ATL,True,0,1,0.73,0.504,0.7495
bdl_3673,Q4_5,4,2100,ATL,True,7,1,0.73,0.951,1.0
bdl_3673,Q4_2.5,4,2250,ATL,True,7,1,0.93,0.982,1.0
bdl_3674,Q2_7.5,2,750,MIN,True,8,1,0.88,0.956,0.956
bdl_3674,Q2_5,2,900,MIN,True,2,1,0.88,0.622,0.0
bdl_3674,Q2_2.5,2,1050,MIN,True,0,1,0.83,0.489,0.0
bdl_3674,Q2_END,2,1200,MIN,True,4,1,0.88,0.821,1.0
bdl_3674,Q3_7.5,3,1350,MIN,True,-1,1,0.68,0.417,0.0
bdl_3674,Q3_5,3,1500,MIN,True,5,1,0.83,0.818,1.0
bdl_3674,Q3_2.5,3,1650,MIN,True,0,1,0.53,0.536,0.0
bdl_3674,Q3_END,3,1800,MIN,True,3,1,0.53,0.669,1.0
bdl_3674,Q4_7.5,4,1950,MIN,True,11,1,0.75,0.991,1.0
bdl_3674,Q4_5,4,2100,MIN,True,7,1,0.75,0.947,0.447
bdl_3674,Q4_2.5,4,2250,MIN,True,8,1,0.75,0.997,1.0
bdl_3675,Q2_7.5,2,750,CON,True,7,1,0.85,0.942,0.942
bdl_3675,Q2_5,2,900,CON,True,8,1,0.95,0.977,1.0
bdl_3675,Q2_2.5,2,1050,CON,True,9,1,0.95,0.976,0.995
bdl_3675,Q2_END,2,1200,CON,True,11,1,0.95,0.995,1.0
bdl_3675,Q3_7.5,3,1350,CON,True,7,1,0.8,0.931,0.018
bdl_3675,Q3_5,3,1500,CON,True,10,1,0.7,0.959,0.957
bdl_3675,Q3_2.5,3,1650,CON,True,7,1,0.55,0.924,0.533
bdl_3675,Q3_END,3,1800,CON,True,15,1,0.8,0.998,1.0
bdl_3675,Q4_7.5,4,1950,CON,True,16,1,0.8,1.0,0.9935
bdl_3675,Q4_5,4,2100,CON,True,16,1,0.8,1.0,1.0
bdl_3675,Q4_2.5,4,2250,CON,True,17,1,0.7,1.0,1.0
bdl_3676,Q2_7.5,2,750,NY,False,6,0,1,0.928,0.928
bdl_3676,Q2_5,2,900,NY,False,10,0,1,0.984,1.0
bdl_3676,Q2_2.5,2,1050,NY,False,2,0,0.6,0.656,0.0
bdl_3676,Q2_END,2,1200,PHX,True,4,1,0.5,0.7015,0.7015
bdl_3676,Q3_7.5,3,1350,NY,False,2,0,0.75,0.645,0.645
bdl_3676,Q3_5,3,1500,NY,False,9,0,1,0.943,1.0
bdl_3676,Q3_2.5,3,1650,NY,False,8,0,1,0.884,0.043
bdl_3676,Q3_END,3,1800,NY,False,7,0,1,0.866,0.9335
bdl_3676,Q4_7.5,4,1950,NY,False,-1,0,0.57,0.419,0.0
bdl_3676,Q4_5,4,2100,NY,False,-1,0,0.57,0.436,0.043
bdl_3676,Q4_2.5,4,2250,NY,False,-3,0,0.85,0.225,0.217
bdl_3677,Q2_7.5,2,750,IND,True,2,1,0.95,0.697,0.697
bdl_3677,Q2_5,2,900,IND,True,4,1,0.8,0.819,1.0
bdl_3677,Q2_2.5,2,1050,IND,True,4,1,0.8,0.716,0.1315
bdl_3677,Q2_END,2,1200,IND,True,3,1,0.8,0.68,0.861
bdl_3677,Q3_7.5,3,1350,IND,True,2,1,0.8,0.666,0.235
bdl_3677,Q3_5,3,1500,IND,True,5,1,0.85,0.846,1.0
bdl_3677,Q3_2.5,3,1650,IND,True,6,1,0.85,0.887,0.603
bdl_3677,Q3_END,3,1800,IND,True,9,1,0.85,0.953,1.0
bdl_3677,Q4_7.5,4,1950,IND,True,5,1,0.85,0.83,0.084
bdl_3677,Q4_5,4,2100,IND,True,9,1,0.85,0.974,1.0
bdl_3677,Q4_2.5,4,2250,IND,True,6,1,0.85,0.967,0.853
bdl_3678,Q2_7.5,2,750,MIN,True,10,1,0.95,1.0,1.0
bdl_3678,Q2_5,2,900,MIN,True,9,1,0.85,0.99,0.01
bdl_3678,Q2_2.5,2,1050,MIN,True,5,1,0.75,0.886,0.003
bdl_3678,Q2_END,2,1200,MIN,True,2,1,0.75,0.683,0.006
bdl_3678,Q3_7.5,3,1350,MIN,True,4,1,0.75,0.783,0.996
bdl_3678,Q3_5,3,1500,MIN,True,8,1,0.68,0.955,1.0
bdl_3678,Q3_2.5,3,1650,MIN,True,10,1,0.6,0.977,0.9955
bdl_3678,Q3_END,3,1800,MIN,True,9,1,0.78,0.971,0.77
bdl_3678,Q4_7.5,4,1950,MIN,True,11,1,0.78,0.995,1.0
bdl_3678,Q4_5,4,2100,MIN,True,9,1,0.78,0.99,0.61
bdl_3678,Q4_2.5,4,2250,MIN,True,9,1,0.78,0.997,1.0
bdl_3679,Q2_7.5,2,750,LV,True,14,1,0.85,1.0,1.0
bdl_3679,Q2_5,2,900,LV,True,13,1,0.85,1.0,0.601
bdl_3679,Q2_2.5,2,1050,LV,True,14,1,0.85,0.997,0.6965
bdl_3679,Q2_END,2,1200,LV,True,15,1,0.95,0.998,1.0
bdl_3679,Q3_7.5,3,1350,LV,True,13,1,0.95,0.989,0.429
bdl_3679,Q3_5,3,1500,LV,True,17,1,0.95,0.999,1.0
bdl_3679,Q3_2.5,3,1650,LV,True,16,1,0.95,0.998,0.958
bdl_3679,Q3_END,3,1800,LV,True,12,1,0.95,0.982,0.282
bdl_3679,Q4_7.5,4,1950,LV,True,14,1,0.88,0.997,1.0
bdl_3679,Q4_5,4,2100,LV,True,18,1,0.95,1.0,1.0
bdl_3679,Q4_2.5,4,2250,LV,True,13,1,0.88,1.0,0.996
bdl_3680,Q2_7.5,2,750,CHI,True,4,1,0.68,0.871,0.871
bdl_3680,Q2_5,2,900,CHI,True,4,1,0.68,0.924,0.997
bdl_3680,Q2_2.5,2,1050,CHI,True,11,1,0.93,0.999,1.0
bdl_3680,Q2_END,2,1200,CHI,True,17,1,0.93,1.0,1.0
bdl_3680,Q3_7.5,3,1350,CHI,True,18,1,0.93,0.999,0.8915
bdl_3680,Q3_5,3,1500,CHI,True,14,1,0.93,0.996,0.702
bdl_3680,Q3_2.5,3,1650,CHI,True,22,1,0.93,1.0,1.0
bdl_3680,Q3_END,3,1800,CHI,True,20,1,0.88,1.0,0.993
bdl_3680,Q4_7.5,4,1950,CHI,True,18,1,0.88,1.0,0.998
bdl_3680,Q4_5,4,2100,CHI,True,16,1,0.68,1.0,0.907
bdl_3680,Q4_2.5,4,2250,CHI,True,12,1,0.78,1.0,0.9805
bdl_3681,Q2_7.5,2,750,LA,False,1,0,0.57,0.621,0.621
bdl_3681,Q2_5,2,900,LA,False,-2,0,0.53,0.297,0.0
bdl_3681,Q2_2.5,2,1050,LA,False,-2,0,0.53,0.337,0.215
bdl_3681,Q2_END,2,1200,LA,False,-7,0,0.53,0.071,0.0
bdl_3681,Q3_7.5,3,1350,NY,True,11,1,0.55,0.969,0.969
bdl_3681,Q3_5,3,1500,NY,True,8,1,0.68,0.917,0.588
bdl_3681,Q3_2.5,3,1650,NY,True,12,1,0.63,0.983,0.988
bdl_3681,Q3_END,3,1800,NY,True,17,1,0.85,0.999,1.0
bdl_3681,Q4_7.5,4,1950,NY,True,10,1,0.63,0.975,0.237
bdl_3681,Q4_5,4,2100,NY,True,6,1,0.73,0.879,0.09
bdl_3681,Q4_2.5,4,2250,NY,True,6,1,0.63,0.952,1.0
bdl_3682,Q2_7.5,2,750,IND,False,14,1,0.93,0.998,0.998
bdl_3682,Q2_5,2,900,IND,False,16,1,0.93,1.0,1.0
bdl_3682,Q2_2.5,2,1050,IND,False,15,1,0.93,1.0,0.1405
bdl_3682,Q2_END,2,1200,IND,False,16,1,0.83,0.999,1.0
bdl_3682,Q3_7.5,3,1350,IND,False,18,1,0.83,0.999,0.999
bdl_3682,Q3_5,3,1500,IND,False,9,1,0.7,0.931,0.001
bdl_3682,Q3_2.5,3,1650,IND,False,14,1,0.75,0.988,1.0
bdl_3682,Q3_END,3,1800,IND,False,17,1,0.75,1.0,1.0
bdl_3682,Q4_7.5,4,1950,IND,False,17,1,0.75,0.999,1.0
bdl_3682,Q4_5,4,2100,IND,False,14,1,0.83,0.999,0.757
bdl_3682,Q4_2.5,4,2250,IND,False,16,1,0.9,1.0,1.0
bdl_3683,Q2_7.5,2,750,LV,True,8,1,0.88,0.988,0.988
bdl_3683,Q2_5,2,900,LV,True,12,1,1,0.993,0.999
bdl_3683,Q2_2.5,2,1050,LV,True,18,1,1,1.0,1.0
bdl_3683,Q2_END,2,1200,LV,True,17,1,0.8,0.999,0.846
bdl_3683,Q3_7.5,3,1350,LV,True,14,1,0.8,0.999,0.258
bdl_3683,Q3_5,3,1500,LV,True,11,1,0.8,0.984,0.701
bdl_3683,Q3_2.5,3,1650,LV,True,7,1,0.8,0.905,0.0
bdl_3683,Q3_END,3,1800,LV,True,13,1,0.9,0.998,1.0
bdl_3683,Q4_7.5,4,1950,LV,True,18,1,0.9,1.0,1.0
bdl_3683,Q4_5,4,2100,LV,True,17,1,0.8,1.0,1.0
bdl_3683,Q4_2.5,4,2250,LV,True,15,1,0.8,1.0,1.0
bdl_3684,Q2_7.5,2,750,WSH,True,11,1,0.85,1.0,1.0
bdl_3684,Q2_5,2,900,WSH,True,14,1,0.85,0.998,0.979
bdl_3684,Q2_2.5,2,1050,WSH,True,15,1,0.8,0.998,1.0
bdl_3684,Q2_END,2,1200,WSH,True,17,1,0.85,1.0,0.998
bdl_3684,Q3_7.5,3,1350,WSH,True,18,1,0.85,1.0,0.7315
bdl_3684,Q3_5,3,1500,WSH,True,20,1,0.85,1.0,1.0
bdl_3684,Q3_2.5,3,1650,WSH,True,19,1,0.85,0.999,0.9985
bdl_3684,Q3_END,3,1800,WSH,True,22,1,0.85,1.0,1.0
bdl_3684,Q4_7.5,4,1950,WSH,True,21,1,0.93,1.0,1.0
bdl_3684,Q4_5,4,2100,WSH,True,26,1,0.93,1.0,1.0
bdl_3684,Q4_2.5,4,2250,WSH,True,26,1,0.93,1.0,1.0
bdl_3685,Q2_7.5,2,750,LA,False,3,0,0.63,0.794,0.794
bdl_3685,Q2_5,2,900,NY,True,5,1,0.53,0.837,0.837
bdl_3685,Q2_2.5,2,1050,NY,True,6,1,0.6,0.853,0.94
bdl_3685,Q2_END,2,1200,NY,True,10,1,0.7,0.963,1.0
bdl_3685,Q3_7.5,3,1350,NY,True,11,1,0.7,0.981,0.991
bdl_3685,Q3_5,3,1500,NY,True,16,1,0.83,0.997,1.0
bdl_3685,Q3_2.5,3,1650,NY,True,20,1,0.9,0.999,1.0
bdl_3685,Q3_END,3,1800,NY,True,15,1,0.83,0.997,0.023
bdl_3685,Q4_7.5,4,1950,NY,True,13,1,0.83,0.99,0.911
bdl_3685,Q4_5,4,2100,NY,True,14,1,0.83,1.0,0.994
bdl_3685,Q4_2.5,4,2250,NY,True,10,1,0.83,0.997,1.0
bdl_3686,Q2_7.5,2,750,MIN,True,4,1,0.83,0.887,0.887
bdl_3686,Q2_5,2,900,MIN,True,8,1,0.95,0.975,1.0
bdl_3686,Q2_2.5,2,1050,MIN,True,6,1,0.95,0.936,0.042
bdl_3686,Q2_END,2,1200,MIN,True,13,1,1,0.998,1.0
bdl_3686,Q3_7.5,3,1350,MIN,True,10,1,0.93,0.985,0.7955
bdl_3686,Q3_5,3,1500,MIN,True,12,1,0.93,0.987,0.959
bdl_3686,Q3_2.5,3,1650,MIN,True,12,1,1,0.981,0.991
bdl_3686,Q3_END,3,1800,MIN,True,19,1,1,1.0,1.0
bdl_3686,Q4_7.5,4,1950,MIN,True,17,1,1,1.0,0.961
bdl_3686,Q4_5,4,2100,MIN,True,20,1,1,1.0,1.0
bdl_3686,Q4_2.5,4,2250,MIN,True,14,1,0.93,1.0,1.0
bdl_3687,Q2_7.5,2,750,NY,False,14,1,0.85,1.0,1.0
bdl_3687,Q2_5,2,900,NY,False,19,1,0.85,1.0,1.0
bdl_3687,Q2_2.5,2,1050,NY,False,19,1,0.93,1.0,1.0
bdl_3687,Q2_END,2,1200,NY,False,24,1,0.93,1.0,1.0
bdl_3687,Q3_7.5,3,1350,NY,False,33,1,1,1.0,1.0
bdl_3687,Q3_5,3,1500,NY,False,26,1,0.95,1.0,0.586
bdl_3687,Q3_2.5,3,1650,NY,False,25,1,0.95,1.0,0.726
bdl_3687,Q3_END,3,1800,NY,False,23,1,0.95,1.0,1.0
bdl_3687,Q4_7.5,4,1950,NY,False,18,1,0.88,1.0,0.098
bdl_3687,Q4_5,4,2100,NY,False,20,1,0.88,1.0,1.0
bdl_3687,Q4_2.5,4,2250,NY,False,23,1,0.88,1.0,1.0
bdl_3688,Q2_7.5,2,750,DAL,False,7,0,0.63,0.95,0.95
bdl_3688,Q2_5,2,900,DAL,False,7,0,0.7,0.915,0.751
bdl_3688,Q2_2.5,2,1050,WSH,True,-3,1,0.55,0.289,0.289
bdl_3688,Q2_END,2,1200,WSH,True,-5,1,0.55,0.223,0.007
bdl_3688,Q3_7.5,3,1350,WSH,True,-2,1,0.55,0.347,0.985
bdl_3688,Q3_5,3,1500,WSH,True,4,1,0.55,0.704,1.0
bdl_3688,Q3_2.5,3,1650,WSH,True,6,1,0.68,0.845,1.0
bdl_3688,Q3_END,3,1800,WSH,True,10,1,0.68,0.956,1.0
bdl_3688,Q4_7.5,4,1950,WSH,True,13,1,0.68,0.994,0.989
bdl_3688,Q4_5,4,2100,WSH,True,11,1,0.6,0.984,0.989
bdl_3688,Q4_2.5,4,2250,WSH,True,9,1,0.6,0.998,0.994
bdl_3689,Q2_7.5,2,750,CON,False,9,0,0.75,0.985,0.985
bdl_3689,Q2_5,2,900,CON,False,9,0,0.83,0.999,1.0
bdl_3689,Q2_2.5,2,1050,CON,False,2,0,0.75,0.716,0.0
bdl_3689,Q2_END,2,1200,SEA,True,3,1,0.55,0.777,0.777
bdl_3689,Q3_7.5,3,1350,CON,False,-4,0,0.55,0.172,0.172
bdl_3689,Q3_5,3,1500,SEA,True,-1,1,0.5,0.463,0.463
bdl_3689,Q3_2.5,3,1650,SEA,True,7,1,0.65,0.935,1.0
bdl_3689,Q3_END,3,1800,SEA,True,7,1,0.6,0.924,0.867
bdl_3689,Q4_7.5,4,1950,SEA,True,7,1,0.6,0.947,1.0
bdl_3689,Q4_5,4,2100,SEA,True,4,1,0.5,0.899,0.344
bdl_3689,Q4_2.5,4,2250,SEA,True,10,1,0.7,1.0,1.0
bdl_3690,Q2_7.5,2,750,IND,False,0,1,0.6,0.714,0.714
bdl_3690,Q2_5,2,900,IND,False,4,1,0.75,0.808,0.8755
bdl_3690,Q2_2.5,2,1050,CHI,True,2,0,0.7,0.645,0.645
bdl_3690,Q2_END,2,1200,IND,False,1,1,0.68,0.611,0.611
bdl_3690,Q3_7.5,3,1350,CHI,True,3,0,0.63,0.783,0.783
bdl_3690,Q3_5,3,1500,IND,False,3,1,0.68,0.733,0.733
bdl_3690,Q3_2.5,3,1650,IND,False,9,1,0.68,0.927,1.0
bdl_3690,Q3_END,3,1800,IND,False,8,1,0.8,0.907,0.971
bdl_3690,Q4_7.5,4,1950,IND,False,9,1,0.8,0.96,0.991
bdl_3690,Q4_5,4,2100,IND,False,5,1,0.8,0.87,0.51
bdl_3690,Q4_2.5,4,2250,IND,False,0,1,0.8,0.498,0.053
bdl_3691,Q2_7.5,2,750,MIN,False,0,1,0.68,0.438,0.438
bdl_3691,Q2_5,2,900,NY,True,6,0,0.63,0.944,0.944
bdl_3691,Q2_2.5,2,1050,NY,True,2,0,0.75,0.706,0.002
bdl_3691,Q2_END,2,1200,NY,True,3,0,0.7,0.701,0.246
bdl_3691,Q3_7.5,3,1350,NY,True,-1,0,0.5,0.388,0.001
bdl_3691,Q3_5,3,1500,NY,True,0,0,0.65,0.51,0.944
bdl_3691,Q3_2.5,3,1650,NY,True,-3,0,0.6,0.302,0.0
bdl_3691,Q3_END,3,1800,MIN,False,6,1,0.78,0.805,0.805
bdl_3691,Q4_7.5,4,1950,MIN,False,4,1,0.57,0.776,0.423
bdl_3691,Q4_5,4,2100,MIN,False,4,1,0.53,0.804,0.767
bdl_3691,Q4_2.5,4,2250,MIN,False,9,1,0.68,0.986,1.0
bdl_3692,Q2_7.5,2,750,MIN,False,9,0,0.88,0.999,0.999
bdl_3692,Q2_5,2,900,MIN,False,13,0,0.93,0.9975,1.0
bdl_3692,Q2_2.5,2,1050,MIN,False,10,0,0.85,0.979,0.073
bdl_3692,Q2_END,2,1200,MIN,False,2,0,0.85,0.679,0.0
bdl_3692,Q3_7.5,3,1350,MIN,False,3,0,0.75,0.697,0.83
bdl_3692,Q3_5,3,1500,MIN,False,3,0,0.7,0.683,0.659
bdl_3692,Q3_2.5,3,1650,MIN,False,2,0,0.75,0.707,0.888
bdl_3692,Q3_END,3,1800,MIN,False,-1,0,0.68,0.427,0.0
bdl_3692,Q4_7.5,4,1950,MIN,False,-4,0,0.6,0.224,0.002
bdl_3692,Q4_5,4,2100,MIN,False,-1,0,0.6,0.425,0.995
bdl_3692,Q4_2.5,4,2250,MIN,False,-5,0,0.68,0.115,0.041
bdl_3693,Q2_7.5,2,750,WSH,True,12,1,0.78,0.999,0.999
bdl_3693,Q2_5,2,900,WSH,True,6,1,0.7,0.927,0.0
bdl_3693,Q2_2.5,2,1050,WSH,True,1,1,0.7,0.576,0.0
bdl_3693,Q2_END,2,1200,WSH,True,4,1,0.7,0.821,1.0
bdl_3693,Q3_7.5,3,1350,WSH,True,4,1,0.7,0.727,0.183
bdl_3693,Q3_5,3,1500,WSH,True,-1,1,0.7,0.423,0.0
bdl_3693,Q3_2.5,3,1650,WSH,True,-3,1,0.7,0.315,0.011
bdl_3693,Q3_END,3,1800,WSH,True,0,1,0.65,0.496,0.926
bdl_3693,Q4_7.5,4,1950,WSH,True,3,1,0.7,0.689,0.985
bdl_3693,Q4_5,4,2100,WSH,True,3,1,0.7,0.724,0.377
bdl_3693,Q4_2.5,4,2250,WSH,True,5,1,0.7,0.931,1.0
bdl_3694,Q2_7.5,2,750,CHI,True,1,0,0.6,0.575,0.575
bdl_3694,Q2_5,2,900,LV,False,6,1,0.75,0.932,0.932
bdl_3694,Q2_2.5,2,1050,LV,False,10,1,0.73,0.986,1.0
bdl_3694,Q2_END,2,1200,LV,False,7,1,0.75,0.897,0.047
bdl_3694,Q3_7.5,3,1350,LV,False,2,1,0.53,0.666,0.0005
bdl_3694,Q3_5,3,1500,LV,False,3,1,0.78,0.697,0.74
bdl_3694,Q3_2.5,3,1650,LV,False,6,1,0.83,0.88,0.999
bdl_3694,Q3_END,3,1800,LV,False,9,1,0.95,0.968,1.0
bdl_3694,Q4_7.5,4,1950,LV,False,15,1,0.95,0.999,1.0
bdl_3694,Q4_5,4,2100,LV,False,11,1,0.95,0.989,0.688
bdl_3694,Q4_2.5,4,2250,LV,False,13,1,0.88,1.0,1.0
bdl_3695,Q2_7.5,2,750,SEA,True,5,1,0.8,0.86,0.86
bdl_3695,Q2_5,2,900,SEA,True,11,1,0.75,0.995,1.0
bdl_3695,Q2_2.5,2,1050,SEA,True,10,1,0.9,0.956,0.0425
bdl_3695,Q2_END,2,1200,SEA,True,14,1,0.9,0.997,1.0
bdl_3695,Q3_7.5,3,1350,SEA,True,16,1,0.9,0.997,1.0
bdl_3695,Q3_5,3,1500,SEA,True,15,1,0.9,0.998,0.999
bdl_3695,Q3_2.5,3,1650,SEA,True,13,1,0.8,0.984,0.178
bdl_3695,Q3_END,3,1800,SEA,True,9,1,0.8,0.952,0.079
bdl_3695,Q4_7.5,4,1950,SEA,True,15,1,0.8,0.998,1.0
bdl_3695,Q4_5,4,2100,SEA,True,15,1,0.9,1.0,1.0
bdl_3695,Q4_2.5,4,2250,SEA,True,15,1,0.8,1.0,1.0
bdl_3696,Q2_7.5,2,750,ATL,False,0,1,0.7,0.486,0.486
bdl_3696,Q2_5,2,900,ATL,False,-2,1,0.6,0.308,0.0105
bdl_3696,Q2_2.5,2,1050,CON,True,2,0,0.68,0.6685,0.6685
bdl_3696,Q2_END,2,1200,CON,True,2,0,0.63,0.678,0.61
bdl_3696,Q3_7.5,3,1350,CON,True,1,0,0.73,0.595,0.255
bdl_3696,Q3_5,3,1500,CON,True,-2,0,0.58,0.388,0.163
bdl_3696,Q3_2.5,3,1650,ATL,False,4,1,0.78,0.768,0.768
bdl_3696,Q3_END,3,1800,ATL,False,1,1,0.55,0.523,0.066
bdl_3696,Q4_7.5,4,1950,CON,True,3,0,0.53,0.78,0.78
bdl_3696,Q4_5,4,2100,ATL,False,0,1,0.53,0.568,0.568
bdl_3696,Q4_2.5,4,2250,ATL,False,3,1,0.78,0.845,0.985
bdl_3697,Q2_7.5,2,750,LA,False,4,0,0.75,0.697,0.697
bdl_3697,Q2_5,2,900,LA,False,5,0,0.88,0.918,1.0
bdl_3697,Q2_2.5,2,1050,LA,False,5,0,0.8,0.838,0.1125
bdl_3697,Q2_END,2,1200,LA,False,1,0,0.8,0.569,0.001
bdl_3697,Q3_7.5,3,1350,LA,False,1,0,0.75,0.492,0.019
bdl_3697,Q3_5,3,1500,LA,False,-6,0,0.63,0.185,0.008
bdl_3697,Q3_2.5,3,1650,LA,False,-5,0,0.53,0.161,0.018
bdl_3697,Q3_END,3,1800,PHX,True,10,1,0.63,0.952,0.952
bdl_3697,Q4_7.5,4,1950,PHX,True,14,1,0.75,0.994,1.0
bdl_3697,Q4_5,4,2100,PHX,True,14,1,0.75,0.998,0.985
bdl_3697,Q4_2.5,4,2250,PHX,True,16,1,0.75,1.0,1.0
bdl_3698,Q2_7.5,2,750,WSH,True,3,0,0.95,0.772,0.772
bdl_3698,Q2_5,2,900,WSH,True,4,0,0.7,0.684,0.1045
bdl_3698,Q2_2.5,2,1050,WSH,True,9,0,0.85,0.946,1.0
bdl_3698,Q2_END,2,1200,WSH,True,6,0,0.85,0.862,0.0435
bdl_3698,Q3_7.5,3,1350,WSH,True,7,0,0.85,0.87,0.928
bdl_3698,Q3_5,3,1500,WSH,True,1,0,0.85,0.579,0.0
bdl_3698,Q3_2.5,3,1650,WSH,True,2,0,0.85,0.601,0.863
bdl_3698,Q3_END,3,1800,WSH,True,5,0,0.85,0.821,1.0
bdl_3698,Q4_7.5,4,1950,WSH,True,0,0,0.78,0.519,0.001
bdl_3698,Q4_5,4,2100,WSH,True,-6,0,0.7,0.114,0.0
bdl_3698,Q4_2.5,4,2250,WSH,True,-5,0,0.65,0.084,0.003
bdl_3699,Q2_7.5,2,750,SEA,True,9,1,0.83,0.999,0.999
bdl_3699,Q2_5,2,900,SEA,True,8,1,0.68,0.995,0.38
bdl_3699,Q2_2.5,2,1050,SEA,True,12,1,0.88,0.999,1.0
bdl_3699,Q2_END,2,1200,SEA,True,13,1,0.58,0.999,0.989
bdl_3699,Q3_7.5,3,1350,SEA,True,20,1,0.95,1.0,1.0
bdl_3699,Q3_5,3,1500,SEA,True,18,1,0.88,1.0,0.7935
bdl_3699,Q3_2.5,3,1650,SEA,True,15,1,0.78,0.998,0.509
bdl_3699,Q3_END,3,1800,SEA,True,21,1,0.78,1.0,1.0
bdl_3699,Q4_7.5,4,1950,SEA,True,19,1,0.78,1.0,0.996
bdl_3699,Q4_5,4,2100,SEA,True,19,1,0.78,1.0,1.0
bdl_3699,Q4_2.5,4,2250,SEA,True,22,1,0.78,1.0,1.0
bdl_3700,Q2_7.5,2,750,ATL,False,16,0,0.93,1.0,1.0
bdl_3700,Q2_5,2,900,ATL,False,8,0,0.78,0.963,0.0
bdl_3700,Q2_2.5,2,1050,ATL,False,10,0,0.83,0.994,1.0
bdl_3700,Q2_END,2,1200,ATL,False,5,0,0.7,0.839,0.0
bdl_3700,Q3_7.5,3,1350,ATL,False,2,0,0.7,0.683,0.0
bdl_3700,Q3_5,3,1500,NY,True,4,1,0.5,0.8,0.8
bdl_3700,Q3_2.5,3,1650,NY,True,5,1,0.65,0.815,0.822
bdl_3700,Q3_END,3,1800,NY,True,1,1,0.65,0.597,0.001
bdl_3700,Q4_7.5,4,1950,NY,True,6,1,0.65,0.896,1.0
bdl_3700,Q4_5,4,2100,NY,True,6,1,0.65,0.94,0.986
bdl_3700,Q4_2.5,4,2250,NY,True,10,1,0.65,0.998,0.994
bdl_3701,Q2_7.5,2,750,MIN,False,0,1,0.63,0.485,0.485
bdl_3701,Q2_5,2,900,MIN,False,-1,1,0.65,0.409,0.158
bdl_3701,Q2_2.5,2,1050,MIN,False,-1,1,0.55,0.407,0.469
bdl_3701,Q2_END,2,1200,CHI,True,5,0,0.68,0.835,0.835
bdl_3701,Q3_7.5,3,1350,CHI,True,3,0,0.75,0.786,0.986
bdl_3701,Q3_5,3,1500,CHI,True,7,0,0.75,0.884,0.992
bdl_3701,Q3_2.5,3,1650,MIN,False,-6,1,0.55,0.139,0.139
bdl_3701,Q3_END,3,1800,MIN,False,-5,1,0.55,0.164,0.128
bdl_3701,Q4_7.5,4,1950,MIN,False,-3,1,0.55,0.254,0.994
bdl_3701,Q4_5,4,2100,MIN,False,-1,1,0.63,0.446,0.788
bdl_3701,Q4_2.5,4,2250,MIN,False,2,1,0.63,0.66,1.0
bdl_3702,Q2_7.5,2,750,PHX,True,5,1,0.73,0.91,0.91
bdl_3702,Q2_5,2,900,PHX,True,6,1,0.73,0.921,0.928
bdl_3702,Q2_2.5,2,1050,PHX,True,7,1,0.73,0.905,0.39
bdl_3702,Q2_END,2,1200,PHX,True,11,1,0.73,0.984,1.0
bdl_3702,Q3_7.5,3,1350,PHX,True,13,1,0.8,0.995,1.0
bdl_3702,Q3_5,3,1500,PHX,True,3,1,0.73,0.768,0.0
bdl_3702,Q3_2.5,3,1650,IND,False,8,0,0.68,0.93,0.93
bdl_3702,Q3_END,3,1800,IND,False,3,0,0.68,0.717,0.009
bdl_3702,Q4_7.5,4,1950,IND,False,1,0,0.6,0.486,0.0
bdl_3702,Q4_5,4,2100,PHX,True,5,1,0.75,0.892,0.892
bdl_3702,Q4_2.5,4,2250,PHX,True,3,1,0.57,0.851,0.616
bdl_3703,Q2_7.5,2,750,CON,False,6,1,0.7,0.93,0.93
bdl_3703,Q2_5,2,900,CON,False,8,1,0.8,0.958,1.0
bdl_3703,Q2_2.5,2,1050,CON,False,7,1,0.83,0.948,0.935
bdl_3703,Q2_END,2,1200,CON,False,7,1,0.83,0.91,0.81
bdl_3703,Q3_7.5,3,1350,CON,False,11,1,0.93,0.981,1.0
bdl_3703,Q3_5,3,1500,CON,False,9,1,0.78,0.942,0.312
bdl_3703,Q3_2.5,3,1650,CON,False,7,1,0.78,0.932,0.304
bdl_3703,Q3_END,3,1800,CON,False,11,1,0.93,0.993,1.0
bdl_3703,Q4_7.5,4,1950,CON,False,5,1,0.53,0.89,0.033
bdl_3703,Q4_5,4,2100,CON,False,7,1,0.55,0.958,0.991
bdl_3703,Q4_2.5,4,2250,CON,False,9,1,0.7,0.998,1.0
bdl_3704,Q2_7.5,2,750,SEA,True,3,1,0.57,0.912,0.912
bdl_3704,Q2_5,2,900,SEA,True,7,1,0.63,0.962,0.999
bdl_3704,Q2_2.5,2,1050,SEA,True,8,1,0.75,0.98,0.953
bdl_3704,Q2_END,2,1200,SEA,True,6,1,0.75,0.92,0.138
bdl_3704,Q3_7.5,3,1350,SEA,True,13,1,0.85,0.999,1.0
bdl_3704,Q3_5,3,1500,SEA,True,19,1,0.95,1.0,1.0
bdl_3704,Q3_2.5,3,1650,SEA,True,23,1,1,1.0,1.0
bdl_3704,Q3_END,3,1800,SEA,True,29,1,1,1.0,1.0
bdl_3704,Q4_7.5,4,1950,SEA,True,27,1,1,1.0,1.0
bdl_3704,Q4_5,4,2100,SEA,True,25,1,1,1.0,1.0
bdl_3704,Q4_2.5,4,2250,SEA,True,26,1,1,1.0,1.0
bdl_3705,Q2_7.5,2,750,MIN,False,2,0,0.75,0.816,0.816
bdl_3705,Q2_5,2,900,MIN,False,5,0,0.75,0.861,0.899
bdl_3705,Q2_2.5,2,1050,MIN,False,2,0,0.75,0.658,0.0105
bdl_3705,Q2_END,2,1200,MIN,False,0,0,0.75,0.45,0.056
bdl_3705,Q3_7.5,3,1350,MIN,False,2,0,0.75,0.622,0.9755
bdl_3705,Q3_5,3,1500,MIN,False,7,0,0.75,0.879,1.0
bdl_3705,Q3_2.5,3,1650,MIN,False,6,0,0.75,0.84,0.5305
bdl_3705,Q3_END,3,1800,MIN,False,1,0,0.75,0.541,0.004
bdl_3705,Q4_7.5,4,1950,MIN,False,4,0,0.78,0.779,0.974
bdl_3705,Q4_5,4,2100,MIN,False,-2,0,0.78,0.345,0.0
bdl_3705,Q4_2.5,4,2250,MIN,False,-7,0,0.63,0.016,0.0
bdl_3706,Q2_7.5,2,750,ATL,True,-3,0,0.73,0.2095,0.2095
bdl_3706,Q2_5,2,900,ATL,True,-6,0,0.73,0.096,0.0
bdl_3706,Q2_2.5,2,1050,ATL,True,1,0,0.73,0.505,1.0
bdl_3706,Q2_END,2,1200,ATL,True,-2,0,0.73,0.376,0.121
bdl_3706,Q3_7.5,3,1350,ATL,True,-4,0,0.63,0.255,0.006
bdl_3706,Q3_5,3,1500,ATL,True,-2,0,0.68,0.392,0.963
bdl_3706,Q3_2.5,3,1650,ATL,True,3,0,0.73,0.729,1.0
bdl_3706,Q3_END,3,1800,ATL,True,-2,0,0.68,0.336,0.005
bdl_3706,Q4_7.5,4,1950,ATL,True,-2,0,0.63,0.318,0.172
bdl_3706,Q4_5,4,2100,ATL,True,0,0,0.53,0.49,0.782
bdl_3706,Q4_2.5,4,2250,ATL,True,0,0,0.53,0.454,0.82
bdl_3707,Q2_7.5,2,750,LV,True,2,1,0.75,0.72,0.72
bdl_3707,Q2_5,2,900,LV,True,6,1,0.75,0.939,1.0
bdl_3707,Q2_2.5,2,1050,LV,True,9,1,0.95,0.979,1.0
bdl_3707,Q2_END,2,1200,LV,True,9,1,0.95,0.956,0.777
bdl_3707,Q3_7.5,3,1350,LV,True,9,1,0.9,0.958,0.898
bdl_3707,Q3_5,3,1500,LV,True,8,1,0.9,0.916,0.5815
bdl_3707,Q3_2.5,3,1650,LV,True,8,1,0.9,0.926,0.796
bdl_3707,Q3_END,3,1800,LV,True,6,1,0.9,0.849,0.34
bdl_3707,Q4_7.5,4,1950,LV,True,14,1,0.9,0.995,1.0
bdl_3707,Q4_5,4,2100,LV,True,16,1,0.9,0.999,1.0
bdl_3707,Q4_2.5,4,2250,LV,True,19,1,0.9,1.0,1.0
bdl_3708,Q2_7.5,2,750,LA,True,4,0,0.68,0.929,0.929
bdl_3708,Q2_5,2,900,LA,True,2,0,0.78,0.71,0.001
bdl_3708,Q2_2.5,2,1050,LA,True,5,0,0.78,0.855,0.996
bdl_3708,Q2_END,2,1200,LA,True,5,0,0.88,0.857,0.646
bdl_3708,Q3_7.5,3,1350,LA,True,11,0,0.95,0.967,1.0
bdl_3708,Q3_5,3,1500,LA,True,9,0,0.95,0.945,0.314
bdl_3708,Q3_2.5,3,1650,LA,True,12,0,0.95,0.979,1.0
bdl_3708,Q3_END,3,1800,LA,True,12,0,0.95,0.981,0.9725
bdl_3708,Q4_7.5,4,1950,LA,True,6,0,0.85,0.846,0.017
bdl_3708,Q4_5,4,2100,LA,True,0,0,0.95,0.577,0.044
bdl_3708,Q4_2.5,4,2250,LA,True,0,0,0.95,0.527,0.537
bdl_3709,Q2_7.5,2,750,PHX,False,11,1,0.78,0.993,0.993
bdl_3709,Q2_5,2,900,PHX,False,12,1,0.78,0.998,1.0
bdl_3709,Q2_2.5,2,1050,PHX,False,13,1,0.78,0.997,0.9745
bdl_3709,Q2_END,2,1200,PHX,False,13,1,0.78,0.996,0.957
bdl_3709,Q3_7.5,3,1350,PHX,False,13,1,0.78,0.991,0.914
bdl_3709,Q3_5,3,1500,PHX,False,12,1,0.78,0.989,0.805
bdl_3709,Q3_2.5,3,1650,PHX,False,7,1,0.7,0.857,0.0
bdl_3709,Q3_END,3,1800,PHX,False,7,1,0.7,0.91,0.984
bdl_3709,Q4_7.5,4,1950,PHX,False,8,1,0.65,0.943,0.978
bdl_3709,Q4_5,4,2100,PHX,False,4,1,0.65,0.833,0.118
bdl_3709,Q4_2.5,4,2250,PHX,False,5,1,0.65,0.915,1.0
bdl_3710,Q2_7.5,2,750,CON,False,1,1,0.57,0.481,0.481
bdl_3710,Q2_5,2,900,CON,False,5,1,0.73,0.916,1.0
bdl_3710,Q2_2.5,2,1050,CON,False,4,1,0.73,0.808,0.0085
bdl_3710,Q2_END,2,1200,MIN,True,4,0,0.63,0.694,0.694
bdl_3710,Q3_7.5,3,1350,MIN,True,8,0,0.83,0.933,1.0
bdl_3710,Q3_5,3,1500,MIN,True,0,0,0.65,0.526,0.0
bdl_3710,Q3_2.5,3,1650,MIN,True,-2,0,0.6,0.34,0.072
bdl_3710,Q3_END,3,1800,MIN,True,-6,0,0.6,0.125,0.003
bdl_3710,Q4_7.5,4,1950,MIN,True,0,0,0.65,0.479,1.0
bdl_3710,Q4_5,4,2100,MIN,True,-3,0,0.65,0.264,0.0
bdl_3710,Q4_2.5,4,2250,MIN,True,-10,0,0.53,0.0,0.0
bdl_3711,Q2_7.5,2,750,WSH,False,-1,0,0.68,0.418,0.418
bdl_3711,Q2_5,2,900,LV,True,8,1,0.85,0.963,0.963
bdl_3711,Q2_2.5,2,1050,LV,True,12,1,0.9,0.99,1.0
bdl_3711,Q2_END,2,1200,LV,True,13,1,0.9,0.998,0.963
bdl_3711,Q3_7.5,3,1350,LV,True,17,1,1,0.997,1.0
bdl_3711,Q3_5,3,1500,LV,True,18,1,0.9,0.999,0.902
bdl_3711,Q3_2.5,3,1650,LV,True,25,1,1,1.0,1.0
bdl_3711,Q3_END,3,1800,LV,True,28,1,0.9,1.0,1.0
bdl_3711,Q4_7.5,4,1950,LV,True,30,1,1,1.0,1.0
bdl_3711,Q4_5,4,2100,LV,True,21,1,0.83,1.0,0.724
bdl_3711,Q4_2.5,4,2250,LV,True,22,1,0.83,1.0,1.0
bdl_3712,Q2_7.5,2,750,DAL,True,4,1,0.58,0.904,0.904
bdl_3712,Q2_5,2,900,ATL,False,1,0,0.63,0.593,0.593
bdl_3712,Q2_2.5,2,1050,DAL,True,5,1,0.58,0.863,0.863
bdl_3712,Q2_END,2,1200,DAL,True,1,1,0.5,0.546,0.0
bdl_3712,Q3_7.5,3,1350,DAL,True,5,1,0.7,0.838,0.999
bdl_3712,Q3_5,3,1500,ATL,False,2,0,0.55,0.601,0.601
bdl_3712,Q3_2.5,3,1650,ATL,False,0,0,0.57,0.484,0.134
bdl_3712,Q3_END,3,1800,ATL,False,1,0,0.68,0.525,0.786
bdl_3712,Q4_7.5,4,1950,ATL,False,0,0,0.57,0.523,0.3075
bdl_3712,Q4_5,4,2100,ATL,False,2,0,0.57,0.698,0.9355
bdl_3712,Q4_2.5,4,2250,DAL,True,1,1,0.53,0.556,0.556
bdl_3713,Q2_7.5,2,750,LV,False,-2,1,0.6,0.336,0.336
bdl_3713,Q2_5,2,900,LV,False,3,1,0.85,0.714,1.0
bdl_3713,Q2_2.5,2,1050,LV,False,-1,1,0.68,0.391,0.004
bdl_3713,Q2_END,2,1200,LA,True,10,0,0.68,0.958,0.958
bdl_3713,Q3_7.5,3,1350,LA,True,15,0,0.95,0.998,1.0
bdl_3713,Q3_5,3,1500,LA,True,7,0,0.7,0.902,0.0
bdl_3713,Q3_2.5,3,1650,LA,True,9,0,0.6,0.951,0.995
bdl_3713,Q3_END,3,1800,LA,True,10,0,0.6,0.96,0.976
bdl_3713,Q4_7.5,4,1950,LA,True,6,0,0.6,0.818,0.186
bdl_3713,Q4_5,4,2100,LA,True,-1,0,0.5,0.371,0.0
bdl_3713,Q4_2.5,4,2250,LA,True,-2,0,0.6,0.296,0.168
bdl_3714,Q2_7.5,2,750,SEA,True,1,0,0.5,0.478,0.478
bdl_3714,Q2_5,2,900,SEA,True,2,0,0.55,0.662,0.999
bdl_3714,Q2_2.5,2,1050,SEA,True,8,0,0.75,0.983,1.0
bdl_3714,Q2_END,2,1200,SEA,True,2,0,0.53,0.643,0.0
bdl_3714,Q3_7.5,3,1350,CHI,False,5,1,0.8,0.833,0.833
bdl_3714,Q3_5,3,1500,CHI,False,6,1,0.65,0.848,0.919
bdl_3714,Q3_2.5,3,1650,CHI,False,4,1,0.63,0.727,0.039
bdl_3714,Q3_END,3,1800,CHI,False,6,1,0.7,0.881,0.999
bdl_3714,Q4_7.5,4,1950,CHI,False,5,1,0.7,0.879,0.967
bdl_3714,Q4_5,4,2100,CHI,False,6,1,0.7,0.92,0.964
bdl_3714,Q4_2.5,4,2250,CHI,False,7,1,0.7,0.987,0.997
bdl_3715,Q2_7.5,2,750,IND,True,8,0,0.93,0.995,0.995
bdl_3715,Q2_5,2,900,IND,True,4,0,0.85,0.8195,0.0
bdl_3715,Q2_2.5,2,1050,IND,True,-2,0,0.85,0.442,0.0
bdl_3715,Q2_END,2,1200,IND,True,1,0,0.75,0.535,0.603
bdl_3715,Q3_7.5,3,1350,IND,True,2,0,0.7,0.64,0.8965
bdl_3715,Q3_5,3,1500,IND,True,-4,0,0.7,0.304,0.001
bdl_3715,Q3_2.5,3,1650,IND,True,-7,0,0.55,0.092,0.0
bdl_3715,Q3_END,3,1800,IND,True,-7,0,0.55,0.111,0.1935
bdl_3715,Q4_7.5,4,1950,NY,False,9,1,0.57,0.955,0.955
bdl_3715,Q4_5,4,2100,NY,False,6,1,0.57,0.902,0.467
bdl_3715,Q4_2.5,4,2250,NY,False,0,1,0.53,0.523,0.081
bdl_3716,Q2_7.5,2,750,MIN,True,8,1,0.7,0.973,0.973
bdl_3716,Q2_5,2,900,WSH,False,-6,0,0.55,0.0675,0.0675
bdl_3716,Q2_2.5,2,1050,MIN,True,7,1,0.5,0.9285,0.9285
bdl_3716,Q2_END,2,1200,MIN,True,0,1,0.5,0.494,0.0
bdl_3716,Q3_7.5,3,1350,MIN,True,-5,1,0.5,0.1615,0.0
bdl_3716,Q3_5,3,1500,MIN,True,-1,1,0.5,0.483,0.999
bdl_3716,Q3_2.5,3,1650,MIN,True,0,1,0.6,0.545,0.992
bdl_3716,Q3_END,3,1800,MIN,True,-2,1,0.5,0.424,0.0
bdl_3716,Q4_7.5,4,1950,MIN,True,0,1,0.7,0.443,0.867
bdl_3716,Q4_5,4,2100,MIN,True,6,1,0.7,0.887,0.999
bdl_3716,Q4_2.5,4,2250,MIN,True,7,1,0.75,0.974,1.0
bdl_3717,Q2_7.5,2,750,CON,True,4,1,0.65,0.871,0.871
bdl_3717,Q2_5,2,900,CON,True,4,1,0.65,0.919,1.0
bdl_3717,Q2_2.5,2,1050,CON,True,9,1,0.93,0.987,1.0
bdl_3717,Q2_END,2,1200,CON,True,10,1,0.7,0.985,0.975
bdl_3717,Q3_7.5,3,1350,CON,True,10,1,0.7,0.973,0.894
bdl_3717,Q3_5,3,1500,CON,True,9,1,0.6,0.967,0.675
bdl_3717,Q3_2.5,3,1650,CON,True,14,1,0.75,0.998,1.0
bdl_3717,Q3_END,3,1800,CON,True,20,1,0.85,1.0,1.0
bdl_3717,Q4_7.5,4,1950,CON,True,17,1,0.93,1.0,0.992
bdl_3717,Q4_5,4,2100,CON,True,20,1,1,1.0,1.0
bdl_3717,Q4_2.5,4,2250,CON,True,20,1,1,1.0,1.0
bdl_3718,Q2_7.5,2,750,LV,True,2,1,0.58,0.66,0.66
bdl_3718,Q2_5,2,900,DAL,False,0,0,0.57,0.64,0.64
bdl_3718,Q2_2.5,2,1050,LV,True,4,1,0.68,0.785,0.785
bdl_3718,Q2_END,2,1200,LV,True,3,1,0.7,0.694,0.288
bdl_3718,Q3_7.5,3,1350,LV,True,10,1,0.95,0.953,1.0
bdl_3718,Q3_5,3,1500,LV,True,14,1,0.95,0.989,1.0
bdl_3718,Q3_2.5,3,1650,LV,True,12,1,0.95,0.976,0.955
bdl_3718,Q3_END,3,1800,LV,True,12,1,0.95,0.97,0.7
bdl_3718,Q4_7.5,4,1950,LV,True,11,1,0.95,0.974,0.943
bdl_3718,Q4_5,4,2100,LV,True,16,1,0.95,0.999,1.0
bdl_3718,Q4_2.5,4,2250,LV,True,19,1,0.95,1.0,1.0
bdl_3719,Q2_7.5,2,750,SEA,True,-1,1,0.5,0.394,0.394
bdl_3719,Q2_5,2,900,CHI,False,10,0,1,0.969,0.969
bdl_3719,Q2_2.5,2,1050,CHI,False,10,0,1,0.98,0.9735
bdl_3719,Q2_END,2,1200,CHI,False,8,0,0.9,0.932,0.909
bdl_3719,Q3_7.5,3,1350,CHI,False,3,0,0.9,0.748,0.006
bdl_3719,Q3_5,3,1500,SEA,True,3,1,0.5,0.682,0.682
bdl_3719,Q3_2.5,3,1650,SEA,True,9,1,0.53,0.97,1.0
bdl_3719,Q3_END,3,1800,SEA,True,7,1,0.63,0.914,0.079
bdl_3719,Q4_7.5,4,1950,SEA,True,12,1,0.68,0.995,1.0
bdl_3719,Q4_5,4,2100,SEA,True,11,1,0.63,0.991,0.97
bdl_3719,Q4_2.5,4,2250,SEA,True,5,1,0.63,0.948,0.308
bdl_3720,Q2_7.5,2,750,PHX,False,8,0,0.88,0.991,0.991
bdl_3720,Q2_5,2,900,PHX,False,6,0,0.93,0.947,0.0025
bdl_3720,Q2_2.5,2,1050,PHX,False,4,0,0.78,0.797,0.12
bdl_3720,Q2_END,2,1200,PHX,False,3,0,0.78,0.771,0.83
bdl_3720,Q3_7.5,3,1350,PHX,False,4,0,0.78,0.832,0.909
bdl_3720,Q3_5,3,1500,PHX,False,4,0,0.78,0.795,0.18
bdl_3720,Q3_2.5,3,1650,PHX,False,2,0,0.63,0.654,0.087
bdl_3720,Q3_END,3,1800,PHX,False,2,0,0.78,0.602,0.584
bdl_3720,Q4_7.5,4,1950,PHX,False,0,0,0.78,0.541,0.0175
bdl_3720,Q4_5,4,2100,PHX,False,-1,0,0.55,0.403,0.271
bdl_3720,Q4_2.5,4,2250,PHX,False,-1,0,0.55,0.358,0.37
bdl_3721,Q2_7.5,2,750,MIN,False,9,1,0.78,0.996,0.996
bdl_3721,Q2_5,2,900,MIN,False,8,1,0.85,0.979,0.441
bdl_3721,Q2_2.5,2,1050,MIN,False,11,1,0.85,0.995,0.999
bdl_3721,Q2_END,2,1200,MIN,False,16,1,0.9,1.0,1.0
bdl_3721,Q3_7.5,3,1350,MIN,False,16,1,0.85,0.999,0.9705
bdl_3721,Q3_5,3,1500,MIN,False,18,1,0.85,1.0,1.0
bdl_3721,Q3_2.5,3,1650,MIN,False,22,1,0.85,1.0,1.0
bdl_3721,Q3_END,3,1800,MIN,False,19,1,0.85,1.0,0.763
bdl_3721,Q4_7.5,4,1950,MIN,False,18,1,0.85,1.0,1.0
bdl_3721,Q4_5,4,2100,MIN,False,18,1,0.85,1.0,1.0
bdl_3721,Q4_2.5,4,2250,MIN,False,16,1,0.85,1.0,1.0
bdl_3722,Q2_7.5,2,750,NY,False,10,1,0.73,0.993,0.993
bdl_3722,Q2_5,2,900,NY,False,14,1,0.8,1.0,1.0
bdl_3722,Q2_2.5,2,1050,NY,False,11,1,0.75,0.991,0.0
bdl_3722,Q2_END,2,1200,NY,False,1,1,0.75,0.598,0.0
bdl_3722,Q3_7.5,3,1350,NY,False,10,1,0.75,0.957,1.0
bdl_3722,Q3_5,3,1500,NY,False,7,1,0.75,0.906,0.782
bdl_3722,Q3_2.5,3,1650,NY,False,4,1,0.75,0.816,0.4285
bdl_3722,Q3_END,3,1800,NY,False,5,1,0.75,0.824,0.518
bdl_3722,Q4_7.5,4,1950,NY,False,3,1,0.75,0.785,0.0
bdl_3722,Q4_5,4,2100,NY,False,0,1,0.75,0.52,0.631
bdl_3722,Q4_2.5,4,2250,NY,False,1,1,0.75,0.591,0.571
bdl_3723,Q2_7.5,2,750,WSH,False,12,1,0.75,0.998,0.998
bdl_3723,Q2_5,2,900,WSH,False,15,1,0.95,0.999,1.0
bdl_3723,Q2_2.5,2,1050,WSH,False,12,1,0.95,0.992,0.0
bdl_3723,Q2_END,2,1200,WSH,False,14,1,0.95,0.998,1.0
bdl_3723,Q3_7.5,3,1350,WSH,False,10,1,0.95,0.961,0.022
bdl_3723,Q3_5,3,1500,WSH,False,9,1,0.52,0.94,0.674
bdl_3723,Q3_2.5,3,1650,WSH,False,19,1,0.95,0.999,1.0
bdl_3723,Q3_END,3,1800,WSH,False,21,1,0.93,1.0,1.0
bdl_3723,Q4_7.5,4,1950,WSH,False,13,1,0.73,0.997,0.09
bdl_3723,Q4_5,4,2100,WSH,False,13,1,0.73,0.997,0.957
bdl_3723,Q4_2.5,4,2250,WSH,False,8,1,0.73,0.993,0.728
bdl_3724,Q2_7.5,2,750,ATL,False,6,0,0.53,0.955,0.955
bdl_3724,Q2_5,2,900,ATL,False,6,0,0.53,0.937,0.7575
bdl_3724,Q2_2.5,2,1050,CHI,True,3,1,0.58,0.768,0.768
bdl_3724,Q2_END,2,1200,CHI,True,4,1,0.68,0.787,0.916
bdl_3724,Q3_7.5,3,1350,CHI,True,2,1,0.68,0.693,0.0435
bdl_3724,Q3_5,3,1500,CHI,True,2,1,0.68,0.565,0.014
bdl_3724,Q3_2.5,3,1650,CHI,True,0,1,0.58,0.497,0.758
bdl_3724,Q3_END,3,1800,CHI,True,0,1,0.73,0.555,0.443
bdl_3724,Q4_7.5,4,1950,CHI,True,0,1,0.58,0.542,0.505
bdl_3724,Q4_5,4,2100,CHI,True,0,1,0.73,0.43,0.581
bdl_3724,Q4_2.5,4,2250,CHI,True,3,1,0.78,0.855,0.965
bdl_3725,Q2_7.5,2,750,SEA,True,3,0,0.63,0.888,0.888
bdl_3725,Q2_5,2,900,SEA,True,6,0,0.73,0.937,0.911
bdl_3725,Q2_2.5,2,1050,SEA,True,6,0,0.68,0.925,0.768
bdl_3725,Q2_END,2,1200,SEA,True,6,0,0.73,0.894,0.823
bdl_3725,Q3_7.5,3,1350,SEA,True,7,0,0.73,0.925,0.959
bdl_3725,Q3_5,3,1500,SEA,True,1,0,0.68,0.665,0.004
bdl_3725,Q3_2.5,3,1650,LV,False,7,1,0.83,0.925,0.925
bdl_3725,Q3_END,3,1800,LV,False,5,1,0.83,0.862,0.04
bdl_3725,Q4_7.5,4,1950,LV,False,4,1,0.83,0.838,0.5615
bdl_3725,Q4_5,4,2100,LV,False,7,1,0.83,0.922,0.986
bdl_3725,Q4_2.5,4,2250,LV,False,7,1,0.83,0.99,0.998
bdl_3726,Q2_7.5,2,750,DAL,False,8,0,0.8,0.966,0.966
bdl_3726,Q2_5,2,900,DAL,False,0,0,0.65,0.697,0.002
bdl_3726,Q2_2.5,2,1050,PHX,True,-1,1,0.57,0.442,0.442
bdl_3726,Q2_END,2,1200,PHX,True,3,1,0.65,0.729,1.0
bdl_3726,Q3_7.5,3,1350,PHX,True,5,1,0.65,0.81,0.98
bdl_3726,Q3_5,3,1500,PHX,True,10,1,0.77,0.965,1.0
bdl_3726,Q3_2.5,3,1650,PHX,True,11,1,0.83,0.972,0.975
bdl_3726,Q3_END,3,1800,PHX,True,14,1,0.77,0.994,1.0
bdl_3726,Q4_7.5,4,1950,PHX,True,23,1,0.95,1.0,1.0
bdl_3726,Q4_5,4,2100,PHX,True,21,1,0.95,1.0,0.999
bdl_3726,Q4_2.5,4,2250,PHX,True,17,1,0.88,1.0,1.0
bdl_3727,Q2_7.5,2,750,CHI,False,12,0,0.85,0.996,0.996
bdl_3727,Q2_5,2,900,CHI,False,8,0,0.75,0.969,0.486
bdl_3727,Q2_2.5,2,1050,CHI,False,2,0,0.85,0.667,0.0
bdl_3727,Q2_END,2,1200,CHI,False,2,0,0.85,0.711,0.6095
bdl_3727,Q3_7.5,3,1350,CHI,False,-1,0,0.7,0.41,0.0055
bdl_3727,Q3_5,3,1500,CHI,False,3,0,0.75,0.729,1.0
bdl_3727,Q3_2.5,3,1650,CHI,False,-4,0,0.6,0.189,0.0
bdl_3727,Q3_END,3,1800,CHI,False,-1,0,0.75,0.429,0.999
bdl_3727,Q4_7.5,4,1950,NY,True,2,1,0.5,0.675,0.675
bdl_3727,Q4_5,4,2100,NY,True,7,1,0.65,0.957,1.0
bdl_3727,Q4_2.5,4,2250,NY,True,11,1,0.77,1.0,1.0
bdl_3728,Q2_7.5,2,750,LV,False,-1,1,0.68,0.365,0.365
bdl_3728,Q2_5,2,900,LV,False,4,1,0.83,0.805,0.952
bdl_3728,Q2_2.5,2,1050,LV,False,8,1,0.83,0.959,1.0
bdl_3728,Q2_END,2,1200,LV,False,14,1,0.88,0.999,1.0
bdl_3728,Q3_7.5,3,1350,LV,False,15,1,0.83,1.0,0.998
bdl_3728,Q3_5,3,1500,LV,False,11,1,0.83,0.976,0.003
bdl_3728,Q3_2.5,3,1650,LV,False,12,1,0.9,0.99,0.999
bdl_3728,Q3_END,3,1800,LV,False,10,1,0.9,0.986,0.0825
bdl_3728,Q4_7.5,4,1950,LV,False,12,1,0.9,0.992,0.992
bdl_3728,Q4_5,4,2100,LV,False,13,1,0.9,1.0,1.0
bdl_3728,Q4_2.5,4,2250,LV,False,10,1,0.9,1.0,0.981
bdl_3729,Q2_7.5,2,750,IND,True,13,1,0.85,1.0,1.0
bdl_3729,Q2_5,2,900,IND,True,11,1,0.75,0.993,0.189
bdl_3729,Q2_2.5,2,1050,IND,True,12,1,0.65,0.993,0.966
bdl_3729,Q2_END,2,1200,IND,True,20,1,0.65,1.0,1.0
bdl_3729,Q3_7.5,3,1350,IND,True,22,1,0.65,1.0,1.0
bdl_3729,Q3_5,3,1500,IND,True,23,1,0.73,1.0,1.0
bdl_3729,Q3_2.5,3,1650,IND,True,28,1,0.8,1.0,1.0
bdl_3729,Q3_END,3,1800,IND,True,23,1,0.73,1.0,0.166
bdl_3729,Q4_7.5,4,1950,IND,True,14,1,0.73,0.998,0.075
bdl_3729,Q4_5,4,2100,IND,True,9,1,0.65,0.97,0.026
bdl_3729,Q4_2.5,4,2250,IND,True,6,1,0.65,0.963,0.847
bdl_3730,Q2_7.5,2,750,SEA,True,12,1,0.88,1.0,1.0
bdl_3730,Q2_5,2,900,SEA,True,14,1,0.88,1.0,1.0
bdl_3730,Q2_2.5,2,1050,SEA,True,18,1,0.93,0.999,0.998
bdl_3730,Q2_END,2,1200,SEA,True,13,1,0.85,0.986,0.002
bdl_3730,Q3_7.5,3,1350,SEA,True,15,1,0.75,0.997,1.0
bdl_3730,Q3_5,3,1500,SEA,True,13,1,0.75,0.989,0.5605
bdl_3730,Q3_2.5,3,1650,SEA,True,16,1,0.83,0.995,1.0
bdl_3730,Q3_END,3,1800,SEA,True,16,1,0.75,0.999,0.999
bdl_3730,Q4_7.5,4,1950,SEA,True,22,1,0.85,1.0,1.0
bdl_3730,Q4_5,4,2100,SEA,True,26,1,0.85,1.0,1.0
bdl_3730,Q4_2.5,4,2250,SEA,True,27,1,0.75,1.0,1.0
bdl_3731,Q2_7.5,2,750,CHI,True,4,0,0.78,0.926,0.926
bdl_3731,Q2_5,2,900,CHI,True,5,0,0.63,0.772,0.0005
bdl_3731,Q2_2.5,2,1050,CHI,True,0,0,0.55,0.479,0.062
bdl_3731,Q2_END,2,1200,NY,False,9,1,0.73,0.947,0.947
bdl_3731,Q3_7.5,3,1350,NY,False,9,1,0.68,0.937,0.887
bdl_3731,Q3_5,3,1500,NY,False,10,1,0.8,0.959,0.9505
bdl_3731,Q3_2.5,3,1650,NY,False,12,1,0.8,0.97,0.948
bdl_3731,Q3_END,3,1800,NY,False,7,1,0.8,0.886,0.238
bdl_3731,Q4_7.5,4,1950,NY,False,9,1,0.8,0.954,0.98
bdl_3731,Q4_5,4,2100,NY,False,9,1,0.8,0.983,1.0
bdl_3731,Q4_2.5,4,2250,NY,False,10,1,0.8,1.0,1.0
bdl_3732,Q2_7.5,2,750,LA,False,7,1,0.83,0.952,0.952
bdl_3732,Q2_5,2,900,LA,False,6,1,0.83,0.842,0.035
bdl_3732,Q2_2.5,2,1050,LA,False,3,1,0.73,0.766,0.563
bdl_3732,Q2_END,2,1200,LA,False,1,1,0.63,0.51,0.068
bdl_3732,Q3_7.5,3,1350,LA,False,7,1,0.63,0.916,1.0
bdl_3732,Q3_5,3,1500,LA,False,8,1,0.73,0.925,0.898
bdl_3732,Q3_2.5,3,1650,LA,False,4,1,0.73,0.751,0.0
bdl_3732,Q3_END,3,1800,LA,False,-2,1,0.53,0.339,0.0
bdl_3732,Q4_7.5,4,1950,DAL,True,4,0,0.53,0.735,0.735
bdl_3732,Q4_5,4,2100,LA,False,1,1,0.68,0.62,0.62
bdl_3732,Q4_2.5,4,2250,LA,False,5,1,0.73,0.934,0.998
bdl_3733,Q2_7.5,2,750,PHX,False,2,0,0.78,0.628,0.628
bdl_3733,Q2_5,2,900,CON,True,4,1,0.53,0.836,0.836
bdl_3733,Q2_2.5,2,1050,CON,True,7,1,0.65,0.926,0.912
bdl_3733,Q2_END,2,1200,CON,True,6,1,0.65,0.891,0.951
bdl_3733,Q3_7.5,3,1350,CON,True,10,1,0.57,0.965,1.0
bdl_3733,Q3_5,3,1500,CON,True,12,1,0.57,0.992,1.0
bdl_3733,Q3_2.5,3,1650,CON,True,12,1,0.57,0.994,1.0
bdl_3733,Q3_END,3,1800,CON,True,16,1,0.85,0.999,1.0
bdl_3733,Q4_7.5,4,1950,CON,True,25,1,1,1.0,1.0
bdl_3733,Q4_5,4,2100,CON,True,22,1,1,1.0,0.9995
bdl_3733,Q4_2.5,4,2250,CON,True,22,1,1,1.0,1.0
bdl_3734,Q2_7.5,2,750,WSH,True,11,0,0.88,0.998,0.998
bdl_3734,Q2_5,2,900,WSH,True,7,0,0.88,0.945,0.0
bdl_3734,Q2_2.5,2,1050,WSH,True,6,0,0.65,0.877,0.393
bdl_3734,Q2_END,2,1200,WSH,True,3,0,0.65,0.689,0.039
bdl_3734,Q3_7.5,3,1350,WSH,True,1,0,0.65,0.52,0.0
bdl_3734,Q3_5,3,1500,WSH,True,1,0,0.5,0.478,0.029
bdl_3734,Q3_2.5,3,1650,WSH,True,0,0,0.5,0.425,0.478
bdl_3734,Q3_END,3,1800,LV,False,3,1,0.55,0.685,0.685
bdl_3734,Q4_7.5,4,1950,LV,False,6,1,0.55,0.903,1.0
bdl_3734,Q4_5,4,2100,LV,False,7,1,0.55,0.937,0.898
bdl_3734,Q4_2.5,4,2250,LV,False,8,1,0.55,0.989,0.999
bdl_3735,Q2_7.5,2,750,MIN,True,7,0,0.75,0.974,0.974
bdl_3735,Q2_5,2,900,MIN,True,6,0,0.6,0.92,0.352
bdl_3735,Q2_2.5,2,1050,IND,False,-2,1,0.65,0.356,0.356
bdl_3735,Q2_END,2,1200,IND,False,0,1,0.65,0.54,0.9995
bdl_3735,Q3_7.5,3,1350,IND,False,0,1,0.55,0.545,0.512
bdl_3735,Q3_5,3,1500,MIN,True,0,0,0.75,0.549,0.549
bdl_3735,Q3_2.5,3,1650,MIN,True,2,0,0.75,0.589,0.9755
bdl_3735,Q3_END,3,1800,MIN,True,7,0,0.95,0.909,1.0
bdl_3735,Q4_7.5,4,1950,MIN,True,0,0,0.8,0.502,0.069
bdl_3735,Q4_5,4,2100,MIN,True,-1,0,0.8,0.392,0.0875
bdl_3735,Q4_2.5,4,2250,MIN,True,-2,0,0.8,0.306,0.1765
bdl_3736,Q2_7.5,2,750,ATL,False,-2,0,0.73,0.475,0.475
bdl_3736,Q2_5,2,900,SEA,True,8,1,0.75,0.961,0.961
bdl_3736,Q2_2.5,2,1050,SEA,True,8,1,0.95,0.975,1.0
bdl_3736,Q2_END,2,1200,SEA,True,6,1,0.8,0.892,0.029
bdl_3736,Q3_7.5,3,1350,SEA,True,10,1,0.9,0.974,1.0
bdl_3736,Q3_5,3,1500,SEA,True,5,1,0.65,0.842,0.0
bdl_3736,Q3_2.5,3,1650,SEA,True,9,1,0.85,0.96,1.0
bdl_3736,Q3_END,3,1800,SEA,True,3,1,0.6,0.743,0.0
bdl_3736,Q4_7.5,4,1950,SEA,True,3,1,0.7,0.696,0.261
bdl_3736,Q4_5,4,2100,SEA,True,6,1,0.9,0.917,1.0
bdl_3736,Q4_2.5,4,2250,SEA,True,10,1,0.95,1.0,1.0
bdl_3737,Q2_7.5,2,750,PHX,False,1,1,0.68,0.738,0.738
bdl_3737,Q2_5,2,900,PHX,False,3,1,0.53,0.604,0.0
bdl_3737,Q2_2.5,2,1050,PHX,False,1,1,0.57,0.587,0.815
bdl_3737,Q2_END,2,1200,PHX,False,-2,1,0.68,0.391,0.001
bdl_3737,Q3_7.5,3,1350,PHX,False,-5,1,0.68,0.19,0.002
bdl_3737,Q3_5,3,1500,PHX,False,-3,1,0.68,0.347,0.986
bdl_3737,Q3_2.5,3,1650,WSH,True,2,0,0.55,0.682,0.682
bdl_3737,Q3_END,3,1800,PHX,False,8,1,0.53,0.945,0.945
bdl_3737,Q4_7.5,4,1950,PHX,False,4,1,0.53,0.749,0.006
bdl_3737,Q4_5,4,2100,PHX,False,10,1,0.68,0.982,1.0
bdl_3737,Q4_2.5,4,2250,PHX,False,6,1,0.68,0.968,0.604
bdl_3738,Q2_7.5,2,750,LA,True,5,0,0.55,0.825,0.825
bdl_3738,Q2_5,2,900,LA,True,4,0,0.73,0.792,0.8725
bdl_3738,Q2_2.5,2,1050,LA,True,1,0,0.75,0.582,0.0
bdl_3738,Q2_END,2,1200,SEA,False,4,1,0.83,0.788,0.788
bdl_3738,Q3_7.5,3,1350,SEA,False,6,1,0.83,0.856,0.9885
bdl_3738,Q3_5,3,1500,SEA,False,8,1,0.95,0.936,1.0
bdl_3738,Q3_2.5,3,1650,SEA,False,8,1,0.95,0.908,0.029
bdl_3738,Q3_END,3,1800,SEA,False,3,1,0.8,0.717,0.121
bdl_3738,Q4_7.5,4,1950,SEA,False,2,1,0.65,0.666,0.405
bdl_3738,Q4_5,4,2100,SEA,False,5,1,0.63,0.838,0.91
bdl_3738,Q4_2.5,4,2250,SEA,False,6,1,0.6,0.955,1.0
bdl_3739,Q2_7.5,2,750,NY,True,8,1,0.88,0.978,0.978
bdl_3739,Q2_5,2,900,NY,True,8,1,0.88,0.968,0.747
bdl_3739,Q2_2.5,2,1050,NY,True,7,1,0.88,0.908,0.399
bdl_3739,Q2_END,2,1200,NY,True,3,1,0.83,0.776,0.0
bdl_3739,Q3_7.5,3,1350,NY,True,4,1,0.83,0.747,0.878
bdl_3739,Q3_5,3,1500,NY,True,2,1,0.75,0.601,0.025
bdl_3739,Q3_2.5,3,1650,NY,True,4,1,0.8,0.763,0.977
bdl_3739,Q3_END,3,1800,NY,True,0,1,0.75,0.521,0.005
bdl_3739,Q4_7.5,4,1950,NY,True,6,1,0.88,0.826,0.999
bdl_3739,Q4_5,4,2100,NY,True,6,1,0.7,0.946,1.0
bdl_3739,Q4_2.5,4,2250,NY,True,6,1,0.8,0.986,0.941
bdl_3740,Q2_7.5,2,750,CHI,False,14,1,0.95,1.0,1.0
bdl_3740,Q2_5,2,900,CHI,False,17,1,1,1.0,1.0
bdl_3740,Q2_2.5,2,1050,CHI,False,14,1,0.93,0.999,0.063
bdl_3740,Q2_END,2,1200,CHI,False,7,1,0.7,0.93,0.0
bdl_3740,Q3_7.5,3,1350,CHI,False,6,1,0.85,0.871,0.48
bdl_3740,Q3_5,3,1500,CHI,False,8,1,0.85,0.916,0.9885
bdl_3740,Q3_2.5,3,1650,CHI,False,12,1,0.85,0.989,0.998
bdl_3740,Q3_END,3,1800,CHI,False,6,1,0.85,0.908,0.326
bdl_3740,Q4_7.5,4,1950,CHI,False,1,1,0.75,0.523,0.0
bdl_3740,Q4_5,4,2100,CHI,False,1,1,0.75,0.635,1.0
bdl_3740,Q4_2.5,4,2250,CHI,False,3,1,0.65,0.799,0.75
bdl_3741,Q2_7.5,2,750,ATL,False,2,0,0.63,0.719,0.719
bdl_3741,Q2_5,2,900,ATL,False,0,0,0.63,0.554,0.0145
bdl_3741,Q2_2.5,2,1050,ATL,False,1,0,0.73,0.604,0.847
bdl_3741,Q2_END,2,1200,ATL,False,2,0,0.73,0.685,0.8595
bdl_3741,Q3_7.5,3,1350,ATL,False,1,0,0.57,0.485,0.02
bdl_3741,Q3_5,3,1500,ATL,False,2,0,0.57,0.65,0.987
bdl_3741,Q3_2.5,3,1650,ATL,False,-1,0,0.57,0.453,0.018
bdl_3741,Q3_END,3,1800,ATL,False,4,0,0.57,0.797,1.0
bdl_3741,Q4_7.5,4,1950,ATL,False,4,0,0.57,0.751,0.2785
bdl_3741,Q4_5,4,2100,ATL,False,1,0,0.57,0.579,0.272
bdl_3741,Q4_2.5,4,2250,MIN,True,3,1,0.53,0.772,0.772
bdl_3742,Q2_7.5,2,750,DAL,True,14,0,0.95,1.0,1.0
bdl_3742,Q2_5,2,900,DAL,True,8,0,0.85,0.988,0.169
bdl_3742,Q2_2.5,2,1050,DAL,True,10,0,0.85,0.981,0.988
bdl_3742,Q2_END,2,1200,DAL,True,8,0,0.85,0.93,0.008
bdl_3742,Q3_7.5,3,1350,DAL,True,9,0,0.8,0.938,0.966
bdl_3742,Q3_5,3,1500,DAL,True,2,0,0.8,0.659,0.0
bdl_3742,Q3_2.5,3,1650,DAL,True,3,0,0.8,0.693,0.8355
bdl_3742,Q3_END,3,1800,DAL,True,2,0,0.8,0.613,0.296
bdl_3742,Q4_7.5,4,1950,DAL,True,-1,0,0.5,0.455,0.012
bdl_3742,Q4_5,4,2100,DAL,True,-1,0,0.8,0.378,0.7095
bdl_3742,Q4_2.5,4,2250,DAL,True,0,0,0.8,0.541,0.704
bdl_3743,Q2_7.5,2,750,USA,False,1,0,0.75,0.612,0.612
bdl_3743,Q2_5,2,900,USA,False,6,0,0.75,0.853,0.999
bdl_3743,Q2_2.5,2,1050,USA,False,3,0,0.75,0.641,0.006
bdl_3743,Q2_END,2,1200,USA,False,2,0,0.75,0.655,0.994
bdl_3743,Q3_7.5,3,1350,USA,False,-5,0,0.75,0.191,0.0
bdl_3743,Q3_5,3,1500,USA,False,-6,0,0.53,0.125,0.061
bdl_3743,Q3_2.5,3,1650,USA,False,-4,0,0.53,0.205,0.1755
bdl_3743,Q3_END,3,1800,WNBASTARS,True,9,1,0.65,0.919,0.919
bdl_3743,Q4_7.5,4,1950,WNBASTARS,True,7,1,0.55,0.863,0.8445
bdl_3743,Q4_5,4,2100,WNBASTARS,True,17,1,0.8,1.0,1.0
bdl_3743,Q4_2.5,4,2250,WNBASTARS,True,13,1,0.75,1.0,0.9985
bdl_3744,Q2_7.5,2,750,PHX,False,19,1,1,1.0,1.0
bdl_3744,Q2_5,2,900,PHX,False,25,1,1,1.0,1.0
bdl_3744,Q2_2.5,2,1050,PHX,False,23,1,1,1.0,0.6995
bdl_3744,Q2_END,2,1200,PHX,False,22,1,0.95,0.999,1.0
bdl_3744,Q3_7.5,3,1350,PHX,False,18,1,0.88,0.999,0.671
bdl_3744,Q3_5,3,1500,PHX,False,21,1,0.85,1.0,1.0
bdl_3744,Q3_2.5,3,1650,PHX,False,21,1,0.9,1.0,0.999
bdl_3744,Q3_END,3,1800,PHX,False,17,1,0.85,1.0,0.575
bdl_3744,Q4_7.5,4,1950,PHX,False,20,1,0.78,1.0,1.0
bdl_3744,Q4_5,4,2100,PHX,False,18,1,0.85,1.0,1.0
bdl_3744,Q4_2.5,4,2250,PHX,False,21,1,0.85,1.0,1.0
bdl_3745,Q2_7.5,2,750,MIN,True,6,1,0.78,0.926,0.926
bdl_3745,Q2_5,2,900,WSH,False,3,0,0.55,0.652,0.652
bdl_3745,Q2_2.5,2,1050,WSH,False,2,0,0.57,0.656,0.841
bdl_3745,Q2_END,2,1200,WSH,False,2,0,0.57,0.684,0.591
bdl_3745,Q3_7.5,3,1350,WSH,False,-5,0,0.57,0.276,0.0
bdl_3745,Q3_5,3,1500,WSH,False,-2,0,0.57,0.351,0.455
bdl_3745,Q3_2.5,3,1650,WSH,False,-1,0,0.68,0.435,0.657
bdl_3745,Q3_END,3,1800,WSH,False,0,0,0.68,0.478,0.854
bdl_3745,Q4_7.5,4,1950,WSH,False,1,0,0.75,0.59,0.863
bdl_3745,Q4_5,4,2100,WSH,False,0,0,0.6,0.489,0.35
bdl_3745,Q4_2.5,4,2250,WSH,False,-5,0,0.6,0.058,0.001
bdl_3746,Q2_7.5,2,750,NY,False,27,1,1,1.0,1.0
bdl_3746,Q2_5,2,900,NY,False,26,1,1,1.0,0.8785
bdl_3746,Q2_2.5,2,1050,NY,False,20,1,0.85,1.0,0.057
bdl_3746,Q2_END,2,1200,NY,False,29,1,1,1.0,1.0
bdl_3746,Q3_7.5,3,1350,NY,False,29,1,0.9,1.0,0.991
bdl_3746,Q3_5,3,1500,NY,False,28,1,0.9,1.0,0.9955
bdl_3746,Q3_2.5,3,1650,NY,False,40,1,0.9,1.0,1.0
bdl_3746,Q3_END,3,1800,NY,False,37,1,0.9,1.0,1.0
bdl_3746,Q4_7.5,4,1950,NY,False,31,1,0.9,1.0,0.958
bdl_3746,Q4_5,4,2100,NY,False,31,1,0.9,1.0,1.0
bdl_3746,Q4_2.5,4,2250,NY,False,29,1,0.9,1.0,1.0
bdl_3747,Q2_7.5,2,750,SEA,False,7,0,0.85,0.979,0.979
bdl_3747,Q2_5,2,900,SEA,False,9,0,0.85,0.985,0.998
bdl_3747,Q2_2.5,2,1050,SEA,False,8,0,0.85,0.979,0.428
bdl_3747,Q2_END,2,1200,SEA,False,11,0,0.85,0.992,1.0
bdl_3747,Q3_7.5,3,1350,SEA,False,10,0,0.8,0.988,0.655
bdl_3747,Q3_5,3,1500,SEA,False,8,0,0.7,0.932,0.344
bdl_3747,Q3_2.5,3,1650,SEA,False,6,0,0.55,0.83,0.2735
bdl_3747,Q3_END,3,1800,SEA,False,5,0,0.55,0.839,0.584
bdl_3747,Q4_7.5,4,1950,SEA,False,2,0,0.7,0.663,0.0
bdl_3747,Q4_5,4,2100,SEA,False,-4,0,0.55,0.175,0.004
bdl_3747,Q4_2.5,4,2250,ATL,True,4,1,0.6,0.913,0.913
bdl_3748,Q2_7.5,2,750,IND,True,23,1,0.9,1.0,1.0
bdl_3748,Q2_5,2,900,IND,True,25,1,1,1.0,0.999
bdl_3748,Q2_2.5,2,1050,IND,True,23,1,1,1.0,0.6885
bdl_3748,Q2_END,2,1200,IND,True,17,1,0.9,1.0,0.003
bdl_3748,Q3_7.5,3,1350,IND,True,11,1,0.9,0.978,0.0
bdl_3748,Q3_5,3,1500,IND,True,10,1,0.83,0.944,0.655
bdl_3748,Q3_2.5,3,1650,IND,True,2,1,0.7,0.597,0.0
bdl_3748,Q3_END,3,1800,IND,True,8,1,0.7,0.906,1.0
bdl_3748,Q4_7.5,4,1950,IND,True,5,1,0.7,0.834,0.766
bdl_3748,Q4_5,4,2100,IND,True,9,1,0.78,0.976,1.0
bdl_3748,Q4_2.5,4,2250,IND,True,6,1,0.73,0.953,0.919
bdl_3749,Q2_7.5,2,750,CON,False,8,1,0.7,0.966,0.966
bdl_3749,Q2_5,2,900,CON,False,9,1,0.68,0.967,0.974
bdl_3749,Q2_2.5,2,1050,CON,False,4,1,0.63,0.775,0.0
bdl_3749,Q2_END,2,1200,CON,False,12,1,0.68,0.982,1.0
bdl_3749,Q3_7.5,3,1350,CON,False,13,1,0.8,0.984,0.971
bdl_3749,Q3_5,3,1500,CON,False,17,1,0.8,1.0,1.0
bdl_3749,Q3_2.5,3,1650,CON,False,19,1,0.8,1.0,1.0
bdl_3749,Q3_END,3,1800,CON,False,21,1,0.75,0.999,1.0
bdl_3749,Q4_7.5,4,1950,CON,False,20,1,0.73,1.0,0.994
bdl_3749,Q4_5,4,2100,CON,False,22,1,0.73,1.0,1.0
bdl_3749,Q4_2.5,4,2250,CON,False,19,1,0.73,1.0,1.0
bdl_3750,Q2_7.5,2,750,WSH,True,-4,0,0.53,0.125,0.125
bdl_3750,Q2_5,2,900,WSH,True,-3,0,0.53,0.235,0.696
bdl_3750,Q2_2.5,2,1050,WSH,True,-2,0,0.68,0.247,0.1545
bdl_3750,Q2_END,2,1200,WSH,True,-6,0,0.53,0.116,0.038
bdl_3750,Q3_7.5,3,1350,MIN,False,11,1,0.65,0.968,0.968
bdl_3750,Q3_5,3,1500,MIN,False,10,1,0.85,0.984,1.0
bdl_3750,Q3_2.5,3,1650,MIN,False,18,1,0.85,0.999,1.0
bdl_3750,Q3_END,3,1800,MIN,False,22,1,0.9,1.0,1.0
bdl_3750,Q4_7.5,4,1950,MIN,False,20,1,0.9,1.0,0.997
bdl_3750,Q4_5,4,2100,MIN,False,23,1,1,1.0,1.0
bdl_3750,Q4_2.5,4,2250,MIN,False,19,1,0.9,1.0,1.0
bdl_3751,Q2_7.5,2,750,LV,True,-2,0,0.8,0.312,0.312
bdl_3751,Q2_5,2,900,LV,True,-2,0,0.65,0.314,0.407
bdl_3751,Q2_2.5,2,1050,LV,True,-3,0,0.53,0.246,0.122
bdl_3751,Q2_END,2,1200,NY,False,6,1,0.63,0.887,0.887
bdl_3751,Q3_7.5,3,1350,LV,True,-4,0,0.7,0.295,0.295
bdl_3751,Q3_5,3,1500,LV,True,-6,0,0.55,0.122,0.0
bdl_3751,Q3_2.5,3,1650,LV,True,-5,0,0.68,0.18,0.521
bdl_3751,Q3_END,3,1800,LV,True,-8,0,0.55,0.089,0.0
bdl_3751,Q4_7.5,4,1950,LV,True,-7,0,0.63,0.07,0.004
bdl_3751,Q4_5,4,2100,LV,True,-9,0,0.63,0.017,0.117
bdl_3751,Q4_2.5,4,2250,LV,True,-14,0,0.5,0.0,0.0
bdl_3752,Q2_7.5,2,750,LA,True,0,0,0.65,0.649,0.649
bdl_3752,Q2_5,2,900,LA,True,-1,0,0.65,0.437,0.0
bdl_3752,Q2_2.5,2,1050,LA,True,2,0,0.55,0.694,0.987
bdl_3752,Q2_END,2,1200,LA,True,4,0,0.6,0.801,0.978
bdl_3752,Q3_7.5,3,1350,LA,True,4,0,0.65,0.796,0.619
bdl_3752,Q3_5,3,1500,CHI,False,-1,1,0.5,0.432,0.432
bdl_3752,Q3_2.5,3,1650,LA,True,6,0,0.75,0.832,0.832
bdl_3752,Q3_END,3,1800,LA,True,10,0,0.78,0.979,0.999
bdl_3752,Q4_7.5,4,1950,LA,True,3,0,0.68,0.706,0.0015
bdl_3752,Q4_5,4,2100,CHI,False,0,1,0.53,0.498,0.498
bdl_3752,Q4_2.5,4,2250,LA,True,-2,0,0.57,0.292,0.292
bdl_3753,Q2_7.5,2,750,ATL,True,4,1,0.83,0.914,0.914
bdl_3753,Q2_5,2,900,ATL,True,7,1,0.88,0.97,1.0
bdl_3753,Q2_2.5,2,1050,ATL,True,3,1,0.78,0.764,0.0025
bdl_3753,Q2_END,2,1200,ATL,True,4,1,0.65,0.778,0.928
bdl_3753,Q3_7.5,3,1350,ATL,True,4,1,0.8,0.815,0.76
bdl_3753,Q3_5,3,1500,ATL,True,2,1,0.8,0.749,0.6025
bdl_3753,Q3_2.5,3,1650,ATL,True,7,1,0.8,0.878,0.861
bdl_3753,Q3_END,3,1800,ATL,True,7,1,0.83,0.904,0.991
bdl_3753,Q4_7.5,4,1950,ATL,True,0,1,0.57,0.472,0.0
bdl_3753,Q4_5,4,2100,ATL,True,-5,1,0.57,0.123,0.0
bdl_3753,Q4_2.5,4,2250,ATL,True,2,1,0.6,0.698,0.989
bdl_3754,Q2_7.5,2,750,SEA,False,5,0,0.78,0.934,0.934
bdl_3754,Q2_5,2,900,SEA,False,6,0,0.78,0.921,0.9095
bdl_3754,Q2_2.5,2,1050,SEA,False,1,0,0.65,0.621,0.0
bdl_3754,Q2_END,2,1200,IND,True,1,1,0.55,0.606,0.606
bdl_3754,Q3_7.5,3,1350,IND,True,7,1,0.7,0.9,1.0
bdl_3754,Q3_5,3,1500,IND,True,3,1,0.53,0.733,0.15
bdl_3754,Q3_2.5,3,1650,SEA,False,1,0,0.55,0.516,0.516
bdl_3754,Q3_END,3,1800,IND,True,1,1,0.63,0.62,0.62
bdl_3754,Q4_7.5,4,1950,IND,True,6,1,0.73,0.888,1.0
bdl_3754,Q4_5,4,2100,IND,True,6,1,0.8,0.904,0.817
bdl_3754,Q4_2.5,4,2250,IND,True,19,1,1,1.0,1.0
bdl_3755,Q2_7.5,2,750,LV,True,3,1,0.75,0.771,0.771
bdl_3755,Q2_5,2,900,LV,True,2,1,0.83,0.581,0.031
bdl_3755,Q2_2.5,2,1050,LV,True,7,1,0.83,0.905,1.0
bdl_3755,Q2_END,2,1200,LV,True,7,1,0.75,0.918,0.991
bdl_3755,Q3_7.5,3,1350,LV,True,12,1,0.95,0.991,1.0
bdl_3755,Q3_5,3,1500,LV,True,5,1,0.73,0.816,0.035
bdl_3755,Q3_2.5,3,1650,LV,True,5,1,0.73,0.811,0.901
bdl_3755,Q3_END,3,1800,LV,True,12,1,0.88,0.985,1.0
bdl_3755,Q4_7.5,4,1950,LV,True,11,1,0.83,0.983,0.857
bdl_3755,Q4_5,4,2100,LV,True,9,1,0.63,0.987,0.88
bdl_3755,Q4_2.5,4,2250,LV,True,14,1,0.8,1.0,1.0
bdl_3756,Q2_7.5,2,750,PHX,True,18,1,0.95,1.0,1.0
bdl_3756,Q2_5,2,900,PHX,True,15,1,0.95,1.0,0.056
bdl_3756,Q2_2.5,2,1050,PHX,True,14,1,0.88,0.999,0.634
bdl_3756,Q2_END,2,1200,PHX,True,17,1,0.88,1.0,1.0
bdl_3756,Q3_7.5,3,1350,PHX,True,13,1,0.88,0.996,0.027
bdl_3756,Q3_5,3,1500,PHX,True,7,1,0.83,0.909,0.001
bdl_3756,Q3_2.5,3,1650,PHX,True,15,1,0.95,0.999,1.0
bdl_3756,Q3_END,3,1800,PHX,True,19,1,0.95,1.0,1.0
bdl_3756,Q4_7.5,4,1950,PHX,True,15,1,0.9,1.0,0.959
bdl_3756,Q4_5,4,2100,PHX,True,11,1,0.83,0.999,0.392
bdl_3756,Q4_2.5,4,2250,PHX,True,19,1,0.9,1.0,1.0
bdl_3757,Q2_7.5,2,750,LA,False,2,0,0.65,0.736,0.736
bdl_3757,Q2_5,2,900,CON,True,2,1,0.6,0.582,0.582
bdl_3757,Q2_2.5,2,1050,CON,True,1,1,0.68,0.507,0.228
bdl_3757,Q2_END,2,1200,CON,True,6,1,0.83,0.867,1.0
bdl_3757,Q3_7.5,3,1350,CON,True,5,1,0.7,0.832,0.981
bdl_3757,Q3_5,3,1500,CON,True,7,1,0.9,0.907,0.987
bdl_3757,Q3_2.5,3,1650,CON,True,9,1,0.9,0.949,1.0
bdl_3757,Q3_END,3,1800,CON,True,7,1,0.9,0.925,0.397
bdl_3757,Q4_7.5,4,1950,CON,True,3,1,0.9,0.713,0.01
bdl_3757,Q4_5,4,2100,CON,True,2,1,0.9,0.691,0.374
bdl_3757,Q4_2.5,4,2250,CON,True,5,1,0.9,0.957,0.961
bdl_3758,Q2_7.5,2,750,NY,True,8,1,0.73,0.99,0.99
bdl_3758,Q2_5,2,900,NY,True,5,1,0.73,0.925,0.068
bdl_3758,Q2_2.5,2,1050,NY,True,4,1,0.57,0.86,0.117
bdl_3758,Q2_END,2,1200,NY,True,9,1,0.73,0.932,0.981
bdl_3758,Q3_7.5,3,1350,NY,True,14,1,0.73,0.99,1.0
bdl_3758,Q3_5,3,1500,NY,True,14,1,0.73,0.991,0.9315
bdl_3758,Q3_2.5,3,1650,NY,True,10,1,0.73,0.971,0.114
bdl_3758,Q3_END,3,1800,NY,True,9,1,0.68,0.935,0.892
bdl_3758,Q4_7.5,4,1950,NY,True,13,1,0.83,0.994,1.0
bdl_3758,Q4_5,4,2100,NY,True,18,1,0.83,0.999,1.0
bdl_3758,Q4_2.5,4,2250,NY,True,16,1,0.73,1.0,1.0
bdl_3759,Q2_7.5,2,750,WSH,True,-4,0,0.6,0.089,0.089
bdl_3759,Q2_5,2,900,SEA,False,12,1,0.8,0.999,0.999
bdl_3759,Q2_2.5,2,1050,SEA,False,11,1,0.9,0.988,0.556
bdl_3759,Q2_END,2,1200,SEA,False,14,1,0.9,0.998,1.0
bdl_3759,Q3_7.5,3,1350,WSH,True,-9,0,0.55,0.064,0.064
bdl_3759,Q3_5,3,1500,SEA,False,8,1,0.6,0.963,0.963
bdl_3759,Q3_2.5,3,1650,SEA,False,2,1,0.55,0.634,0.0
bdl_3759,Q3_END,3,1800,SEA,False,4,1,0.55,0.798,0.998
bdl_3759,Q4_7.5,4,1950,SEA,False,7,1,0.55,0.907,0.99
bdl_3759,Q4_5,4,2100,WSH,True,-4,0,0.5,0.132,0.132
bdl_3759,Q4_2.5,4,2250,SEA,False,2,1,0.55,0.666,0.666
bdl_3760,Q2_7.5,2,750,ATL,True,11,1,1,1.0,1.0
bdl_3760,Q2_5,2,900,ATL,True,4,1,0.85,0.881,0.0
bdl_3760,Q2_2.5,2,1050,ATL,True,1,1,0.65,0.577,0.002
bdl_3760,Q2_END,2,1200,ATL,True,8,1,0.95,0.946,1.0
bdl_3760,Q3_7.5,3,1350,ATL,True,6,1,0.95,0.884,0.2215
bdl_3760,Q3_5,3,1500,ATL,True,4,1,0.95,0.841,0.917
bdl_3760,Q3_2.5,3,1650,ATL,True,1,1,0.8,0.54,0.0
bdl_3760,Q3_END,3,1800,ATL,True,0,1,0.6,0.528,0.217
bdl_3760,Q4_7.5,4,1950,ATL,True,9,1,1,0.963,1.0
bdl_3760,Q4_5,4,2100,ATL,True,15,1,0.93,1.0,1.0
bdl_3760,Q4_2.5,4,2250,ATL,True,14,1,0.93,1.0,1.0
bdl_3761,Q2_7.5,2,750,MIN,False,3,1,0.88,0.782,0.782
bdl_3761,Q2_5,2,900,MIN,False,7,1,0.95,0.927,1.0
bdl_3761,Q2_2.5,2,1050,MIN,False,7,1,0.95,0.938,0.984
bdl_3761,Q2_END,2,1200,MIN,False,8,1,0.88,0.928,0.47
bdl_3761,Q3_7.5,3,1350,MIN,False,10,1,0.85,0.944,0.9885
bdl_3761,Q3_5,3,1500,MIN,False,9,1,0.85,0.945,0.6325
bdl_3761,Q3_2.5,3,1650,MIN,False,9,1,0.93,0.898,0.432
bdl_3761,Q3_END,3,1800,MIN,False,11,1,1,0.97,1.0
bdl_3761,Q4_7.5,4,1950,MIN,False,8,1,0.85,0.9,0.1305
bdl_3761,Q4_5,4,2100,MIN,False,15,1,0.85,0.999,1.0
bdl_3761,Q4_2.5,4,2250,MIN,False,12,1,0.85,1.0,1.0
bdl_3762,Q2_7.5,2,750,DAL,False,-3,0,0.6,0.199,0.199
bdl_3762,Q2_5,2,900,NY,True,8,1,0.73,0.984,0.984
bdl_3762,Q2_2.5,2,1050,NY,True,8,1,0.83,0.965,0.774
bdl_3762,Q2_END,2,1200,NY,True,3,1,0.85,0.75,0.0
bdl_3762,Q3_7.5,3,1350,NY,True,8,1,0.93,0.947,1.0
bdl_3762,Q3_5,3,1500,NY,True,2,1,0.93,0.631,0.0
bdl_3762,Q3_2.5,3,1650,NY,True,3,1,0.78,0.718,0.916
bdl_3762,Q3_END,3,1800,NY,True,4,1,0.63,0.781,0.874
bdl_3762,Q4_7.5,4,1950,NY,True,2,1,0.7,0.627,0.115
bdl_3762,Q4_5,4,2100,NY,True,1,1,0.7,0.548,0.378
bdl_3762,Q4_2.5,4,2250,NY,True,5,1,0.85,0.95,0.991
bdl_3763,Q2_7.5,2,750,PHX,False,9,1,0.93,0.997,0.997
bdl_3763,Q2_5,2,900,PHX,False,7,1,0.8,0.964,0.016
bdl_3763,Q2_2.5,2,1050,PHX,False,11,1,0.88,0.998,1.0
bdl_3763,Q2_END,2,1200,PHX,False,7,1,0.88,0.922,0.011
bdl_3763,Q3_7.5,3,1350,PHX,False,7,1,0.8,0.881,0.784
bdl_3763,Q3_5,3,1500,PHX,False,8,1,0.8,0.922,0.924
bdl_3763,Q3_2.5,3,1650,PHX,False,7,1,0.8,0.938,0.606
bdl_3763,Q3_END,3,1800,PHX,False,6,1,0.8,0.845,0.61
bdl_3763,Q4_7.5,4,1950,PHX,False,2,1,0.8,0.669,0.082
bdl_3763,Q4_5,4,2100,PHX,False,6,1,0.7,0.89,1.0
bdl_3763,Q4_2.5,4,2250,PHX,False,3,1,0.7,0.819,0.653
bdl_3764,Q2_7.5,2,750,CHI,False,-2,1,0.63,0.309,0.309
bdl_3764,Q2_5,2,900,CHI,False,-2,1,0.63,0.286,0.504
bdl_3764,Q2_2.5,2,1050,CON,True,10,0,0.83,0.985,0.985
bdl_3764,Q2_END,2,1200,CON,True,10,0,0.83,0.972,0.883
bdl_3764,Q3_7.5,3,1350,CON,True,7,0,0.63,0.927,0.429
bdl_3764,Q3_5,3,1500,CHI,False,0,1,0.63,0.49,0.49
bdl_3764,Q3_2.5,3,1650,CHI,False,-3,1,0.63,0.286,0.001
bdl_3764,Q3_END,3,1800,CHI,False,1,1,0.63,0.549,1.0
bdl_3764,Q4_7.5,4,1950,CHI,False,5,1,0.63,0.868,1.0
bdl_3764,Q4_5,4,2100,CHI,False,3,1,0.63,0.756,0.104
bdl_3764,Q4_2.5,4,2250,CHI,False,1,1,0.63,0.639,0.689
bdl_3765,Q2_7.5,2,750,LA,False,3,0,0.7,0.753,0.753
bdl_3765,Q2_5,2,900,LA,False,-1,0,0.5,0.434,0.0
bdl_3765,Q2_2.5,2,1050,LA,False,0,0,0.6,0.353,0.147
bdl_3765,Q2_END,2,1200,LA,False,3,0,0.75,0.712,1.0
bdl_3765,Q3_7.5,3,1350,LA,False,4,0,0.73,0.782,0.896
bdl_3765,Q3_5,3,1500,LA,False,0,0,0.6,0.47,0.0
bdl_3765,Q3_2.5,3,1650,WSH,True,4,1,0.6,0.721,0.721
bdl_3765,Q3_END,3,1800,LA,False,1,0,0.68,0.623,0.623
bdl_3765,Q4_7.5,4,1950,WSH,True,9,1,0.68,0.959,0.959
bdl_3765,Q4_5,4,2100,WSH,True,8,1,0.78,0.958,0.835
bdl_3765,Q4_2.5,4,2250,WSH,True,8,1,0.78,0.981,0.999
bdl_3766,Q2_7.5,2,750,MIN,True,3,1,0.7,0.777,0.777
bdl_3766,Q2_5,2,900,MIN,True,4,1,0.8,0.822,0.853
bdl_3766,Q2_2.5,2,1050,LV,False,2,0,0.6,0.739,0.739
bdl_3766,Q2_END,2,1200,MIN,True,1,1,0.55,0.626,0.626
bdl_3766,Q3_7.5,3,1350,LV,False,-5,0,0.55,0.198,0.198
bdl_3766,Q3_5,3,1500,MIN,True,7,1,0.78,0.889,0.889
bdl_3766,Q3_2.5,3,1650,MIN,True,15,1,1,0.995,1.0
bdl_3766,Q3_END,3,1800,MIN,True,11,1,1,0.988,0.215
bdl_3766,Q4_7.5,4,1950,MIN,True,8,1,0.9,0.929,0.47
bdl_3766,Q4_5,4,2100,MIN,True,9,1,0.8,0.972,0.959
bdl_3766,Q4_2.5,4,2250,MIN,True,9,1,0.9,0.999,1.0
bdl_3767,Q2_7.5,2,750,NY,True,2,0,0.5,0.706,0.706
bdl_3767,Q2_5,2,900,CON,False,4,1,0.7,0.855,0.855
bdl_3767,Q2_2.5,2,1050,CON,False,1,1,0.55,0.578,0.002
bdl_3767,Q2_END,2,1200,CON,False,2,1,0.55,0.654,0.843
bdl_3767,Q3_7.5,3,1350,CON,False,5,1,0.53,0.819,0.904
bdl_3767,Q3_5,3,1500,CON,False,11,1,0.68,0.977,1.0
bdl_3767,Q3_2.5,3,1650,NY,True,-4,0,0.57,0.209,0.209
bdl_3767,Q3_END,3,1800,NY,True,-7,0,0.57,0.107,0.003
bdl_3767,Q4_7.5,4,1950,NY,True,-9,0,0.5,0.028,0.0
bdl_3767,Q4_5,4,2100,NY,True,-10,0,0.53,0.011,0.011
bdl_3767,Q4_2.5,4,2250,CON,False,11,1,0.63,1.0,1.0
bdl_3768,Q2_7.5,2,750,MIN,True,11,1,0.9,1.0,1.0
bdl_3768,Q2_5,2,900,MIN,True,8,1,0.9,0.962,0.025
bdl_3768,Q2_2.5,2,1050,MIN,True,2,1,0.9,0.652,0.0
bdl_3768,Q2_END,2,1200,MIN,True,1,1,0.9,0.624,0.23
bdl_3768,Q3_7.5,3,1350,MIN,True,8,1,0.9,0.935,1.0
bdl_3768,Q3_5,3,1500,MIN,True,10,1,0.9,0.977,1.0
bdl_3768,Q3_2.5,3,1650,MIN,True,9,1,0.9,0.973,0.979
bdl_3768,Q3_END,3,1800,MIN,True,7,1,0.9,0.921,0.018
bdl_3768,Q4_7.5,4,1950,MIN,True,8,1,0.9,0.945,0.9565
bdl_3768,Q4_5,4,2100,MIN,True,8,1,0.9,0.972,0.917
bdl_3768,Q4_2.5,4,2250,MIN,True,12,1,0.9,1.0,1.0
bdl_3769,Q2_7.5,2,750,CHI,True,3,0,0.88,0.821,0.821
bdl_3769,Q2_5,2,900,CHI,True,4,0,0.8,0.878,0.979
bdl_3769,Q2_2.5,2,1050,CHI,True,4,0,0.8,0.866,0.689
bdl_3769,Q2_END,2,1200,CHI,True,-2,0,0.65,0.351,0.0
bdl_3769,Q3_7.5,3,1350,CHI,True,-6,0,0.53,0.176,0.062
bdl_3769,Q3_5,3,1500,CHI,True,-6,0,0.53,0.109,0.016
bdl_3769,Q3_2.5,3,1650,CHI,True,0,0,0.53,0.558,1.0
bdl_3769,Q3_END,3,1800,CHI,True,0,0,0.68,0.545,0.4835
bdl_3769,Q4_7.5,4,1950,CHI,True,-6,0,0.53,0.091,0.0
bdl_3769,Q4_5,4,2100,LV,False,12,1,0.53,0.998,0.998
bdl_3769,Q4_2.5,4,2250,LV,False,9,1,0.75,0.998,0.985
bdl_3770,Q2_7.5,2,750,LA,False,9,1,0.95,0.988,0.988
bdl_3770,Q2_5,2,900,LA,False,5,1,0.85,0.866,0.0
bdl_3770,Q2_2.5,2,1050,LA,False,6,1,0.65,0.803,0.16
bdl_3770,Q2_END,2,1200,LA,False,10,1,0.95,0.959,1.0
bdl_3770,Q3_7.5,3,1350,LA,False,14,1,0.88,0.981,0.988
bdl_3770,Q3_5,3,1500,LA,False,16,1,0.95,0.999,1.0
bdl_3770,Q3_2.5,3,1650,LA,False,18,1,0.83,0.998,0.653
bdl_3770,Q3_END,3,1800,LA,False,19,1,0.83,0.999,1.0
bdl_3770,Q4_7.5,4,1950,LA,False,15,1,0.83,0.999,0.615
bdl_3770,Q4_5,4,2100,LA,False,13,1,0.83,0.999,0.93
bdl_3770,Q4_2.5,4,2250,LA,False,10,1,0.83,0.997,0.999
bdl_3771,Q2_7.5,2,750,ATL,True,-5,0,0.5,0.115,0.115
bdl_3771,Q2_5,2,900,IND,False,10,1,0.65,0.962,0.962
bdl_3771,Q2_2.5,2,1050,IND,False,10,1,0.65,0.977,1.0
bdl_3771,Q2_END,2,1200,IND,False,14,1,0.65,0.999,1.0
bdl_3771,Q3_7.5,3,1350,IND,False,18,1,0.65,0.997,0.995
bdl_3771,Q3_5,3,1500,IND,False,15,1,0.75,0.996,0.944
bdl_3771,Q3_2.5,3,1650,IND,False,14,1,0.75,0.99,0.896
bdl_3771,Q3_END,3,1800,IND,False,11,1,0.75,0.983,0.386
bdl_3771,Q4_7.5,4,1950,IND,False,9,1,0.75,0.959,0.686
bdl_3771,Q4_5,4,2100,IND,False,5,1,0.75,0.828,0.147
bdl_3771,Q4_2.5,4,2250,IND,False,5,1,0.75,0.905,0.964
bdl_3772,Q2_7.5,2,750,NY,False,5,1,0.85,0.9,0.9
bdl_3772,Q2_5,2,900,NY,False,5,1,0.85,0.868,0.721
bdl_3772,Q2_2.5,2,1050,NY,False,5,1,1,0.841,0.693
bdl_3772,Q2_END,2,1200,NY,False,0,1,0.8,0.546,0.0
bdl_3772,Q3_7.5,3,1350,NY,False,1,1,0.8,0.598,0.762
bdl_3772,Q3_5,3,1500,NY,False,5,1,0.95,0.8,1.0
bdl_3772,Q3_2.5,3,1650,NY,False,7,1,0.8,0.915,0.999
bdl_3772,Q3_END,3,1800,NY,False,6,1,0.85,0.862,0.606
bdl_3772,Q4_7.5,4,1950,NY,False,9,1,0.95,0.969,1.0
bdl_3772,Q4_5,4,2100,NY,False,15,1,0.95,1.0,1.0
bdl_3772,Q4_2.5,4,2250,NY,False,9,1,0.95,0.998,0.839
bdl_3773,Q2_7.5,2,750,WSH,False,4,1,0.85,0.881,0.881
bdl_3773,Q2_5,2,900,WSH,False,4,1,0.85,0.791,0.088
bdl_3773,Q2_2.5,2,1050,WSH,False,5,1,0.75,0.861,0.9155
bdl_3773,Q2_END,2,1200,WSH,False,-1,1,0.6,0.396,0.0
bdl_3773,Q3_7.5,3,1350,SEA,True,6,0,0.58,0.855,0.855
bdl_3773,Q3_5,3,1500,SEA,True,4,0,0.58,0.701,0.1995
bdl_3773,Q3_2.5,3,1650,SEA,True,4,0,0.58,0.774,0.766
bdl_3773,Q3_END,3,1800,SEA,True,-1,0,0.58,0.429,0.0
bdl_3773,Q4_7.5,4,1950,WSH,False,2,1,0.63,0.666,0.666
bdl_3773,Q4_5,4,2100,SEA,True,-2,0,0.53,0.33,0.33
bdl_3773,Q4_2.5,4,2250,SEA,True,-4,0,0.63,0.109,0.0655
bdl_3774,Q2_7.5,2,750,LV,False,7,1,0.75,0.931,0.931
bdl_3774,Q2_5,2,900,LV,False,6,1,0.75,0.958,0.999
bdl_3774,Q2_2.5,2,1050,LV,False,4,1,0.75,0.805,0.0005
bdl_3774,Q2_END,2,1200,LV,False,5,1,0.75,0.856,0.9
bdl_3774,Q3_7.5,3,1350,LV,False,2,1,0.75,0.741,0.229
bdl_3774,Q3_5,3,1500,LV,False,4,1,0.9,0.765,0.682
bdl_3774,Q3_2.5,3,1650,LV,False,6,1,0.75,0.832,0.524
bdl_3774,Q3_END,3,1800,LV,False,8,1,0.75,0.949,1.0
bdl_3774,Q4_7.5,4,1950,LV,False,5,1,0.75,0.798,0.096
bdl_3774,Q4_5,4,2100,LV,False,1,1,0.75,0.717,0.34
bdl_3774,Q4_2.5,4,2250,LV,False,1,1,0.65,0.622,0.415
bdl_3775,Q2_7.5,2,750,IND,True,6,0,0.73,0.811,0.811
bdl_3775,Q2_5,2,900,IND,True,2,0,0.73,0.673,0.2495
bdl_3775,Q2_2.5,2,1050,IND,True,9,0,0.7,0.953,1.0
bdl_3775,Q2_END,2,1200,IND,True,9,0,0.7,0.931,1.0
bdl_3775,Q3_7.5,3,1350,IND,True,3,0,0.7,0.707,0.0
bdl_3775,Q3_5,3,1500,IND,True,3,0,0.63,0.703,0.95
bdl_3775,Q3_2.5,3,1650,IND,True,5,0,0.58,0.807,0.7265
bdl_3775,Q3_END,3,1800,IND,True,3,0,0.58,0.698,0.257
bdl_3775,Q4_7.5,4,1950,IND,True,4,0,0.58,0.816,0.913
bdl_3775,Q4_5,4,2100,CON,False,-2,1,0.53,0.331,0.331
bdl_3775,Q4_2.5,4,2250,IND,True,0,0,0.63,0.411,0.411
bdl_3776,Q2_7.5,2,750,WSH,False,6,0,0.85,0.927,0.927
bdl_3776,Q2_5,2,900,WSH,False,10,0,0.85,0.986,1.0
bdl_3776,Q2_2.5,2,1050,WSH,False,10,0,0.85,0.971,0.863
bdl_3776,Q2_END,2,1200,WSH,False,5,0,0.8,0.779,0.0
bdl_3776,Q3_7.5,3,1350,WSH,False,5,0,0.8,0.825,0.762
bdl_3776,Q3_5,3,1500,WSH,False,4,0,0.8,0.774,0.329
bdl_3776,Q3_2.5,3,1650,WSH,False,1,0,0.8,0.594,0.0
bdl_3776,Q3_END,3,1800,WSH,False,-4,0,0.65,0.218,0.0
bdl_3776,Q4_7.5,4,1950,WSH,False,-1,0,0.65,0.411,0.888
bdl_3776,Q4_5,4,2100,WSH,False,-5,0,0.55,0.099,0.0
bdl_3776,Q4_2.5,4,2250,CHI,True,3,1,0.6,0.837,0.837
bdl_3777,Q2_7.5,2,750,LA,True,14,1,0.95,1.0,1.0
bdl_3777,Q2_5,2,900,LA,True,7,1,0.95,0.974,0.0
bdl_3777,Q2_2.5,2,1050,LA,True,12,1,0.95,0.985,0.982
bdl_3777,Q2_END,2,1200,LA,True,7,1,0.85,0.895,0.03
bdl_3777,Q3_7.5,3,1350,LA,True,3,1,0.7,0.739,0.0095
bdl_3777,Q3_5,3,1500,LA,True,0,1,0.55,0.522,0.001
bdl_3777,Q3_2.5,3,1650,LA,True,3,1,0.65,0.67,1.0
bdl_3777,Q3_END,3,1800,LA,True,4,1,0.55,0.756,0.48
bdl_3777,Q4_7.5,4,1950,LA,True,5,1,0.5,0.815,0.894
bdl_3777,Q4_5,4,2100,LA,True,4,1,0.65,0.854,0.964
bdl_3777,Q4_2.5,4,2250,LA,True,10,1,0.65,0.999,1.0
bdl_3778,Q2_7.5,2,750,MIN,False,13,1,0.85,1.0,1.0
bdl_3778,Q2_5,2,900,MIN,False,6,1,0.85,0.923,0.0
bdl_3778,Q2_2.5,2,1050,MIN,False,10,1,0.85,0.958,0.988
bdl_3778,Q2_END,2,1200,MIN,False,9,1,0.85,0.954,0.997
bdl_3778,Q3_7.5,3,1350,MIN,False,12,1,0.85,0.977,0.983
bdl_3778,Q3_5,3,1500,MIN,False,18,1,0.85,0.999,1.0
bdl_3778,Q3_2.5,3,1650,MIN,False,21,1,0.85,1.0,1.0
bdl_3778,Q3_END,3,1800,MIN,False,19,1,0.85,1.0,0.969
bdl_3778,Q4_7.5,4,1950,MIN,False,20,1,0.85,1.0,0.999
bdl_3778,Q4_5,4,2100,MIN,False,15,1,0.85,0.998,0.861
bdl_3778,Q4_2.5,4,2250,MIN,False,12,1,0.85,1.0,0.979
bdl_3779,Q2_7.5,2,750,SEA,True,8,0,0.9,0.993,0.993
bdl_3779,Q2_5,2,900,SEA,True,5,0,0.75,0.838,0.0
bdl_3779,Q2_2.5,2,1050,SEA,True,5,0,0.8,0.856,0.659
bdl_3779,Q2_END,2,1200,SEA,True,3,0,1,0.684,0.069
bdl_3779,Q3_7.5,3,1350,SEA,True,0,0,0.78,0.492,0.0
bdl_3779,Q3_5,3,1500,SEA,True,4,0,0.88,0.716,0.9585
bdl_3779,Q3_2.5,3,1650,SEA,True,3,0,0.95,0.723,0.9995
bdl_3779,Q3_END,3,1800,SEA,True,-3,0,0.8,0.308,0.0
bdl_3779,Q4_7.5,4,1950,SEA,True,3,0,0.8,0.693,1.0
bdl_3779,Q4_5,4,2100,SEA,True,1,0,0.8,0.519,0.171
bdl_3779,Q4_2.5,4,2250,SEA,True,-2,0,0.65,0.338,0.148
bdl_3780,Q2_7.5,2,750,IND,False,3,1,0.65,0.761,0.761
bdl_3780,Q2_5,2,900,IND,False,4,1,0.65,0.803,0.898
bdl_3780,Q2_2.5,2,1050,IND,False,9,1,0.78,0.938,0.9955
bdl_3780,Q2_END,2,1200,IND,False,5,1,0.78,0.801,0.14
bdl_3780,Q3_7.5,3,1350,IND,False,8,1,0.78,0.929,0.998
bdl_3780,Q3_5,3,1500,IND,False,11,1,0.78,0.953,0.9985
bdl_3780,Q3_2.5,3,1650,IND,False,11,1,0.78,0.968,0.95
bdl_3780,Q3_END,3,1800,IND,False,12,1,0.78,0.982,0.993
bdl_3780,Q4_7.5,4,1950,IND,False,15,1,0.9,0.999,1.0
bdl_3780,Q4_5,4,2100,IND,False,22,1,0.9,1.0,1.0
bdl_3780,Q4_2.5,4,2250,IND,False,24,1,0.9,1.0,1.0
bdl_3781,Q2_7.5,2,750,DAL,True,7,1,0.83,0.99,0.99
bdl_3781,Q2_5,2,900,DAL,True,9,1,0.83,0.979,0.754
bdl_3781,Q2_2.5,2,1050,DAL,True,6,1,0.68,0.909,0.017
bdl_3781,Q2_END,2,1200,MIN,False,1,0,0.63,0.602,0.602
bdl_3781,Q3_7.5,3,1350,DAL,True,1,1,0.58,0.588,0.588
bdl_3781,Q3_5,3,1500,DAL,True,5,1,0.95,0.774,1.0
bdl_3781,Q3_2.5,3,1650,DAL,True,11,1,0.95,0.964,1.0
bdl_3781,Q3_END,3,1800,DAL,True,9,1,0.85,0.953,0.969
bdl_3781,Q4_7.5,4,1950,DAL,True,15,1,0.85,0.999,1.0
bdl_3781,Q4_5,4,2100,DAL,True,13,1,0.9,0.992,0.992
bdl_3781,Q4_2.5,4,2250,DAL,True,16,1,0.9,1.0,1.0
bdl_3782,Q2_7.5,2,750,ATL,False,-5,0,0.63,0.082,0.082
bdl_3782,Q2_5,2,900,LV,True,8,1,0.68,0.953,0.953
bdl_3782,Q2_2.5,2,1050,LV,True,4,1,0.65,0.785,0.5645
bdl_3782,Q2_END,2,1200,LV,True,6,1,0.8,0.839,0.991
bdl_3782,Q3_7.5,3,1350,LV,True,7,1,0.8,0.828,0.2495
bdl_3782,Q3_5,3,1500,LV,True,6,1,0.73,0.855,0.9825
bdl_3782,Q3_2.5,3,1650,LV,True,5,1,0.75,0.823,0.545
bdl_3782,Q3_END,3,1800,LV,True,7,1,0.75,0.89,0.998
bdl_3782,Q4_7.5,4,1950,LV,True,4,1,0.7,0.798,0.219
bdl_3782,Q4_5,4,2100,LV,True,11,1,0.85,0.991,1.0
bdl_3782,Q4_2.5,4,2250,LV,True,10,1,0.75,1.0,0.9925
bdl_3783,Q2_7.5,2,750,NY,False,12,1,0.93,0.998,0.998
bdl_3783,Q2_5,2,900,NY,False,8,1,0.93,0.988,0.072
bdl_3783,Q2_2.5,2,1050,NY,False,1,1,0.85,0.56,0.0
bdl_3783,Q2_END,2,1200,NY,False,-2,1,0.7,0.393,0.008
bdl_3783,Q3_7.5,3,1350,NY,False,-4,1,0.7,0.235,0.037
bdl_3783,Q3_5,3,1500,NY,False,-4,1,0.7,0.195,0.22
bdl_3783,Q3_2.5,3,1650,NY,False,-2,1,0.7,0.359,0.3835
bdl_3783,Q3_END,3,1800,NY,False,3,1,0.85,0.729,1.0
bdl_3783,Q4_7.5,4,1950,NY,False,6,1,0.85,0.877,1.0
bdl_3783,Q4_5,4,2100,NY,False,8,1,0.85,0.978,0.894
bdl_3783,Q4_2.5,4,2250,NY,False,6,1,0.85,0.981,0.848
bdl_3784,Q2_7.5,2,750,CON,False,2,1,0.7,0.729,0.729
bdl_3784,Q2_5,2,900,CON,False,5,1,0.78,0.865,1.0
bdl_3784,Q2_2.5,2,1050,CON,False,5,1,0.78,0.874,0.9685
bdl_3784,Q2_END,2,1200,CON,False,3,1,0.88,0.709,0.0
bdl_3784,Q3_7.5,3,1350,CON,False,9,1,0.95,0.933,1.0
bdl_3784,Q3_5,3,1500,CON,False,10,1,0.95,0.956,0.976
bdl_3784,Q3_2.5,3,1650,CON,False,12,1,0.95,0.98,1.0
bdl_3784,Q3_END,3,1800,CON,False,14,1,0.88,0.993,0.967
bdl_3784,Q4_7.5,4,1950,CON,False,14,1,0.95,0.99,0.959
bdl_3784,Q4_5,4,2100,CON,False,9,1,0.88,0.981,0.741
bdl_3784,Q4_2.5,4,2250,CON,False,13,1,1,0.999,1.0
bdl_3785,Q2_7.5,2,750,CON,True,3,1,0.65,0.772,0.772
bdl_3785,Q2_5,2,900,CON,True,4,1,0.5,0.854,0.89
bdl_3785,Q2_2.5,2,1050,CON,True,7,1,1,0.959,1.0
bdl_3785,Q2_END,2,1200,CON,True,8,1,1,0.965,0.579
bdl_3785,Q3_7.5,3,1350,CON,True,10,1,0.95,0.981,1.0
bdl_3785,Q3_5,3,1500,CON,True,11,1,0.93,0.99,0.978
bdl_3785,Q3_2.5,3,1650,CON,True,9,1,0.93,0.975,0.389
bdl_3785,Q3_END,3,1800,CON,True,9,1,0.93,0.962,0.896
bdl_3785,Q4_7.5,4,1950,CON,True,8,1,0.78,0.969,0.8165
bdl_3785,Q4_5,4,2100,CON,True,4,1,0.78,0.894,0.316
bdl_3785,Q4_2.5,4,2250,CON,True,7,1,0.88,0.986,0.918
bdl_3786,Q2_7.5,2,750,MIN,True,10,1,0.7,0.999,0.999
bdl_3786,Q2_5,2,900,MIN,True,7,1,0.8,0.987,0.358
bdl_3786,Q2_2.5,2,1050,MIN,True,4,1,0.8,0.835,0.0
bdl_3786,Q2_END,2,1200,MIN,True,7,1,0.8,0.952,1.0
bdl_3786,Q3_7.5,3,1350,MIN,True,9,1,0.8,0.97,1.0
bdl_3786,Q3_5,3,1500,MIN,True,7,1,0.8,0.953,0.254
bdl_3786,Q3_2.5,3,1650,MIN,True,13,1,0.9,0.997,1.0
bdl_3786,Q3_END,3,1800,MIN,True,9,1,0.8,0.971,0.135
bdl_3786,Q4_7.5,4,1950,MIN,True,2,1,0.7,0.622,0.0
bdl_3786,Q4_5,4,2100,MIN,True,5,1,0.7,0.91,1.0
bdl_3786,Q4_2.5,4,2250,MIN,True,9,1,0.7,1.0,1.0
bdl_3787,Q2_7.5,2,750,DAL,True,1,0,0.75,0.569,0.569
bdl_3787,Q2_5,2,900,IND,False,0,1,0.6,0.495,0.495
bdl_3787,Q2_2.5,2,1050,IND,False,2,1,0.6,0.69,0.985
bdl_3787,Q2_END,2,1200,DAL,True,1,0,0.55,0.528,0.528
bdl_3787,Q3_7.5,3,1350,DAL,True,3,0,0.75,0.742,0.9945
bdl_3787,Q3_5,3,1500,DAL,True,9,0,0.88,0.946,1.0
bdl_3787,Q3_2.5,3,1650,DAL,True,1,0,0.73,0.543,0.0
bdl_3787,Q3_END,3,1800,DAL,True,6,0,0.58,0.848,1.0
bdl_3787,Q4_7.5,4,1950,DAL,True,0,0,0.53,0.497,0.001
bdl_3787,Q4_5,4,2100,IND,False,0,1,0.57,0.544,0.544
bdl_3787,Q4_2.5,4,2250,IND,False,2,1,0.53,0.715,0.715
bdl_3788,Q2_7.5,2,750,LV,False,19,1,1,1.0,1.0
bdl_3788,Q2_5,2,900,LV,False,29,1,1,1.0,1.0
bdl_3788,Q2_2.5,2,1050,LV,False,31,1,1,1.0,1.0
bdl_3788,Q2_END,2,1200,LV,False,24,1,1,1.0,0.0
bdl_3788,Q3_7.5,3,1350,LV,False,29,1,1,1.0,0.979
bdl_3788,Q3_5,3,1500,LV,False,23,1,1,1.0,0.0565
bdl_3788,Q3_2.5,3,1650,LV,False,17,1,0.85,0.999,0.554
bdl_3788,Q3_END,3,1800,LV,False,17,1,0.93,1.0,0.9935
bdl_3788,Q4_7.5,4,1950,LV,False,17,1,0.9,0.999,0.998
bdl_3788,Q4_5,4,2100,LV,False,19,1,0.9,1.0,1.0
bdl_3788,Q4_2.5,4,2250,LV,False,20,1,0.8,1.0,1.0
bdl_3789,Q2_7.5,2,750,ATL,False,11,1,0.88,0.999,0.999
bdl_3789,Q2_5,2,900,ATL,False,10,1,0.88,0.987,0.512
bdl_3789,Q2_2.5,2,1050,ATL,False,14,1,0.88,0.998,1.0
bdl_3789,Q2_END,2,1200,ATL,False,16,1,0.93,0.999,0.9995
bdl_3789,Q3_7.5,3,1350,ATL,False,23,1,0.93,1.0,1.0
bdl_3789,Q3_5,3,1500,ATL,False,27,1,0.93,1.0,1.0
bdl_3789,Q3_2.5,3,1650,ATL,False,23,1,0.83,1.0,0.678
bdl_3789,Q3_END,3,1800,ATL,False,19,1,0.83,1.0,0.702
bdl_3789,Q4_7.5,4,1950,ATL,False,18,1,0.83,1.0,0.999
bdl_3789,Q4_5,4,2100,ATL,False,15,1,0.93,1.0,0.987
bdl_3789,Q4_2.5,4,2250,ATL,False,19,1,0.93,1.0,1.0
bdl_3790,Q2_7.5,2,750,CON,True,4,0,0.85,0.891,0.891
bdl_3790,Q2_5,2,900,CON,True,7,0,0.85,0.973,0.999
bdl_3790,Q2_2.5,2,1050,CON,True,7,0,0.7,0.908,0.047
bdl_3790,Q2_END,2,1200,SEA,False,3,1,0.55,0.713,0.713
bdl_3790,Q3_7.5,3,1350,SEA,False,5,1,0.55,0.866,0.991
bdl_3790,Q3_5,3,1500,CON,True,-4,0,0.55,0.248,0.248
bdl_3790,Q3_2.5,3,1650,CON,True,-4,0,0.5,0.217,0.327
bdl_3790,Q3_END,3,1800,CON,True,-7,0,0.5,0.084,0.0
bdl_3790,Q4_7.5,4,1950,SEA,False,10,1,0.63,0.984,0.984
bdl_3790,Q4_5,4,2100,SEA,False,9,1,0.63,0.991,0.917
bdl_3790,Q4_2.5,4,2250,SEA,False,5,1,0.63,0.965,0.657
bdl_3791,Q2_7.5,2,750,WSH,False,14,1,0.9,1.0,1.0
bdl_3791,Q2_5,2,900,WSH,False,11,1,0.9,0.996,0.049
bdl_3791,Q2_2.5,2,1050,WSH,False,9,1,0.9,0.973,0.185
bdl_3791,Q2_END,2,1200,WSH,False,12,1,0.8,0.99,0.999
bdl_3791,Q3_7.5,3,1350,WSH,False,14,1,0.8,0.998,0.999
bdl_3791,Q3_5,3,1500,WSH,False,12,1,0.8,0.982,0.573
bdl_3791,Q3_2.5,3,1650,WSH,False,6,1,0.73,0.883,0.049
bdl_3791,Q3_END,3,1800,WSH,False,6,1,0.58,0.866,0.003
bdl_3791,Q4_7.5,4,1950,WSH,False,14,1,0.8,0.997,1.0
bdl_3791,Q4_5,4,2100,WSH,False,13,1,0.8,0.998,0.999
bdl_3791,Q4_2.5,4,2250,WSH,False,11,1,0.8,1.0,1.0
bdl_3792,Q2_7.5,2,750,LV,True,15,1,0.95,1.0,1.0
bdl_3792,Q2_5,2,900,LV,True,13,1,0.95,1.0,0.227
bdl_3792,Q2_2.5,2,1050,LV,True,17,1,0.95,1.0,0.992
bdl_3792,Q2_END,2,1200,LV,True,16,1,0.95,0.999,1.0
bdl_3792,Q3_7.5,3,1350,LV,True,13,1,0.75,0.993,0.005
bdl_3792,Q3_5,3,1500,LV,True,15,1,0.85,0.997,1.0
bdl_3792,Q3_2.5,3,1650,LV,True,15,1,0.95,0.996,1.0
bdl_3792,Q3_END,3,1800,LV,True,15,1,0.85,0.995,1.0
bdl_3792,Q4_7.5,4,1950,LV,True,12,1,0.85,0.996,0.982
bdl_3792,Q4_5,4,2100,LV,True,14,1,0.85,1.0,0.999
bdl_3792,Q4_2.5,4,2250,LV,True,14,1,0.75,1.0,1.0
bdl_3793,Q2_7.5,2,750,PHX,True,9,1,0.9,0.999,0.999
bdl_3793,Q2_5,2,900,PHX,True,8,1,0.78,0.964,0.014
bdl_3793,Q2_2.5,2,1050,PHX,True,10,1,0.75,0.986,1.0
bdl_3793,Q2_END,2,1200,PHX,True,15,1,0.75,1.0,1.0
bdl_3793,Q3_7.5,3,1350,PHX,True,14,1,0.85,0.997,0.762
bdl_3793,Q3_5,3,1500,PHX,True,8,1,0.75,0.929,0.002
bdl_3793,Q3_2.5,3,1650,PHX,True,7,1,0.7,0.918,0.717
bdl_3793,Q3_END,3,1800,PHX,True,7,1,0.7,0.933,0.923
bdl_3793,Q4_7.5,4,1950,PHX,True,5,1,0.7,0.851,0.442
bdl_3793,Q4_5,4,2100,PHX,True,4,1,0.7,0.831,0.748
bdl_3793,Q4_2.5,4,2250,PHX,True,8,1,0.75,0.991,1.0
bdl_3794,Q2_7.5,2,750,IND,True,3,1,0.75,0.793,0.793
bdl_3794,Q2_5,2,900,IND,True,-5,1,0.53,0.099,0.0
bdl_3794,Q2_2.5,2,1050,LA,False,3,0,0.63,0.79,0.79
bdl_3794,Q2_END,2,1200,IND,True,-1,1,0.63,0.439,0.439
bdl_3794,Q3_7.5,3,1350,IND,True,-2,1,0.63,0.358,0.1805
bdl_3794,Q3_5,3,1500,IND,True,3,1,0.63,0.709,1.0
bdl_3794,Q3_2.5,3,1650,IND,True,1,1,0.53,0.571,0.059
bdl_3794,Q3_END,3,1800,IND,True,4,1,0.63,0.779,0.974
bdl_3794,Q4_7.5,4,1950,IND,True,6,1,0.63,0.88,0.9575
bdl_3794,Q4_5,4,2100,IND,True,4,1,0.63,0.754,0.448
bdl_3794,Q4_2.5,4,2250,IND,True,4,1,0.53,0.925,0.993
bdl_3795,Q2_7.5,2,750,NY,True,7,1,0.6,0.968,0.968
bdl_3795,Q2_5,2,900,NY,True,7,1,0.75,0.945,0.739
bdl_3795,Q2_2.5,2,1050,NY,True,5,1,0.75,0.863,0.109
bdl_3795,Q2_END,2,1200,NY,True,4,1,0.8,0.807,0.3415
bdl_3795,Q3_7.5,3,1350,NY,True,3,1,0.8,0.712,0.231
bdl_3795,Q3_5,3,1500,NY,True,1,1,0.65,0.515,0.1505
bdl_3795,Q3_2.5,3,1650,NY,True,-1,1,0.65,0.4,0.1015
bdl_3795,Q3_END,3,1800,NY,True,5,1,0.8,0.811,1.0
bdl_3795,Q4_7.5,4,1950,NY,True,11,1,1,0.98,1.0
bdl_3795,Q4_5,4,2100,NY,True,7,1,0.95,0.959,0.032
bdl_3795,Q4_2.5,4,2250,NY,True,9,1,1,0.996,1.0
bdl_3796,Q2_7.5,2,750,WSH,False,11,1,0.95,1.0,1.0
bdl_3796,Q2_5,2,900,WSH,False,15,1,0.85,0.998,0.998
bdl_3796,Q2_2.5,2,1050,WSH,False,17,1,0.9,1.0,1.0
bdl_3796,Q2_END,2,1200,WSH,False,18,1,0.85,1.0,0.9825
bdl_3796,Q3_7.5,3,1350,WSH,False,23,1,0.9,1.0,1.0
bdl_3796,Q3_5,3,1500,WSH,False,23,1,0.9,1.0,0.992
bdl_3796,Q3_2.5,3,1650,WSH,False,18,1,0.85,0.999,0.19
bdl_3796,Q3_END,3,1800,WSH,False,22,1,0.85,1.0,1.0
bdl_3796,Q4_7.5,4,1950,WSH,False,16,1,0.85,0.999,0.324
bdl_3796,Q4_5,4,2100,WSH,False,17,1,0.85,0.999,0.998
bdl_3796,Q4_2.5,4,2250,WSH,False,16,1,0.85,1.0,1.0
bdl_3797,Q2_7.5,2,750,DAL,False,10,1,0.73,0.999,0.999
bdl_3797,Q2_5,2,900,DAL,False,13,1,0.73,0.999,0.985
bdl_3797,Q2_2.5,2,1050,DAL,False,11,1,0.68,0.996,0.88
bdl_3797,Q2_END,2,1200,DAL,False,14,1,0.78,1.0,1.0
bdl_3797,Q3_7.5,3,1350,DAL,False,15,1,0.78,0.997,0.784
bdl_3797,Q3_5,3,1500,DAL,False,14,1,0.78,0.992,0.982
bdl_3797,Q3_2.5,3,1650,DAL,False,12,1,0.78,0.991,0.605
bdl_3797,Q3_END,3,1800,DAL,False,6,1,0.78,0.867,0.0
bdl_3797,Q4_7.5,4,1950,DAL,False,7,1,0.73,0.919,1.0
bdl_3797,Q4_5,4,2100,DAL,False,7,1,0.78,0.921,0.9635
bdl_3797,Q4_2.5,4,2250,DAL,False,0,1,0.65,0.402,0.011
bdl_3798,Q2_7.5,2,750,CON,True,8,1,0.58,0.994,0.994
bdl_3798,Q2_5,2,900,CON,True,10,1,0.78,0.996,0.999
bdl_3798,Q2_2.5,2,1050,CON,True,13,1,0.88,1.0,1.0
bdl_3798,Q2_END,2,1200,CON,True,12,1,0.9,0.997,1.0
bdl_3798,Q3_7.5,3,1350,CON,True,10,1,0.9,0.981,0.303
bdl_3798,Q3_5,3,1500,CON,True,3,1,0.75,0.75,0.006
bdl_3798,Q3_2.5,3,1650,CON,True,3,1,0.75,0.741,0.142
bdl_3798,Q3_END,3,1800,CON,True,3,1,0.7,0.712,0.612
bdl_3798,Q4_7.5,4,1950,CON,True,4,1,0.85,0.76,0.603
bdl_3798,Q4_5,4,2100,CON,True,6,1,0.93,0.941,0.998
bdl_3798,Q4_2.5,4,2250,CON,True,1,1,0.68,0.709,0.0
bdl_3799,Q2_7.5,2,750,IND,True,3,0,0.68,0.664,0.664
bdl_3799,Q2_5,2,900,IND,True,3,0,0.68,0.749,0.982
bdl_3799,Q2_2.5,2,1050,IND,True,5,0,0.68,0.868,1.0
bdl_3799,Q2_END,2,1200,IND,True,5,0,0.68,0.823,0.6625
bdl_3799,Q3_7.5,3,1350,IND,True,0,0,0.53,0.5,0.0
bdl_3799,Q3_5,3,1500,IND,True,-2,0,0.6,0.422,0.397
bdl_3799,Q3_2.5,3,1650,MIN,False,8,1,0.83,0.897,0.897
bdl_3799,Q3_END,3,1800,MIN,False,11,1,0.83,0.969,1.0
bdl_3799,Q4_7.5,4,1950,MIN,False,6,1,0.73,0.874,0.109
bdl_3799,Q4_5,4,2100,MIN,False,4,1,0.73,0.762,0.44
bdl_3799,Q4_2.5,4,2250,MIN,False,8,1,0.73,0.988,0.9835
bdl_3800,Q2_7.5,2,750,LA,False,4,0,0.57,0.896,0.896
bdl_3800,Q2_5,2,900,LA,False,-1,0,0.5,0.383,0.0
bdl_3800,Q2_2.5,2,1050,CHI,True,4,1,0.65,0.717,0.717
bdl_3800,Q2_END,2,1200,CHI,True,6,1,0.65,0.896,1.0
bdl_3800,Q3_7.5,3,1350,CHI,True,5,1,0.65,0.9,0.858
bdl_3800,Q3_5,3,1500,CHI,True,12,1,0.7,0.991,1.0
bdl_3800,Q3_2.5,3,1650,CHI,True,14,1,0.83,0.993,1.0
bdl_3800,Q3_END,3,1800,CHI,True,14,1,0.75,0.998,0.991
bdl_3800,Q4_7.5,4,1950,CHI,True,14,1,0.83,0.996,0.999
bdl_3800,Q4_5,4,2100,CHI,True,16,1,0.9,1.0,1.0
bdl_3800,Q4_2.5,4,2250,CHI,True,16,1,0.75,1.0,1.0
bdl_3801,Q2_7.5,2,750,PHX,False,-1,0,0.65,0.382,0.382
bdl_3801,Q2_5,2,900,SEA,True,8,1,0.63,0.972,0.972
bdl_3801,Q2_2.5,2,1050,SEA,True,15,1,0.9,1.0,1.0
bdl_3801,Q2_END,2,1200,SEA,True,15,1,0.8,1.0,0.95
bdl_3801,Q3_7.5,3,1350,SEA,True,13,1,0.8,0.99,0.4685
bdl_3801,Q3_5,3,1500,SEA,True,16,1,0.8,1.0,1.0
bdl_3801,Q3_2.5,3,1650,SEA,True,21,1,0.8,1.0,1.0
bdl_3801,Q3_END,3,1800,SEA,True,22,1,0.8,1.0,1.0
bdl_3801,Q4_7.5,4,1950,SEA,True,21,1,0.8,1.0,1.0
bdl_3801,Q4_5,4,2100,SEA,True,21,1,0.9,1.0,1.0
bdl_3801,Q4_2.5,4,2250,SEA,True,24,1,0.8,1.0,1.0
bdl_3802,Q2_7.5,2,750,MIN,False,2,1,0.6,0.712,0.712
bdl_3802,Q2_5,2,900,MIN,False,0,1,0.68,0.654,0.5195
bdl_3802,Q2_2.5,2,1050,WSH,True,2,0,0.63,0.649,0.649
bdl_3802,Q2_END,2,1200,WSH,True,4,0,0.63,0.758,0.999
bdl_3802,Q3_7.5,3,1350,WSH,True,5,0,0.73,0.812,0.9235
bdl_3802,Q3_5,3,1500,WSH,True,1,0,0.73,0.662,0.292
bdl_3802,Q3_2.5,3,1650,WSH,True,4,0,0.73,0.747,0.705
bdl_3802,Q3_END,3,1800,WSH,True,3,0,0.73,0.717,0.42
bdl_3802,Q4_7.5,4,1950,WSH,True,-2,0,0.65,0.308,0.002
bdl_3802,Q4_5,4,2100,WSH,True,0,0,0.65,0.46,0.8005
bdl_3802,Q4_2.5,4,2250,WSH,True,-3,0,0.65,0.226,0.072
bdl_3803,Q2_7.5,2,750,IND,True,-1,0,0.75,0.201,0.201
bdl_3803,Q2_5,2,900,IND,True,-6,0,0.68,0.097,0.016
bdl_3803,Q2_2.5,2,1050,IND,True,-3,0,0.73,0.399,1.0
bdl_3803,Q2_END,2,1200,IND,True,-4,0,0.68,0.272,0.011
bdl_3803,Q3_7.5,3,1350,IND,True,-13,0,0.55,0.015,0.0
bdl_3803,Q3_5,3,1500,IND,True,-11,0,0.55,0.027,0.092
bdl_3803,Q3_2.5,3,1650,ATL,False,7,1,0.7,0.905,0.905
bdl_3803,Q3_END,3,1800,IND,True,-3,0,0.55,0.3,0.3
bdl_3803,Q4_7.5,4,1950,IND,True,-6,0,0.55,0.112,0.153
bdl_3803,Q4_5,4,2100,IND,True,-7,0,0.55,0.071,0.0
bdl_3803,Q4_2.5,4,2250,IND,True,-2,0,0.55,0.314,0.6415
bdl_3804,Q2_7.5,2,750,LV,False,-6,0,0.6,0.086,0.086
bdl_3804,Q2_5,2,900,NY,True,8,1,0.7,0.99,0.99
bdl_3804,Q2_2.5,2,1050,NY,True,12,1,0.78,0.993,0.9835
bdl_3804,Q2_END,2,1200,NY,True,12,1,0.78,0.986,0.966
bdl_3804,Q3_7.5,3,1350,NY,True,9,1,0.78,0.917,0.0825
bdl_3804,Q3_5,3,1500,NY,True,15,1,0.78,0.998,1.0
bdl_3804,Q3_2.5,3,1650,NY,True,20,1,0.9,1.0,1.0
bdl_3804,Q3_END,3,1800,NY,True,13,1,0.9,0.992,0.0
bdl_3804,Q4_7.5,4,1950,NY,True,8,1,0.9,0.952,0.029
bdl_3804,Q4_5,4,2100,NY,True,3,1,0.75,0.713,0.047
bdl_3804,Q4_2.5,4,2250,NY,True,2,1,0.68,0.713,0.34
bdl_3805,Q2_7.5,2,750,CHI,True,12,1,0.93,1.0,1.0
bdl_3805,Q2_5,2,900,CHI,True,15,1,0.93,1.0,1.0
bdl_3805,Q2_2.5,2,1050,CHI,True,19,1,0.93,1.0,1.0
bdl_3805,Q2_END,2,1200,CHI,True,16,1,0.93,0.996,0.069
bdl_3805,Q3_7.5,3,1350,CHI,True,21,1,0.93,1.0,1.0
bdl_3805,Q3_5,3,1500,CHI,True,18,1,1,0.998,0.395
bdl_3805,Q3_2.5,3,1650,CHI,True,24,1,1,1.0,1.0
bdl_3805,Q3_END,3,1800,CHI,True,24,1,1,1.0,1.0
bdl_3805,Q4_7.5,4,1950,CHI,True,21,1,0.95,1.0,0.963
bdl_3805,Q4_5,4,2100,CHI,True,18,1,1,1.0,0.947
bdl_3805,Q4_2.5,4,2250,CHI,True,15,1,1,1.0,1.0
bdl_3806,Q2_7.5,2,750,LA,True,4,0,0.57,0.831,0.831
bdl_3806,Q2_5,2,900,LA,True,4,0,0.53,0.877,0.99
bdl_3806,Q2_2.5,2,1050,CON,False,-5,1,0.63,0.151,0.151
bdl_3806,Q2_END,2,1200,CON,False,-6,1,0.63,0.176,0.97
bdl_3806,Q3_7.5,3,1350,CON,False,-2,1,0.57,0.333,0.677
bdl_3806,Q3_5,3,1500,LA,True,2,0,0.53,0.655,0.655
bdl_3806,Q3_2.5,3,1650,LA,True,3,0,0.53,0.742,0.9895
bdl_3806,Q3_END,3,1800,CON,False,-3,1,0.63,0.311,0.311
bdl_3806,Q4_7.5,4,1950,LA,True,0,0,0.53,0.528,0.528
bdl_3806,Q4_5,4,2100,CON,False,3,1,0.63,0.812,0.812
bdl_3806,Q4_2.5,4,2250,CON,False,5,1,0.63,0.935,1.0
bdl_3807,Q2_7.5,2,750,MIN,False,1,1,0.8,0.586,0.586
bdl_3807,Q2_5,2,900,MIN,False,2,1,0.85,0.794,1.0
bdl_3807,Q2_2.5,2,1050,MIN,False,5,1,0.9,0.79,0.3745
bdl_3807,Q2_END,2,1200,MIN,False,3,1,0.83,0.775,0.99
bdl_3807,Q3_7.5,3,1350,MIN,False,2,1,0.78,0.573,0.0
bdl_3807,Q3_5,3,1500,MIN,False,3,1,0.78,0.755,1.0
bdl_3807,Q3_2.5,3,1650,MIN,False,6,1,0.85,0.883,0.922
bdl_3807,Q3_END,3,1800,MIN,False,9,1,0.85,0.953,1.0
bdl_3807,Q4_7.5,4,1950,MIN,False,10,1,0.85,0.987,0.999
bdl_3807,Q4_5,4,2100,MIN,False,11,1,0.85,0.999,1.0
bdl_3807,Q4_2.5,4,2250,MIN,False,12,1,0.85,1.0,1.0
bdl_3808,Q2_7.5,2,750,NY,False,16,1,0.95,1.0,1.0
bdl_3808,Q2_5,2,900,NY,False,13,1,0.95,0.998,0.073
bdl_3808,Q2_2.5,2,1050,NY,False,10,1,0.95,0.971,0.078
bdl_3808,Q2_END,2,1200,NY,False,15,1,0.95,0.998,1.0
bdl_3808,Q3_7.5,3,1350,NY,False,13,1,0.95,0.979,0.122
bdl_3808,Q3_5,3,1500,NY,False,8,1,0.85,0.905,0.059
bdl_3808,Q3_2.5,3,1650,NY,False,18,1,0.85,0.998,1.0
bdl_3808,Q3_END,3,1800,NY,False,18,1,0.95,1.0,0.998
bdl_3808,Q4_7.5,4,1950,NY,False,25,1,0.95,1.0,1.0
bdl_3808,Q4_5,4,2100,NY,False,19,1,0.85,1.0,0.992
bdl_3808,Q4_2.5,4,2250,NY,False,16,1,0.85,1.0,1.0
bdl_3809,Q2_7.5,2,750,CON,False,5,1,0.83,0.964,0.964
bdl_3809,Q2_5,2,900,CON,False,8,1,0.73,0.988,0.953
bdl_3809,Q2_2.5,2,1050,CON,False,14,1,1,1.0,1.0
bdl_3809,Q2_END,2,1200,CON,False,11,1,1,0.994,0.6295
bdl_3809,Q3_7.5,3,1350,CON,False,14,1,1,0.999,1.0
bdl_3809,Q3_5,3,1500,CON,False,15,1,0.9,1.0,0.852
bdl_3809,Q3_2.5,3,1650,CON,False,11,1,0.9,0.978,0.589
bdl_3809,Q3_END,3,1800,CON,False,19,1,1,1.0,1.0
bdl_3809,Q4_7.5,4,1950,CON,False,23,1,0.9,1.0,1.0
bdl_3809,Q4_5,4,2100,CON,False,25,1,1,1.0,1.0
bdl_3809,Q4_2.5,4,2250,CON,False,26,1,1,1.0,1.0
bdl_3810,Q2_7.5,2,750,LV,False,6,1,0.78,0.912,0.912
bdl_3810,Q2_5,2,900,LV,False,5,1,0.8,0.915,0.891
bdl_3810,Q2_2.5,2,1050,LV,False,8,1,0.88,0.958,0.9715
bdl_3810,Q2_END,2,1200,LV,False,9,1,1,0.971,0.967
bdl_3810,Q3_7.5,3,1350,LV,False,8,1,1,0.895,0.1115
bdl_3810,Q3_5,3,1500,LV,False,4,1,0.95,0.761,0.074
bdl_3810,Q3_2.5,3,1650,LV,False,5,1,0.95,0.861,0.8405
bdl_3810,Q3_END,3,1800,LV,False,9,1,1,0.95,1.0
bdl_3810,Q4_7.5,4,1950,LV,False,8,1,0.95,0.937,0.797
bdl_3810,Q4_5,4,2100,LV,False,10,1,0.95,0.991,1.0
bdl_3810,Q4_2.5,4,2250,LV,False,7,1,0.95,0.973,0.9615
bdl_3811,Q2_7.5,2,750,WSH,False,16,1,0.93,1.0,1.0
bdl_3811,Q2_5,2,900,WSH,False,19,1,1,1.0,1.0
bdl_3811,Q2_2.5,2,1050,WSH,False,15,1,1,1.0,0.004
bdl_3811,Q2_END,2,1200,WSH,False,14,1,0.95,0.998,0.716
bdl_3811,Q3_7.5,3,1350,WSH,False,15,1,0.95,0.998,0.994
bdl_3811,Q3_5,3,1500,WSH,False,17,1,0.95,1.0,1.0
bdl_3811,Q3_2.5,3,1650,WSH,False,23,1,0.95,1.0,1.0
bdl_3811,Q3_END,3,1800,WSH,False,23,1,0.95,1.0,1.0
bdl_3811,Q4_7.5,4,1950,WSH,False,23,1,0.95,1.0,0.979
bdl_3811,Q4_5,4,2100,WSH,False,25,1,0.95,1.0,1.0
bdl_3811,Q4_2.5,4,2250,WSH,False,28,1,0.95,1.0,1.0
bdl_3812,Q2_7.5,2,750,LA,True,13,0,0.85,0.997,0.997
bdl_3812,Q2_5,2,900,LA,True,9,0,0.93,0.98,0.16
bdl_3812,Q2_2.5,2,1050,LA,True,3,0,0.93,0.774,0.0
bdl_3812,Q2_END,2,1200,LA,True,0,0,0.55,0.503,0.0045
bdl_3812,Q3_7.5,3,1350,LA,True,-4,0,0.55,0.279,0.0
bdl_3812,Q3_5,3,1500,LA,True,-3,0,0.55,0.3,0.623
bdl_3812,Q3_2.5,3,1650,LA,True,0,0,0.7,0.482,1.0
bdl_3812,Q3_END,3,1800,LA,True,-6,0,0.7,0.094,0.0
bdl_3812,Q4_7.5,4,1950,LA,True,2,0,0.85,0.661,1.0
bdl_3812,Q4_5,4,2100,LA,True,-3,0,0.7,0.227,0.002
bdl_3812,Q4_2.5,4,2250,LA,True,-3,0,0.7,0.243,0.161
bdl_3813,Q2_7.5,2,750,NY,False,10,1,0.8,0.983,0.983
bdl_3813,Q2_5,2,900,NY,False,17,1,0.95,1.0,1.0
bdl_3813,Q2_2.5,2,1050,NY,False,21,1,1,1.0,1.0
bdl_3813,Q2_END,2,1200,NY,False,18,1,1,1.0,0.219
bdl_3813,Q3_7.5,3,1350,NY,False,16,1,0.95,0.996,0.63
bdl_3813,Q3_5,3,1500,NY,False,19,1,1,1.0,1.0
bdl_3813,Q3_2.5,3,1650,NY,False,18,1,1,1.0,0.877
bdl_3813,Q3_END,3,1800,NY,False,18,1,1,1.0,1.0
bdl_3813,Q4_7.5,4,1950,NY,False,17,1,0.95,1.0,0.999
bdl_3813,Q4_5,4,2100,NY,False,18,1,0.95,1.0,1.0
bdl_3813,Q4_2.5,4,2250,NY,False,28,1,1,1.0,1.0
bdl_3814,Q2_7.5,2,750,ATL,True,1,0,0.63,0.623,0.623
bdl_3814,Q2_5,2,900,WSH,False,2,1,0.6,0.689,0.689
bdl_3814,Q2_2.5,2,1050,WSH,False,6,1,0.55,0.893,1.0
bdl_3814,Q2_END,2,1200,WSH,False,4,1,0.68,0.836,0.683
bdl_3814,Q3_7.5,3,1350,WSH,False,9,1,0.68,0.96,1.0
bdl_3814,Q3_5,3,1500,WSH,False,9,1,0.68,0.956,0.838
bdl_3814,Q3_2.5,3,1650,WSH,False,5,1,0.6,0.856,0.01
bdl_3814,Q3_END,3,1800,WSH,False,3,1,0.6,0.714,0.204
bdl_3814,Q4_7.5,4,1950,WSH,False,7,1,0.6,0.931,1.0
bdl_3814,Q4_5,4,2100,WSH,False,4,1,0.53,0.851,0.308
bdl_3814,Q4_2.5,4,2250,WSH,False,1,1,0.53,0.698,0.157
bdl_3815,Q2_7.5,2,750,LV,False,4,1,0.57,0.879,0.879
bdl_3815,Q2_5,2,900,LV,False,5,1,0.57,0.88,0.845
bdl_3815,Q2_2.5,2,1050,LV,False,6,1,0.73,0.896,0.9
bdl_3815,Q2_END,2,1200,LV,False,8,1,0.73,0.932,0.984
bdl_3815,Q3_7.5,3,1350,LV,False,9,1,0.73,0.934,0.5605
bdl_3815,Q3_5,3,1500,LV,False,10,1,0.88,0.971,1.0
bdl_3815,Q3_2.5,3,1650,LV,False,6,1,0.63,0.863,0.0005
bdl_3815,Q3_END,3,1800,LV,False,3,1,0.63,0.714,0.004
bdl_3815,Q4_7.5,4,1950,LV,False,5,1,0.63,0.816,0.9435
bdl_3815,Q4_5,4,2100,LV,False,6,1,0.6,0.918,1.0
bdl_3815,Q4_2.5,4,2250,LV,False,2,1,0.7,0.678,0.266
bdl_3816,Q2_7.5,2,750,DAL,True,14,0,1,1.0,1.0
bdl_3816,Q2_5,2,900,DAL,True,19,0,1,1.0,1.0
bdl_3816,Q2_2.5,2,1050,DAL,True,13,0,0.93,0.998,0.0
bdl_3816,Q2_END,2,1200,DAL,True,13,0,0.93,0.998,0.943
bdl_3816,Q3_7.5,3,1350,DAL,True,11,0,0.93,0.991,0.954
bdl_3816,Q3_5,3,1500,DAL,True,-1,0,0.55,0.486,0.0
bdl_3816,Q3_2.5,3,1650,SEA,False,9,1,0.6,0.948,0.948
bdl_3816,Q3_END,3,1800,DAL,True,-8,0,0.55,0.08,0.08
bdl_3816,Q4_7.5,4,1950,DAL,True,-3,0,0.55,0.309,0.998
bdl_3816,Q4_5,4,2100,SEA,False,1,1,0.55,0.606,0.606
bdl_3816,Q4_2.5,4,2250,SEA,False,7,1,0.55,0.985,1.0
bdl_3817,Q2_7.5,2,750,CHI,False,5,0,0.63,0.864,0.864
bdl_3817,Q2_5,2,900,CHI,False,1,0,0.63,0.638,0.057
bdl_3817,Q2_2.5,2,1050,MIN,True,7,1,0.73,0.942,0.942
bdl_3817,Q2_END,2,1200,MIN,True,5,1,0.73,0.876,0.003
bdl_3817,Q3_7.5,3,1350,MIN,True,14,1,0.9,0.998,1.0
bdl_3817,Q3_5,3,1500,MIN,True,14,1,0.9,0.996,0.7
bdl_3817,Q3_2.5,3,1650,MIN,True,17,1,0.9,1.0,1.0
bdl_3817,Q3_END,3,1800,MIN,True,20,1,0.9,1.0,1.0
bdl_3817,Q4_7.5,4,1950,MIN,True,9,1,0.83,0.967,0.0
bdl_3817,Q4_5,4,2100,MIN,True,14,1,0.85,0.998,1.0
bdl_3817,Q4_2.5,4,2250,MIN,True,19,1,0.85,1.0,1.0
bdl_3818,Q2_7.5,2,750,CON,False,5,1,0.85,0.917,0.917
bdl_3818,Q2_5,2,900,CON,False,8,1,0.9,0.967,1.0
bdl_3818,Q2_2.5,2,1050,CON,False,5,1,0.85,0.862,0.343
bdl_3818,Q2_END,2,1200,CON,False,8,1,0.85,0.932,0.937
bdl_3818,Q3_7.5,3,1350,CON,False,8,1,0.85,0.934,0.2235
bdl_3818,Q3_5,3,1500,CON,False,12,1,0.95,0.991,1.0
bdl_3818,Q3_2.5,3,1650,CON,False,22,1,0.95,1.0,1.0
bdl_3818,Q3_END,3,1800,CON,False,26,1,1,1.0,1.0
bdl_3818,Q4_7.5,4,1950,CON,False,20,1,1,1.0,0.8975
bdl_3818,Q4_5,4,2100,CON,False,22,1,1,1.0,1.0
bdl_3818,Q4_2.5,4,2250,CON,False,23,1,0.93,1.0,1.0
bdl_3819,Q2_7.5,2,750,DAL,False,8,0,0.93,0.95,0.95
bdl_3819,Q2_5,2,900,DAL,False,0,0,0.57,0.591,0.0025
bdl_3819,Q2_2.5,2,1050,IND,True,5,1,0.65,0.744,0.744
bdl_3819,Q2_END,2,1200,DAL,False,2,0,0.75,0.601,0.601
bdl_3819,Q3_7.5,3,1350,IND,True,3,1,0.5,0.718,0.718
bdl_3819,Q3_5,3,1500,DAL,False,3,0,0.75,0.674,0.674
bdl_3819,Q3_2.5,3,1650,DAL,False,2,0,0.65,0.577,0.056
bdl_3819,Q3_END,3,1800,DAL,False,-1,0,0.75,0.43,0.184
bdl_3819,Q4_7.5,4,1950,DAL,False,0,0,0.85,0.429,0.764
bdl_3819,Q4_5,4,2100,DAL,False,-2,0,0.85,0.385,0.067
bdl_3819,Q4_2.5,4,2250,DAL,False,-3,0,0.53,0.18,0.238
bdl_3820,Q2_7.5,2,750,MIN,False,15,1,0.93,1.0,1.0
bdl_3820,Q2_5,2,900,MIN,False,14,1,0.83,0.998,0.6335
bdl_3820,Q2_2.5,2,1050,MIN,False,11,1,0.75,0.988,0.055
bdl_3820,Q2_END,2,1200,MIN,False,13,1,0.83,0.992,1.0
bdl_3820,Q3_7.5,3,1350,MIN,False,22,1,0.9,1.0,1.0
bdl_3820,Q3_5,3,1500,MIN,False,21,1,0.9,0.999,0.997
bdl_3820,Q3_2.5,3,1650,MIN,False,22,1,0.9,1.0,1.0
bdl_3820,Q3_END,3,1800,MIN,False,24,1,0.83,1.0,1.0
bdl_3820,Q4_7.5,4,1950,MIN,False,14,1,0.75,0.998,0.0
bdl_3820,Q4_5,4,2100,MIN,False,11,1,0.7,0.992,0.797
bdl_3820,Q4_2.5,4,2250,MIN,False,11,1,0.7,1.0,0.995
bdl_3821,Q2_7.5,2,750,ATL,False,5,1,0.93,0.919,0.919
bdl_3821,Q2_5,2,900,ATL,False,3,1,0.78,0.771,0.001
bdl_3821,Q2_2.5,2,1050,ATL,False,5,1,0.83,0.825,0.717
bdl_3821,Q2_END,2,1200,ATL,False,7,1,0.93,0.928,1.0
bdl_3821,Q3_7.5,3,1350,ATL,False,7,1,0.93,0.915,0.824
bdl_3821,Q3_5,3,1500,ATL,False,8,1,1,0.944,1.0
bdl_3821,Q3_2.5,3,1650,ATL,False,9,1,1,0.945,0.948
bdl_3821,Q3_END,3,1800,ATL,False,1,1,0.9,0.524,0.0
bdl_3821,Q4_7.5,4,1950,ATL,False,2,1,0.73,0.664,0.753
bdl_3821,Q4_5,4,2100,WSH,True,2,0,0.57,0.673,0.673
bdl_3821,Q4_2.5,4,2250,WSH,True,-1,0,0.5,0.433,0.131
bdl_3822,Q2_7.5,2,750,CHI,True,6,0,0.95,0.923,0.923
bdl_3822,Q2_5,2,900,CHI,True,2,0,0.65,0.618,0.001
bdl_3822,Q2_2.5,2,1050,CHI,True,1,0,0.65,0.432,0.002
bdl_3822,Q2_END,2,1200,CHI,True,2,0,0.8,0.688,1.0
bdl_3822,Q3_7.5,3,1350,CHI,True,4,0,0.8,0.744,0.99
bdl_3822,Q3_5,3,1500,CHI,True,1,0,0.85,0.614,0.018
bdl_3822,Q3_2.5,3,1650,CHI,True,-5,0,0.57,0.186,0.0
bdl_3822,Q3_END,3,1800,CHI,True,-1,0,0.57,0.408,0.795
bdl_3822,Q4_7.5,4,1950,CHI,True,2,0,0.73,0.643,1.0
bdl_3822,Q4_5,4,2100,CHI,True,-3,0,0.63,0.241,0.003
bdl_3822,Q4_2.5,4,2250,PHX,False,3,1,0.53,0.809,0.809
bdl_3823,Q2_7.5,2,750,LV,True,6,1,0.85,0.94,0.94
bdl_3823,Q2_5,2,900,LV,True,4,1,0.85,0.816,0.01
bdl_3823,Q2_2.5,2,1050,LV,True,1,1,0.85,0.595,0.005
bdl_3823,Q2_END,2,1200,LV,True,8,1,0.85,0.91,1.0
bdl_3823,Q3_7.5,3,1350,LV,True,9,1,0.85,0.959,0.949
bdl_3823,Q3_5,3,1500,LV,True,11,1,0.85,0.981,1.0
bdl_3823,Q3_2.5,3,1650,LV,True,17,1,0.85,0.999,1.0
bdl_3823,Q3_END,3,1800,LV,True,20,1,0.85,1.0,1.0
bdl_3823,Q4_7.5,4,1950,LV,True,19,1,0.85,1.0,1.0
bdl_3823,Q4_5,4,2100,LV,True,18,1,0.85,1.0,1.0
bdl_3823,Q4_2.5,4,2250,LV,True,16,1,0.85,1.0,1.0
bdl_3824,Q2_7.5,2,750,SEA,True,10,0,0.95,0.998,0.998
bdl_3824,Q2_5,2,900,SEA,True,11,0,0.85,0.998,0.983
bdl_3824,Q2_2.5,2,1050,SEA,True,11,0,0.8,0.996,0.998
bdl_3824,Q2_END,2,1200,SEA,True,14,0,0.8,0.997,0.989
bdl_3824,Q3_7.5,3,1350,SEA,True,11,0,0.8,0.987,0.116
bdl_3824,Q3_5,3,1500,SEA,True,12,0,0.9,0.971,0.968
bdl_3824,Q3_2.5,3,1650,SEA,True,13,0,0.85,0.992,0.83
bdl_3824,Q3_END,3,1800,SEA,True,8,0,0.75,0.951,0.249
bdl_3824,Q4_7.5,4,1950,SEA,True,7,0,0.68,0.92,0.853
bdl_3824,Q4_5,4,2100,SEA,True,4,0,0.6,0.874,0.215
bdl_3824,Q4_2.5,4,2250,SEA,True,-1,0,0.5,0.352,0.0965
bdl_3825,Q2_7.5,2,750,MIN,False,2,1,0.68,0.68,0.68
bdl_3825,Q2_5,2,900,MIN,False,1,1,0.57,0.629,0.203
bdl_3825,Q2_2.5,2,1050,CON,True,-4,0,0.75,0.265,0.265
bdl_3825,Q2_END,2,1200,CON,True,-5,0,0.6,0.129,0.0
bdl_3825,Q3_7.5,3,1350,MIN,False,5,1,0.55,0.835,0.835
bdl_3825,Q3_5,3,1500,MIN,False,8,1,0.65,0.925,1.0
bdl_3825,Q3_2.5,3,1650,MIN,False,9,1,0.75,0.953,0.949
bdl_3825,Q3_END,3,1800,MIN,False,9,1,0.88,0.964,0.922
bdl_3825,Q4_7.5,4,1950,MIN,False,9,1,0.8,0.952,0.749
bdl_3825,Q4_5,4,2100,MIN,False,6,1,0.95,0.915,0.803
bdl_3825,Q4_2.5,4,2250,MIN,False,2,1,0.65,0.749,0.17
bdl_3826,Q2_7.5,2,750,NY,False,9,1,0.8,0.989,0.989
bdl_3826,Q2_5,2,900,NY,False,12,1,0.9,0.999,0.999
bdl_3826,Q2_2.5,2,1050,NY,False,11,1,0.9,0.988,0.628
bdl_3826,Q2_END,2,1200,NY,False,10,1,0.8,0.981,0.585
bdl_3826,Q3_7.5,3,1350,NY,False,12,1,0.8,0.982,0.9995
bdl_3826,Q3_5,3,1500,NY,False,10,1,0.9,0.939,0.007
bdl_3826,Q3_2.5,3,1650,NY,False,14,1,0.9,0.992,1.0
bdl_3826,Q3_END,3,1800,NY,False,19,1,0.9,1.0,1.0
bdl_3826,Q4_7.5,4,1950,NY,False,20,1,0.8,1.0,0.986
bdl_3826,Q4_5,4,2100,NY,False,19,1,0.8,1.0,0.993
bdl_3826,Q4_2.5,4,2250,NY,False,19,1,0.8,1.0,1.0
bdl_3827,Q2_7.5,2,750,ATL,True,10,1,0.78,0.998,0.998
bdl_3827,Q2_5,2,900,ATL,True,11,1,0.9,0.999,0.986
bdl_3827,Q2_2.5,2,1050,ATL,True,17,1,0.9,1.0,1.0
bdl_3827,Q2_END,2,1200,ATL,True,14,1,0.9,0.999,0.149
bdl_3827,Q3_7.5,3,1350,ATL,True,12,1,0.9,0.993,0.454
bdl_3827,Q3_5,3,1500,ATL,True,13,1,0.9,0.998,0.93
bdl_3827,Q3_2.5,3,1650,ATL,True,12,1,0.9,0.982,0.36
bdl_3827,Q3_END,3,1800,ATL,True,8,1,0.9,0.953,0.582
bdl_3827,Q4_7.5,4,1950,ATL,True,9,1,0.85,0.977,0.997
bdl_3827,Q4_5,4,2100,ATL,True,13,1,0.9,1.0,1.0
bdl_3827,Q4_2.5,4,2250,ATL,True,14,1,0.9,1.0,1.0
bdl_3828,Q2_7.5,2,750,LV,False,10,1,0.95,1.0,1.0
bdl_3828,Q2_5,2,900,LV,False,18,1,1,1.0,1.0
bdl_3828,Q2_2.5,2,1050,LV,False,13,1,0.95,0.999,0.0
bdl_3828,Q2_END,2,1200,LV,False,8,1,0.78,0.909,0.0
bdl_3828,Q3_7.5,3,1350,LV,False,4,1,0.75,0.741,0.091
bdl_3828,Q3_5,3,1500,LV,False,5,1,0.7,0.787,0.2185
bdl_3828,Q3_2.5,3,1650,LV,False,4,1,0.7,0.764,1.0
bdl_3828,Q3_END,3,1800,LV,False,2,1,0.7,0.642,0.004
bdl_3828,Q4_7.5,4,1950,LV,False,-1,1,0.55,0.437,0.001
bdl_3828,Q4_5,4,2100,LV,False,7,1,0.65,0.959,1.0
bdl_3828,Q4_2.5,4,2250,LV,False,12,1,0.88,1.0,1.0
bdl_3829,Q2_7.5,2,750,LA,True,3,0,0.65,0.944,0.944
bdl_3829,Q2_5,2,900,PHX,False,-5,1,0.57,0.109,0.109
bdl_3829,Q2_2.5,2,1050,LA,True,9,0,0.63,0.936,0.936
bdl_3829,Q2_END,2,1200,LA,True,8,0,0.55,0.93,0.985
bdl_3829,Q3_7.5,3,1350,LA,True,3,0,0.55,0.698,0.0
bdl_3829,Q3_5,3,1500,LA,True,-1,0,0.55,0.416,0.002
bdl_3829,Q3_2.5,3,1650,PHX,False,10,1,0.78,0.971,0.971
bdl_3829,Q3_END,3,1800,PHX,False,10,1,0.78,0.959,0.982
bdl_3829,Q4_7.5,4,1950,PHX,False,15,1,0.8,0.996,1.0
bdl_3829,Q4_5,4,2100,PHX,False,5,1,0.7,0.902,0.0035
bdl_3829,Q4_2.5,4,2250,PHX,False,9,1,0.8,0.999,1.0
bdl_3830,Q2_7.5,2,750,CON,True,4,1,0.88,0.862,0.862
bdl_3830,Q2_5,2,900,CON,True,0,1,0.63,0.474,0.0
bdl_3830,Q2_2.5,2,1050,CON,True,4,1,0.78,0.823,1.0
bdl_3830,Q2_END,2,1200,CON,True,11,1,0.78,0.991,1.0
bdl_3830,Q3_7.5,3,1350,CON,True,14,1,1,0.997,0.999
bdl_3830,Q3_5,3,1500,CON,True,15,1,1,0.998,1.0
bdl_3830,Q3_2.5,3,1650,CON,True,25,1,1,1.0,1.0
bdl_3830,Q3_END,3,1800,CON,True,28,1,1,1.0,1.0
bdl_3830,Q4_7.5,4,1950,CON,True,29,1,1,1.0,1.0
bdl_3830,Q4_5,4,2100,CON,True,30,1,1,1.0,1.0
bdl_3830,Q4_2.5,4,2250,CON,True,31,1,1,1.0,1.0
bdl_3831,Q2_7.5,2,750,ATL,False,8,1,0.6,0.984,0.984
bdl_3831,Q2_5,2,900,ATL,False,12,1,0.73,0.994,1.0
bdl_3831,Q2_2.5,2,1050,ATL,False,13,1,0.73,0.992,0.721
bdl_3831,Q2_END,2,1200,ATL,False,13,1,0.73,0.995,1.0
bdl_3831,Q3_7.5,3,1350,ATL,False,15,1,0.73,0.997,0.935
bdl_3831,Q3_5,3,1500,ATL,False,18,1,0.8,0.999,1.0
bdl_3831,Q3_2.5,3,1650,ATL,False,19,1,0.8,1.0,0.907
bdl_3831,Q3_END,3,1800,ATL,False,17,1,0.8,1.0,1.0
bdl_3831,Q4_7.5,4,1950,ATL,False,13,1,0.8,0.993,0.873
bdl_3831,Q4_5,4,2100,ATL,False,13,1,0.73,1.0,0.995
bdl_3831,Q4_2.5,4,2250,ATL,False,11,1,0.65,1.0,1.0
bdl_3832,Q2_7.5,2,750,IND,False,-2,0,0.9,0.301,0.301
bdl_3832,Q2_5,2,900,IND,False,-3,0,0.88,0.244,0.0935
bdl_3832,Q2_2.5,2,1050,IND,False,0,0,0.8,0.363,0.765
bdl_3832,Q2_END,2,1200,IND,False,-7,0,0.5,0.091,0.0
bdl_3832,Q3_7.5,3,1350,IND,False,-10,0,0.5,0.031,0.0
bdl_3832,Q3_5,3,1500,WSH,True,9,1,0.63,0.933,0.933
bdl_3832,Q3_2.5,3,1650,WSH,True,14,1,0.73,0.983,1.0
bdl_3832,Q3_END,3,1800,WSH,True,16,1,0.63,0.998,1.0
bdl_3832,Q4_7.5,4,1950,IND,False,-15,0,0.53,0.004,0.004
bdl_3832,Q4_5,4,2100,IND,False,-10,0,0.68,0.02,0.879
bdl_3832,Q4_2.5,4,2250,IND,False,-6,0,0.75,0.038,0.0535
bdl_3833,Q2_7.5,2,750,LA,False,14,1,0.95,0.999,0.999
bdl_3833,Q2_5,2,900,LA,False,15,1,0.85,0.999,1.0
bdl_3833,Q2_2.5,2,1050,LA,False,8,1,0.75,0.966,0.0
bdl_3833,Q2_END,2,1200,LA,False,8,1,0.75,0.959,0.866
bdl_3833,Q3_7.5,3,1350,LA,False,7,1,0.68,0.9,0.515
bdl_3833,Q3_5,3,1500,LA,False,12,1,0.8,0.97,1.0
bdl_3833,Q3_2.5,3,1650,LA,False,5,1,0.8,0.833,0.026
bdl_3833,Q3_END,3,1800,LA,False,9,1,0.8,0.954,1.0
bdl_3833,Q4_7.5,4,1950,LA,False,6,1,0.75,0.896,1.0
bdl_3833,Q4_5,4,2100,LA,False,12,1,0.8,0.995,0.999
bdl_3833,Q4_2.5,4,2250,LA,False,18,1,0.9,1.0,1.0
bdl_3834,Q2_7.5,2,750,LV,True,12,1,0.75,0.995,0.995
bdl_3834,Q2_5,2,900,LV,True,13,1,0.8,0.997,0.985
bdl_3834,Q2_2.5,2,1050,LV,True,15,1,0.8,0.997,0.703
bdl_3834,Q2_END,2,1200,LV,True,15,1,0.8,0.997,0.999
bdl_3834,Q3_7.5,3,1350,LV,True,10,1,0.75,0.947,0.0
bdl_3834,Q3_5,3,1500,LV,True,11,1,0.75,0.967,0.954
bdl_3834,Q3_2.5,3,1650,LV,True,18,1,0.8,0.998,1.0
bdl_3834,Q3_END,3,1800,LV,True,20,1,0.8,1.0,1.0
bdl_3834,Q4_7.5,4,1950,LV,True,18,1,0.8,0.998,0.989
bdl_3834,Q4_5,4,2100,LV,True,9,1,0.75,0.98,0.036
bdl_3834,Q4_2.5,4,2250,LV,True,11,1,0.8,1.0,1.0
bdl_3835,Q2_7.5,2,750,SEA,False,16,1,0.83,1.0,1.0
bdl_3835,Q2_5,2,900,SEA,False,13,1,0.73,0.998,0.016
bdl_3835,Q2_2.5,2,1050,SEA,False,10,1,0.65,0.976,0.0345
bdl_3835,Q2_END,2,1200,SEA,False,12,1,0.65,0.992,1.0
bdl_3835,Q3_7.5,3,1350,SEA,False,12,1,0.75,0.998,1.0
bdl_3835,Q3_5,3,1500,SEA,False,19,1,0.75,0.999,1.0
bdl_3835,Q3_2.5,3,1650,SEA,False,18,1,0.85,1.0,0.996
bdl_3835,Q3_END,3,1800,SEA,False,19,1,0.85,1.0,0.999
bdl_3835,Q4_7.5,4,1950,SEA,False,16,1,0.85,1.0,0.8595
bdl_3835,Q4_5,4,2100,SEA,False,19,1,0.9,1.0,1.0
bdl_3835,Q4_2.5,4,2250,SEA,False,20,1,0.9,1.0,1.0
bdl_3836,Q2_7.5,2,750,NY,True,13,1,0.93,0.999,0.999
bdl_3836,Q2_5,2,900,NY,True,14,1,0.93,0.999,1.0
bdl_3836,Q2_2.5,2,1050,NY,True,15,1,0.93,1.0,0.981
bdl_3836,Q2_END,2,1200,NY,True,18,1,0.88,1.0,1.0
bdl_3836,Q3_7.5,3,1350,NY,True,16,1,0.95,1.0,0.995
bdl_3836,Q3_5,3,1500,NY,True,22,1,1,1.0,1.0
bdl_3836,Q3_2.5,3,1650,NY,True,21,1,1,1.0,0.995
bdl_3836,Q3_END,3,1800,NY,True,20,1,0.95,1.0,0.997
bdl_3836,Q4_7.5,4,1950,NY,True,18,1,0.88,1.0,0.99
bdl_3836,Q4_5,4,2100,NY,True,16,1,0.95,1.0,0.99
bdl_3836,Q4_2.5,4,2250,NY,True,16,1,0.93,1.0,1.0
bdl_3837,Q2_7.5,2,750,IND,False,-3,0,0.6,0.126,0.126
bdl_3837,Q2_5,2,900,IND,False,-2,0,0.7,0.32,0.998
bdl_3837,Q2_2.5,2,1050,IND,False,-2,0,0.65,0.339,0.3885
bdl_3837,Q2_END,2,1200,CON,True,8,1,0.8,0.948,0.948
bdl_3837,Q3_7.5,3,1350,CON,True,7,1,0.58,0.871,0.0675
bdl_3837,Q3_5,3,1500,CON,True,10,1,0.73,0.967,1.0
bdl_3837,Q3_2.5,3,1650,CON,True,12,1,0.8,0.988,0.8975
bdl_3837,Q3_END,3,1800,CON,True,11,1,0.8,0.977,0.866
bdl_3837,Q4_7.5,4,1950,CON,True,13,1,0.95,0.997,1.0
bdl_3837,Q4_5,4,2100,CON,True,21,1,1,1.0,1.0
bdl_3837,Q4_2.5,4,2250,CON,True,21,1,1,1.0,1.0
bdl_3838,Q2_7.5,2,750,MIN,True,15,1,0.88,1.0,1.0
bdl_3838,Q2_5,2,900,MIN,True,21,1,0.93,1.0,1.0
bdl_3838,Q2_2.5,2,1050,MIN,True,18,1,0.88,1.0,0.139
bdl_3838,Q2_END,2,1200,MIN,True,14,1,0.78,0.997,0.013
bdl_3838,Q3_7.5,3,1350,MIN,True,13,1,0.83,0.992,0.721
bdl_3838,Q3_5,3,1500,MIN,True,11,1,0.78,0.976,0.952
bdl_3838,Q3_2.5,3,1650,MIN,True,5,1,0.63,0.84,0.0
bdl_3838,Q3_END,3,1800,MIN,True,8,1,0.63,0.892,0.952
bdl_3838,Q4_7.5,4,1950,MIN,True,4,1,0.63,0.788,0.051
bdl_3838,Q4_5,4,2100,MIN,True,1,1,0.63,0.568,0.238
bdl_3838,Q4_2.5,4,2250,MIN,True,1,1,0.63,0.561,0.701
bdl_3839,Q2_7.5,2,750,SEA,False,5,0,0.65,0.932,0.932
bdl_3839,Q2_5,2,900,LV,True,0,1,0.5,0.476,0.476
bdl_3839,Q2_2.5,2,1050,SEA,False,-1,0,0.65,0.562,0.562
bdl_3839,Q2_END,2,1200,LV,True,-4,1,0.5,0.177,0.177
bdl_3839,Q3_7.5,3,1350,SEA,False,4,0,0.73,0.769,0.769
bdl_3839,Q3_5,3,1500,LV,True,-1,1,0.57,0.384,0.384
bdl_3839,Q3_2.5,3,1650,SEA,False,2,0,0.57,0.649,0.649
bdl_3839,Q3_END,3,1800,LV,True,-1,1,0.57,0.453,0.453
bdl_3839,Q4_7.5,4,1950,LV,True,-1,1,0.57,0.472,0.0
bdl_3839,Q4_5,4,2100,LV,True,3,1,0.57,0.7555,1.0
bdl_3839,Q4_2.5,4,2250,LV,True,9,1,0.7,0.997,1.0
bdl_3840,Q2_7.5,2,750,ATL,False,8,0,0.88,0.987,0.987
bdl_3840,Q2_5,2,900,ATL,False,-4,0,0.63,0.168,0.0
bdl_3840,Q2_2.5,2,1050,ATL,False,2,0,0.78,0.648,1.0
bdl_3840,Q2_END,2,1200,ATL,False,5,0,0.78,0.831,0.999
bdl_3840,Q3_7.5,3,1350,ATL,False,3,0,0.85,0.728,0.075
bdl_3840,Q3_5,3,1500,ATL,False,0,0,0.78,0.494,0.026
bdl_3840,Q3_2.5,3,1650,ATL,False,-2,0,0.78,0.386,0.3975
bdl_3840,Q3_END,3,1800,ATL,False,-1,0,0.73,0.478,0.19
bdl_3840,Q4_7.5,4,1950,ATL,False,0,0,0.88,0.513,0.513
bdl_3840,Q4_5,4,2100,ATL,False,-3,0,0.8,0.259,0.003
bdl_3840,Q4_2.5,4,2250,ATL,False,-11,0,0.5,0.001,0.0
bdl_3841,Q2_7.5,2,750,LV,True,8,1,0.93,0.957,0.957
bdl_3841,Q2_5,2,900,LV,True,8,1,0.83,0.958,0.859
bdl_3841,Q2_2.5,2,1050,LV,True,1,1,0.75,0.679,0.0
bdl_3841,Q2_END,2,1200,LV,True,7,1,0.75,0.876,1.0
bdl_3841,Q3_7.5,3,1350,LV,True,1,1,0.75,0.581,0.0
bdl_3841,Q3_5,3,1500,LV,True,6,1,0.65,0.808,0.998
bdl_3841,Q3_2.5,3,1650,LV,True,4,1,0.65,0.811,0.982
bdl_3841,Q3_END,3,1800,LV,True,5,1,0.75,0.818,0.582
bdl_3841,Q4_7.5,4,1950,LV,True,1,1,0.65,0.633,0.022
bdl_3841,Q4_5,4,2100,LV,True,1,1,0.65,0.628,0.577
bdl_3841,Q4_2.5,4,2250,LV,True,6,1,0.85,0.951,1.0
bdl_3842,Q2_7.5,2,750,CON,True,10,0,0.65,0.995,0.995
bdl_3842,Q2_5,2,900,CON,True,8,0,0.6,0.982,0.065
bdl_3842,Q2_2.5,2,1050,CON,True,7,0,0.6,0.907,0.001
bdl_3842,Q2_END,2,1200,CON,True,7,0,0.5,0.911,0.993
bdl_3842,Q3_7.5,3,1350,CON,True,4,0,0.57,0.781,0.0275
bdl_3842,Q3_5,3,1500,IND,False,-1,1,0.65,0.477,0.477
bdl_3842,Q3_2.5,3,1650,CON,True,7,0,0.68,0.927,0.927
bdl_3842,Q3_END,3,1800,CON,True,9,0,0.6,0.955,0.997
bdl_3842,Q4_7.5,4,1950,CON,True,9,0,0.6,0.967,0.747
bdl_3842,Q4_5,4,2100,CON,True,2,0,0.6,0.721,0.41
bdl_3842,Q4_2.5,4,2250,IND,False,0,1,0.55,0.512,0.512
bdl_3843,Q2_7.5,2,750,PHX,False,0,0,0.85,0.623,0.623
bdl_3843,Q2_5,2,900,MIN,True,7,1,0.57,0.947,0.947
bdl_3843,Q2_2.5,2,1050,MIN,True,6,1,0.77,0.924,0.938
bdl_3843,Q2_END,2,1200,PHX,False,-2,0,0.57,0.341,0.341
bdl_3843,Q3_7.5,3,1350,PHX,False,-5,0,0.73,0.249,0.27
bdl_3843,Q3_5,3,1500,MIN,True,6,1,0.57,0.844,0.844
bdl_3843,Q3_2.5,3,1650,MIN,True,12,1,0.77,0.976,1.0
bdl_3843,Q3_END,3,1800,MIN,True,12,1,0.77,0.989,1.0
bdl_3843,Q4_7.5,4,1950,MIN,True,13,1,0.9,0.987,0.937
bdl_3843,Q4_5,4,2100,MIN,True,14,1,0.9,0.999,1.0
bdl_3843,Q4_2.5,4,2250,MIN,True,14,1,0.9,1.0,1.0
bdl_3844,Q2_7.5,2,750,NY,True,7,1,1,0.987,0.987
bdl_3844,Q2_5,2,900,NY,True,2,1,0.85,0.651,0.0
bdl_3844,Q2_2.5,2,1050,NY,True,9,1,1,0.965,1.0
bdl_3844,Q2_END,2,1200,NY,True,10,1,1,0.984,0.99
bdl_3844,Q3_7.5,3,1350,NY,True,15,1,1,1.0,1.0
bdl_3844,Q3_5,3,1500,NY,True,15,1,1,0.999,0.936
bdl_3844,Q3_2.5,3,1650,NY,True,6,1,0.93,0.876,0.001
bdl_3844,Q3_END,3,1800,NY,True,9,1,0.93,0.953,0.993
bdl_3844,Q4_7.5,4,1950,NY,True,11,1,0.93,0.991,0.992
bdl_3844,Q4_5,4,2100,NY,True,13,1,0.93,1.0,1.0
bdl_3844,Q4_2.5,4,2250,NY,True,8,1,0.93,0.994,0.82
bdl_3845,Q2_7.5,2,750,CON,False,7,1,0.85,0.98,0.98
bdl_3845,Q2_5,2,900,CON,False,0,1,0.7,0.533,0.0
bdl_3845,Q2_2.5,2,1050,MIN,True,1,0,0.58,0.713,0.713
bdl_3845,Q2_END,2,1200,CON,False,4,1,0.78,0.732,0.732
bdl_3845,Q3_7.5,3,1350,CON,False,3,1,0.78,0.725,0.362
bdl_3845,Q3_5,3,1500,CON,False,1,1,0.78,0.534,0.076
bdl_3845,Q3_2.5,3,1650,CON,False,-1,1,0.7,0.412,0.053
bdl_3845,Q3_END,3,1800,CON,False,-5,1,0.55,0.14,0.0
bdl_3845,Q4_7.5,4,1950,CON,False,-2,1,0.55,0.307,0.967
bdl_3845,Q4_5,4,2100,CON,False,1,1,0.65,0.543,0.926
bdl_3845,Q4_2.5,4,2250,CON,False,1,1,0.7,0.634,0.659
bdl_3846,Q2_7.5,2,750,LV,False,1,0,0.8,0.764,0.764
bdl_3846,Q2_5,2,900,LV,False,-1,0,0.8,0.442,0.0
bdl_3846,Q2_2.5,2,1050,LV,False,3,0,0.8,0.725,0.999
bdl_3846,Q2_END,2,1200,NY,True,6,1,0.63,0.886,0.886
bdl_3846,Q3_7.5,3,1350,NY,True,10,1,0.68,0.969,1.0
bdl_3846,Q3_5,3,1500,NY,True,7,1,0.53,0.889,0.084
bdl_3846,Q3_2.5,3,1650,NY,True,7,1,0.53,0.891,0.8205
bdl_3846,Q3_END,3,1800,NY,True,7,1,0.63,0.876,0.833
bdl_3846,Q4_7.5,4,1950,NY,True,8,1,0.68,0.936,0.973
bdl_3846,Q4_5,4,2100,NY,True,4,1,0.55,0.796,0.195
bdl_3846,Q4_2.5,4,2250,LV,False,-1,0,0.55,0.4,0.4
bdl_3847,Q2_7.5,2,750,MIN,True,5,1,0.75,0.946,0.946
bdl_3847,Q2_5,2,900,MIN,True,4,1,0.65,0.828,0.294
bdl_3847,Q2_2.5,2,1050,MIN,True,6,1,0.75,0.869,0.898
bdl_3847,Q2_END,2,1200,MIN,True,6,1,0.75,0.868,0.678
bdl_3847,Q3_7.5,3,1350,MIN,True,11,1,0.93,0.994,1.0
bdl_3847,Q3_5,3,1500,MIN,True,9,1,0.78,0.965,0.018
bdl_3847,Q3_2.5,3,1650,MIN,True,12,1,0.88,0.992,1.0
bdl_3847,Q3_END,3,1800,MIN,True,9,1,0.88,0.977,0.783
bdl_3847,Q4_7.5,4,1950,MIN,True,13,1,0.88,0.998,1.0
bdl_3847,Q4_5,4,2100,MIN,True,10,1,0.85,0.998,0.942
bdl_3847,Q4_2.5,4,2250,MIN,True,9,1,0.7,0.998,0.982
bdl_3848,Q2_7.5,2,750,MIN,False,5,1,0.75,0.848,0.848
bdl_3848,Q2_5,2,900,MIN,False,8,1,0.95,0.988,1.0
bdl_3848,Q2_2.5,2,1050,MIN,False,12,1,1,0.994,0.9975
bdl_3848,Q2_END,2,1200,MIN,False,12,1,0.95,0.992,0.905
bdl_3848,Q3_7.5,3,1350,MIN,False,8,1,0.95,0.947,0.005
bdl_3848,Q3_5,3,1500,MIN,False,8,1,0.95,0.931,0.85
bdl_3848,Q3_2.5,3,1650,MIN,False,10,1,0.95,0.968,1.0
bdl_3848,Q3_END,3,1800,MIN,False,14,1,0.95,0.997,1.0
bdl_3848,Q4_7.5,4,1950,MIN,False,13,1,0.95,0.998,0.983
bdl_3848,Q4_5,4,2100,MIN,False,11,1,0.9,0.994,0.946
bdl_3848,Q4_2.5,4,2250,MIN,False,10,1,0.95,0.999,0.999
bdl_3849,Q2_7.5,2,750,NY,False,-1,0,0.5,0.386,0.386
bdl_3849,Q2_5,2,900,LV,True,1,1,0.55,0.551,0.551
bdl_3849,Q2_2.5,2,1050,LV,True,1,1,0.6,0.627,0.57
bdl_3849,Q2_END,2,1200,NY,False,-3,0,0.5,0.272,0.272
bdl_3849,Q3_7.5,3,1350,NY,False,-6,0,0.6,0.124,0.003
bdl_3849,Q3_5,3,1500,LV,True,9,1,0.78,0.925,0.925
bdl_3849,Q3_2.5,3,1650,LV,True,13,1,0.78,0.987,1.0
bdl_3849,Q3_END,3,1800,LV,True,18,1,0.68,0.999,1.0
bdl_3849,Q4_7.5,4,1950,LV,True,23,1,0.85,1.0,1.0
bdl_3849,Q4_5,4,2100,LV,True,25,1,0.85,1.0,1.0
bdl_3849,Q4_2.5,4,2250,LV,True,21,1,0.68,1.0,1.0
bdl_3850,Q2_7.5,2,750,NY,False,3,1,0.85,0.784,0.784
bdl_3850,Q2_5,2,900,NY,False,10,1,0.85,0.994,1.0
bdl_3850,Q2_2.5,2,1050,NY,False,5,1,0.85,0.858,0.0
bdl_3850,Q2_END,2,1200,NY,False,3,1,0.75,0.739,0.083
bdl_3850,Q3_7.5,3,1350,NY,False,4,1,0.6,0.783,0.864
bdl_3850,Q3_5,3,1500,NY,False,3,1,0.6,0.712,0.3675
bdl_3850,Q3_2.5,3,1650,LV,True,-3,0,0.55,0.273,0.273
bdl_3850,Q3_END,3,1800,LV,True,-2,0,0.55,0.378,0.626
bdl_3850,Q4_7.5,4,1950,NY,False,6,1,0.75,0.904,0.904
bdl_3850,Q4_5,4,2100,NY,False,14,1,0.75,0.999,1.0
bdl_3850,Q4_2.5,4,2250,NY,False,15,1,0.75,1.0,1.0
bdl_3851,Q2_7.5,2,750,MIN,False,7,0,0.88,0.969,0.969
bdl_3851,Q2_5,2,900,MIN,False,7,0,0.8,0.947,0.699
bdl_3851,Q2_2.5,2,1050,MIN,False,7,0,0.7,0.889,0.126
bdl_3851,Q2_END,2,1200,MIN,False,7,0,0.68,0.884,0.482
bdl_3851,Q3_7.5,3,1350,MIN,False,5,0,0.6,0.764,0.394
bdl_3851,Q3_5,3,1500,MIN,False,-2,0,0.6,0.377,0.0085
bdl_3851,Q3_2.5,3,1650,MIN,False,-2,0,0.6,0.381,0.026
bdl_3851,Q3_END,3,1800,MIN,False,-5,0,0.68,0.146,0.001
bdl_3851,Q4_7.5,4,1950,MIN,False,-7,0,0.55,0.084,0.007
bdl_3851,Q4_5,4,2100,MIN,False,-13,0,0.55,0.002,0.0
bdl_3851,Q4_2.5,4,2250,CON,True,13,1,0.78,1.0,1.0
bdl_3852,Q2_7.5,2,750,MIN,True,14,1,0.93,1.0,1.0
bdl_3852,Q2_5,2,900,MIN,True,17,1,0.95,1.0,1.0
bdl_3852,Q2_2.5,2,1050,MIN,True,14,1,0.85,1.0,0.886
bdl_3852,Q2_END,2,1200,MIN,True,19,1,0.85,1.0,1.0
bdl_3852,Q3_7.5,3,1350,MIN,True,12,1,0.75,0.99,0.0
bdl_3852,Q3_5,3,1500,MIN,True,15,1,0.85,0.996,1.0
bdl_3852,Q3_2.5,3,1650,MIN,True,21,1,0.85,1.0,1.0
bdl_3852,Q3_END,3,1800,MIN,True,17,1,0.85,1.0,0.602
bdl_3852,Q4_7.5,4,1950,MIN,True,15,1,0.8,0.999,0.938
bdl_3852,Q4_5,4,2100,MIN,True,19,1,0.8,1.0,1.0
bdl_3852,Q4_2.5,4,2250,MIN,True,13,1,0.8,1.0,0.987
bdl_3853,Q2_7.5,2,750,NY,True,16,1,1,1.0,1.0
bdl_3853,Q2_5,2,900,NY,True,15,1,1,1.0,0.694
bdl_3853,Q2_2.5,2,1050,NY,True,9,1,0.83,0.977,0.0
bdl_3853,Q2_END,2,1200,NY,True,8,1,0.73,0.954,0.511
bdl_3853,Q3_7.5,3,1350,MIN,False,-2,0,0.65,0.384,0.384
bdl_3853,Q3_5,3,1500,MIN,False,-6,0,0.65,0.134,0.001
bdl_3853,Q3_2.5,3,1650,MIN,False,-7,0,0.65,0.061,0.0
bdl_3853,Q3_END,3,1800,MIN,False,-7,0,0.55,0.107,0.699
bdl_3853,Q4_7.5,4,1950,MIN,False,-9,0,0.55,0.029,0.049
bdl_3853,Q4_5,4,2100,NY,True,12,1,0.85,0.999,0.999
bdl_3853,Q4_2.5,4,2250,NY,True,7,1,0.6,0.982,0.3395
bdl_3854,Q2_7.5,2,750,NY,True,9,1,0.93,0.985,0.985
bdl_3854,Q2_5,2,900,NY,True,13,1,1,0.996,1.0
bdl_3854,Q2_2.5,2,1050,NY,True,15,1,1,0.999,0.9995
bdl_3854,Q2_END,2,1200,NY,True,10,1,1,0.975,0.0
bdl_3854,Q3_7.5,3,1350,NY,True,8,1,0.85,0.945,0.8405
bdl_3854,Q3_5,3,1500,NY,True,8,1,0.7,0.926,0.275
bdl_3854,Q3_2.5,3,1650,NY,True,6,1,0.93,0.868,0.272
bdl_3854,Q3_END,3,1800,NY,True,8,1,1,0.94,1.0
bdl_3854,Q4_7.5,4,1950,NY,True,4,1,0.85,0.796,0.08
bdl_3854,Q4_5,4,2100,NY,True,2,1,0.7,0.607,0.311
bdl_3854,Q4_2.5,4,2250,NY,True,6,1,0.7,0.962,1.0
bdl_3855,Q2_7.5,2,750,MIN,True,11,1,0.95,0.999,0.999
bdl_3855,Q2_5,2,900,MIN,True,7,1,0.8,0.979,0.0
bdl_3855,Q2_2.5,2,1050,MIN,True,13,1,1,0.997,1.0
bdl_3855,Q2_END,2,1200,MIN,True,8,1,0.8,0.94,0.001
bdl_3855,Q3_7.5,3,1350,MIN,True,11,1,0.93,0.982,1.0
bdl_3855,Q3_5,3,1500,MIN,True,9,1,0.93,0.941,0.3705
bdl_3855,Q3_2.5,3,1650,MIN,True,10,1,0.88,0.948,0.556
bdl_3855,Q3_END,3,1800,NY,False,-1,0,0.53,0.415,0.415
bdl_3855,Q4_7.5,4,1950,MIN,True,3,1,0.78,0.721,0.721
bdl_3855,Q4_5,4,2100,MIN,True,2,1,0.63,0.703,0.533
bdl_3855,Q4_2.5,4,2250,MIN,True,4,1,0.63,0.834,1.0
bdl_3856,Q2_7.5,2,750,MIN,True,-2,1,0.7,0.323,0.323
bdl_3856,Q2_5,2,900,MIN,True,-3,1,0.7,0.175,0.0
bdl_3856,Q2_2.5,2,1050,MIN,True,-3,1,0.55,0.278,0.954
bdl_3856,Q2_END,2,1200,MIN,True,1,1,0.7,0.514,1.0
bdl_3856,Q3_7.5,3,1350,MIN,True,3,1,0.6,0.722,0.9825
bdl_3856,Q3_5,3,1500,NY,False,4,0,0.63,0.761,0.761
bdl_3856,Q3_2.5,3,1650,MIN,True,0,1,0.53,0.477,0.477
bdl_3856,Q3_END,3,1800,MIN,True,1,1,0.53,0.568,0.896
bdl_3856,Q4_7.5,4,1950,MIN,True,4,1,0.53,0.794,0.925
bdl_3856,Q4_5,4,2100,MIN,True,0,1,0.53,0.46,0.093
bdl_3856,Q4_2.5,4,2250,MIN,True,3,1,0.77,0.837,0.967
bdl_3857,Q2_7.5,2,750,MIN,False,10,0,0.88,0.998,0.998
bdl_3857,Q2_5,2,900,MIN,False,6,0,0.88,0.98,0.819
bdl_3857,Q2_2.5,2,1050,MIN,False,10,0,0.78,0.992,1.0
bdl_3857,Q2_END,2,1200,MIN,False,7,0,0.78,0.948,0.006
bdl_3857,Q3_7.5,3,1350,MIN,False,3,0,0.78,0.743,0.0
bdl_3857,Q3_5,3,1500,MIN,False,5,0,0.78,0.888,0.998
bdl_3857,Q3_2.5,3,1650,MIN,False,0,0,0.7,0.492,0.0
bdl_3857,Q3_END,3,1800,MIN,False,-3,0,0.65,0.304,0.002
bdl_3857,Q4_7.5,4,1950,MIN,False,-1,0,0.65,0.429,0.962
bdl_3857,Q4_5,4,2100,MIN,False,1,0,0.65,0.59,0.919
bdl_3857,Q4_2.5,4,2250,MIN,False,-4,0,0.65,0.121,0.0
bdl_3858,Q2_7.5,2,750,ATL,False,12,0,0.93,0.997,0.997
bdl_3858,Q2_5,2,900,ATL,False,2,0,0.55,0.682,0.0
bdl_3858,Q2_2.5,2,1050,ATL,False,4,0,0.55,0.766,0.997
bdl_3858,Q2_END,2,1200,WSH,True,-4,1,0.5,0.226,0.226
bdl_3858,Q3_7.5,3,1350,ATL,False,2,0,0.7,0.566,0.566
bdl_3858,Q3_5,3,1500,WSH,True,0,1,0.5,0.5,0.5
bdl_3858,Q3_2.5,3,1650,ATL,False,2,0,0.6,0.572,0.572
bdl_3858,Q3_END,3,1800,ATL,False,-1,0,0.85,0.552,0.779
bdl_3858,Q4_7.5,4,1950,WSH,True,5,1,0.5,0.768,0.768
bdl_3858,Q4_5,4,2100,WSH,True,8,1,0.5,0.954,0.9815
bdl_3858,Q4_2.5,4,2250,WSH,True,5,1,0.63,0.92,0.907
bdl_3859,Q2_7.5,2,750,MIN,False,-2,1,0.83,0.493,0.493
bdl_3859,Q2_5,2,900,DAL,True,3,0,0.7,0.696,0.696
bdl_3859,Q2_2.5,2,1050,MIN,False,2,1,0.55,0.689,0.689
bdl_3859,Q2_END,2,1200,MIN,False,0,1,0.7,0.514,0.0
bdl_3859,Q3_7.5,3,1350,DAL,True,1,0,0.68,0.605,0.605
bdl_3859,Q3_5,3,1500,MIN,False,5,1,0.7,0.831,0.831
bdl_3859,Q3_2.5,3,1650,MIN,False,14,1,0.83,1.0,1.0
bdl_3859,Q3_END,3,1800,MIN,False,15,1,0.8,0.998,1.0
bdl_3859,Q4_7.5,4,1950,MIN,False,13,1,0.8,0.996,0.909
bdl_3859,Q4_5,4,2100,MIN,False,17,1,0.75,1.0,1.0
bdl_3859,Q4_2.5,4,2250,MIN,False,18,1,0.7,1.0,1.0
bdl_3860,Q2_7.5,2,750,LA,False,0,1,0.57,0.491,0.491
bdl_3860,Q2_5,2,900,LA,False,2,1,0.73,0.677,0.9795
bdl_3860,Q2_2.5,2,1050,LA,False,5,1,0.63,0.807,0.931
bdl_3860,Q2_END,2,1200,LA,False,3,1,0.68,0.69,0.68
bdl_3860,Q3_7.5,3,1350,LA,False,2,1,0.68,0.673,0.329
bdl_3860,Q3_5,3,1500,LA,False,9,1,0.9,0.956,1.0
bdl_3860,Q3_2.5,3,1650,LA,False,9,1,0.9,0.94,0.809
bdl_3860,Q3_END,3,1800,LA,False,6,1,0.9,0.861,0.149
bdl_3860,Q4_7.5,4,1950,LA,False,6,1,0.9,0.852,0.9005
bdl_3860,Q4_5,4,2100,LA,False,8,1,0.9,0.961,0.995
bdl_3860,Q4_2.5,4,2250,LA,False,12,1,0.9,1.0,1.0
bdl_3861,Q2_7.5,2,750,NY,True,4,1,0.6,0.873,0.873
bdl_3861,Q2_5,2,900,NY,True,8,1,0.9,0.973,1.0
bdl_3861,Q2_2.5,2,1050,NY,True,11,1,0.9,0.993,0.9995
bdl_3861,Q2_END,2,1200,NY,True,14,1,1,0.997,1.0
bdl_3861,Q3_7.5,3,1350,NY,True,9,1,0.9,0.963,0.003
bdl_3861,Q3_5,3,1500,NY,True,8,1,0.9,0.909,0.536
bdl_3861,Q3_2.5,3,1650,NY,True,7,1,0.9,0.876,0.6085
bdl_3861,Q3_END,3,1800,NY,True,5,1,0.9,0.809,0.315
bdl_3861,Q4_7.5,4,1950,NY,True,4,1,0.9,0.736,0.607
bdl_3861,Q4_5,4,2100,NY,True,9,1,0.85,0.96,1.0
bdl_3861,Q4_2.5,4,2250,NY,True,12,1,0.85,1.0,1.0
bdl_3862,Q2_7.5,2,750,IND,True,5,1,0.75,0.888,0.888
bdl_3862,Q2_5,2,900,IND,True,9,1,0.78,0.958,1.0
bdl_3862,Q2_2.5,2,1050,IND,True,10,1,0.85,0.979,0.999
bdl_3862,Q2_END,2,1200,IND,True,13,1,0.95,0.991,1.0
bdl_3862,Q3_7.5,3,1350,IND,True,10,1,0.8,0.958,0.11
bdl_3862,Q3_5,3,1500,IND,True,14,1,0.95,0.994,1.0
bdl_3862,Q3_2.5,3,1650,IND,True,17,1,0.95,1.0,1.0
bdl_3862,Q3_END,3,1800,IND,True,20,1,0.95,1.0,1.0
bdl_3862,Q4_7.5,4,1950,IND,True,21,1,0.95,1.0,1.0
bdl_3862,Q4_5,4,2100,IND,True,28,1,0.95,1.0,1.0
bdl_3862,Q4_2.5,4,2250,IND,True,29,1,0.95,1.0,1.0
bdl_3863,Q2_7.5,2,750,PHX,True,12,1,0.8,0.998,0.998
bdl_3863,Q2_5,2,900,PHX,True,6,1,0.8,0.9615,0.0
bdl_3863,Q2_2.5,2,1050,PHX,True,7,1,0.75,0.96,0.992
bdl_3863,Q2_END,2,1200,PHX,True,12,1,0.8,0.994,1.0
bdl_3863,Q3_7.5,3,1350,PHX,True,13,1,0.75,0.998,0.995
bdl_3863,Q3_5,3,1500,PHX,True,17,1,0.8,1.0,1.0
bdl_3863,Q3_2.5,3,1650,PHX,True,17,1,0.8,1.0,1.0
bdl_3863,Q3_END,3,1800,PHX,True,15,1,0.8,1.0,0.376
bdl_3863,Q4_7.5,4,1950,PHX,True,16,1,0.8,0.999,0.9975
bdl_3863,Q4_5,4,2100,PHX,True,19,1,0.85,1.0,1.0
bdl_3863,Q4_2.5,4,2250,PHX,True,25,1,0.85,1.0,1.0
bdl_3864,Q2_7.5,2,750,CON,True,6,0,0.93,0.96,0.96
bdl_3864,Q2_5,2,900,CON,True,2,0,0.78,0.682,0.0
bdl_3864,Q2_2.5,2,1050,CON,True,4,0,0.78,0.668,0.301
bdl_3864,Q2_END,2,1200,CON,True,5,0,0.78,0.82,1.0
bdl_3864,Q3_7.5,3,1350,CON,True,7,0,0.78,0.918,0.996
bdl_3864,Q3_5,3,1500,CON,True,4,0,0.68,0.761,0.063
bdl_3864,Q3_2.5,3,1650,CON,True,2,0,0.5,0.615,0.019
bdl_3864,Q3_END,3,1800,CON,True,5,0,0.6,0.815,0.999
bdl_3864,Q4_7.5,4,1950,WSH,False,-3,1,0.57,0.275,0.275
bdl_3864,Q4_5,4,2100,WSH,False,-1,1,0.57,0.408,0.733
bdl_3864,Q4_2.5,4,2250,WSH,False,3,1,0.63,0.828,0.976
bdl_3865,Q2_7.5,2,750,MIN,False,-2,1,0.6,0.519,0.519
bdl_3865,Q2_5,2,900,LA,True,-2,0,0.6,0.303,0.303
bdl_3865,Q2_2.5,2,1050,LA,True,-1,0,0.75,0.42,0.771
bdl_3865,Q2_END,2,1200,MIN,False,1,1,0.65,0.539,0.539
bdl_3865,Q3_7.5,3,1350,MIN,False,6,1,0.65,0.868,1.0
bdl_3865,Q3_5,3,1500,MIN,False,7,1,0.75,0.877,0.59
bdl_3865,Q3_2.5,3,1650,MIN,False,8,1,0.85,0.931,0.992
bdl_3865,Q3_END,3,1800,MIN,False,8,1,0.85,0.943,1.0
bdl_3865,Q4_7.5,4,1950,MIN,False,8,1,0.85,0.967,0.967
bdl_3865,Q4_5,4,2100,MIN,False,9,1,0.9,0.979,1.0
bdl_3865,Q4_2.5,4,2250,MIN,False,11,1,0.83,0.999,1.0
bdl_3866,Q2_7.5,2,750,DAL,True,2,0,0.53,0.674,0.674
bdl_3866,Q2_5,2,900,SEA,False,9,1,0.95,0.975,0.975
bdl_3866,Q2_2.5,2,1050,SEA,False,11,1,0.95,0.984,0.999
bdl_3866,Q2_END,2,1200,SEA,False,15,1,0.95,0.998,1.0
bdl_3866,Q3_7.5,3,1350,SEA,False,13,1,0.95,0.994,0.445
bdl_3866,Q3_5,3,1500,SEA,False,13,1,0.9,0.993,1.0
bdl_3866,Q3_2.5,3,1650,SEA,False,12,1,0.95,0.983,0.925
bdl_3866,Q3_END,3,1800,SEA,False,5,1,0.83,0.837,0.0
bdl_3866,Q4_7.5,4,1950,SEA,False,3,1,0.83,0.783,0.143
bdl_3866,Q4_5,4,2100,SEA,False,9,1,0.9,0.984,1.0
bdl_3866,Q4_2.5,4,2250,SEA,False,7,1,0.9,0.986,0.988
bdl_3867,Q2_7.5,2,750,LV,False,8,1,0.78,0.989,0.989
bdl_3867,Q2_5,2,900,LV,False,13,1,1,1.0,1.0
bdl_3867,Q2_2.5,2,1050,LV,False,21,1,1,1.0,1.0
bdl_3867,Q2_END,2,1200,LV,False,23,1,1,1.0,1.0
bdl_3867,Q3_7.5,3,1350,LV,False,29,1,1,1.0,1.0
bdl_3867,Q3_5,3,1500,LV,False,30,1,1,1.0,1.0
bdl_3867,Q3_2.5,3,1650,LV,False,30,1,1,1.0,1.0
bdl_3867,Q3_END,3,1800,LV,False,32,1,1,1.0,1.0
bdl_3867,Q4_7.5,4,1950,LV,False,28,1,1,1.0,1.0
bdl_3867,Q4_5,4,2100,LV,False,27,1,1,1.0,1.0
bdl_3867,Q4_2.5,4,2250,LV,False,23,1,1,1.0,1.0
bdl_3868,Q2_7.5,2,750,ATL,False,10,1,0.7,0.994,0.994
bdl_3868,Q2_5,2,900,ATL,False,7,1,0.55,0.918,0.0
bdl_3868,Q2_2.5,2,1050,ATL,False,7,1,0.7,0.936,0.9855
bdl_3868,Q2_END,2,1200,ATL,False,2,1,0.55,0.67,0.0
bdl_3868,Q3_7.5,3,1350,ATL,False,12,1,0.9,0.985,1.0
bdl_3868,Q3_5,3,1500,ATL,False,10,1,0.75,0.941,0.0
bdl_3868,Q3_2.5,3,1650,ATL,False,13,1,1,0.992,1.0
bdl_3868,Q3_END,3,1800,ATL,False,11,1,1,0.973,0.734
bdl_3868,Q4_7.5,4,1950,ATL,False,4,1,0.75,0.827,0.049
bdl_3868,Q4_5,4,2100,ATL,False,7,1,0.75,0.949,0.898
bdl_3868,Q4_2.5,4,2250,ATL,False,6,1,0.9,0.977,0.874
bdl_3869,Q2_7.5,2,750,MIN,True,7,1,0.75,0.964,0.964
bdl_3869,Q2_5,2,900,MIN,True,4,1,0.73,0.826,0.0075
bdl_3869,Q2_2.5,2,1050,MIN,True,7,1,0.73,0.945,1.0
bdl_3869,Q2_END,2,1200,MIN,True,7,1,0.73,0.907,0.06
bdl_3869,Q3_7.5,3,1350,MIN,True,10,1,0.73,0.961,1.0
bdl_3869,Q3_5,3,1500,MIN,True,8,1,0.73,0.928,0.901
bdl_3869,Q3_2.5,3,1650,MIN,True,11,1,0.73,0.975,0.975
bdl_3869,Q3_END,3,1800,MIN,True,8,1,0.73,0.929,0.2755
bdl_3869,Q4_7.5,4,1950,MIN,True,8,1,0.73,0.941,0.975
bdl_3869,Q4_5,4,2100,MIN,True,6,1,0.73,0.926,0.977
bdl_3869,Q4_2.5,4,2250,MIN,True,5,1,0.73,0.942,0.5985
bdl_3870,Q2_7.5,2,750,WSH,False,7,1,0.8,0.993,0.993
bdl_3870,Q2_5,2,900,WSH,False,3,1,0.7,0.815,0.0
bdl_3870,Q2_2.5,2,1050,WSH,False,4,1,0.63,0.849,0.957
bdl_3870,Q2_END,2,1200,WSH,False,-1,1,0.63,0.429,0.0
bdl_3870,Q3_7.5,3,1350,WSH,False,3,1,0.63,0.752,1.0
bdl_3870,Q3_5,3,1500,WSH,False,7,1,0.63,0.907,0.9555
bdl_3870,Q3_2.5,3,1650,WSH,False,1,1,0.63,0.639,0.3065
bdl_3870,Q3_END,3,1800,WSH,False,-1,1,0.63,0.374,0.001
bdl_3870,Q4_7.5,4,1950,WSH,False,2,1,0.63,0.624,0.959
bdl_3870,Q4_5,4,2100,WSH,False,1,1,0.63,0.601,0.4205
bdl_3870,Q4_2.5,4,2250,WSH,False,2,1,0.63,0.733,1.0
bdl_3871,Q2_7.5,2,750,PHX,True,9,1,0.95,0.984,0.984
bdl_3871,Q2_5,2,900,PHX,True,-1,1,0.6,0.406,0.0
bdl_3871,Q2_2.5,2,1050,LA,False,6,0,0.68,0.881,0.881
bdl_3871,Q2_END,2,1200,LA,False,4,0,0.68,0.757,0.028
bdl_3871,Q3_7.5,3,1350,PHX,True,4,1,0.58,0.779,0.779
bdl_3871,Q3_5,3,1500,PHX,True,6,1,0.83,0.799,0.736
bdl_3871,Q3_2.5,3,1650,PHX,True,7,1,0.78,0.901,1.0
bdl_3871,Q3_END,3,1800,PHX,True,13,1,0.73,0.988,1.0
bdl_3871,Q4_7.5,4,1950,PHX,True,14,1,0.85,0.995,0.873
bdl_3871,Q4_5,4,2100,PHX,True,7,1,0.85,0.924,0.382
bdl_3871,Q4_2.5,4,2250,PHX,True,3,1,0.7,0.736,0.157
bdl_3872,Q2_7.5,2,750,IND,False,0,0,0.63,0.51,0.51
bdl_3872,Q2_5,2,900,IND,False,-1,0,0.65,0.617,0.955
bdl_3872,Q2_2.5,2,1050,IND,False,2,0,0.55,0.741,0.968
bdl_3872,Q2_END,2,1200,IND,False,3,0,0.55,0.719,0.341
bdl_3872,Q3_7.5,3,1350,IND,False,8,0,0.55,0.913,1.0
bdl_3872,Q3_5,3,1500,IND,False,0,0,0.55,0.452,0.0
bdl_3872,Q3_2.5,3,1650,IND,False,2,0,0.55,0.727,1.0
bdl_3872,Q3_END,3,1800,IND,False,3,0,0.63,0.765,0.242
bdl_3872,Q4_7.5,4,1950,IND,False,1,0,0.63,0.603,0.591
bdl_3872,Q4_5,4,2100,IND,False,-2,0,0.6,0.309,0.0
bdl_3872,Q4_2.5,4,2250,IND,False,-4,0,0.55,0.157,0.057
bdl_3873,Q2_7.5,2,750,NY,False,9,1,0.7,0.993,0.993
bdl_3873,Q2_5,2,900,NY,False,8,1,0.7,0.967,0.431
bdl_3873,Q2_2.5,2,1050,NY,False,18,1,0.7,1.0,1.0
bdl_3873,Q2_END,2,1200,NY,False,21,1,0.8,1.0,1.0
bdl_3873,Q3_7.5,3,1350,NY,False,14,1,0.8,0.996,0.0
bdl_3873,Q3_5,3,1500,NY,False,16,1,0.8,0.997,0.999
bdl_3873,Q3_2.5,3,1650,NY,False,21,1,0.9,1.0,1.0
bdl_3873,Q3_END,3,1800,NY,False,21,1,0.9,1.0,1.0
bdl_3873,Q4_7.5,4,1950,NY,False,30,1,0.9,1.0,1.0
bdl_3873,Q4_5,4,2100,NY,False,28,1,0.8,1.0,1.0
bdl_3873,Q4_2.5,4,2250,NY,False,24,1,0.8,1.0,1.0
bdl_3874,Q2_7.5,2,750,CON,False,3,1,0.7,0.75,0.75
bdl_3874,Q2_5,2,900,CON,False,7,1,0.78,0.968,1.0
bdl_3874,Q2_2.5,2,1050,CON,False,9,1,0.78,0.971,0.7735
bdl_3874,Q2_END,2,1200,CON,False,10,1,0.83,0.974,0.973
bdl_3874,Q3_7.5,3,1350,CON,False,11,1,0.78,0.976,0.973
bdl_3874,Q3_5,3,1500,CON,False,6,1,0.78,0.867,0.011
bdl_3874,Q3_2.5,3,1650,CON,False,12,1,0.83,0.989,1.0
bdl_3874,Q3_END,3,1800,CON,False,7,1,0.78,0.929,0.392
bdl_3874,Q4_7.5,4,1950,CON,False,10,1,0.75,0.985,0.939
bdl_3874,Q4_5,4,2100,CON,False,12,1,0.83,0.999,1.0
bdl_3874,Q4_2.5,4,2250,CON,False,4,1,0.75,0.888,0.017
bdl_3875,Q2_7.5,2,750,WSH,False,7,1,0.88,0.959,0.959
bdl_3875,Q2_5,2,900,WSH,False,7,1,0.85,0.957,0.802
bdl_3875,Q2_2.5,2,1050,WSH,False,3,1,0.85,0.747,0.005
bdl_3875,Q2_END,2,1200,WSH,False,9,1,0.85,0.934,1.0
bdl_3875,Q3_7.5,3,1350,WSH,False,9,1,0.85,0.947,1.0
bdl_3875,Q3_5,3,1500,WSH,False,9,1,0.8,0.948,0.8345
bdl_3875,Q3_2.5,3,1650,WSH,False,6,1,0.8,0.911,0.734
bdl_3875,Q3_END,3,1800,WSH,False,9,1,0.85,0.962,0.88
bdl_3875,Q4_7.5,4,1950,WSH,False,8,1,0.85,0.948,0.971
bdl_3875,Q4_5,4,2100,WSH,False,6,1,0.85,0.919,0.78
bdl_3875,Q4_2.5,4,2250,WSH,False,5,1,0.75,0.924,0.803
bdl_3876,Q2_7.5,2,750,LA,True,-2,0,0.88,0.288,0.288
bdl_3876,Q2_5,2,900,LA,True,-6,0,0.88,0.09,0.0
bdl_3876,Q2_2.5,2,1050,GS,False,17,1,0.9,0.998,0.998
bdl_3876,Q2_END,2,1200,GS,False,14,1,0.8,0.998,0.899
bdl_3876,Q3_7.5,3,1350,GS,False,12,1,0.75,0.989,0.4295
bdl_3876,Q3_5,3,1500,GS,False,17,1,0.75,0.999,0.999
bdl_3876,Q3_2.5,3,1650,GS,False,13,1,0.75,0.992,0.857
bdl_3876,Q3_END,3,1800,GS,False,15,1,0.85,0.998,0.993
bdl_3876,Q4_7.5,4,1950,GS,False,15,1,0.85,0.997,1.0
bdl_3876,Q4_5,4,2100,GS,False,10,1,0.75,0.986,0.429
bdl_3876,Q4_2.5,4,2250,GS,False,5,1,0.6,0.924,0.75
bdl_3877,Q2_7.5,2,750,PHX,False,-1,0,0.63,0.404,0.404
bdl_3877,Q2_5,2,900,SEA,True,3,1,0.53,0.767,0.767
bdl_3877,Q2_2.5,2,1050,PHX,False,-1,0,0.83,0.423,0.423
bdl_3877,Q2_END,2,1200,PHX,False,2,0,0.83,0.632,0.992
bdl_3877,Q3_7.5,3,1350,PHX,False,3,0,0.83,0.692,0.318
bdl_3877,Q3_5,3,1500,PHX,False,5,0,0.83,0.836,1.0
bdl_3877,Q3_2.5,3,1650,PHX,False,5,0,0.83,0.829,0.992
bdl_3877,Q3_END,3,1800,PHX,False,-1,0,0.75,0.401,0.0
bdl_3877,Q4_7.5,4,1950,SEA,True,4,1,0.5,0.822,0.822
bdl_3877,Q4_5,4,2100,PHX,False,-3,0,0.65,0.222,0.222
bdl_3877,Q4_2.5,4,2250,PHX,False,-4,0,0.65,0.101,0.1675
bdl_3878,Q2_7.5,2,750,NY,False,3,1,0.7,0.783,0.783
bdl_3878,Q2_5,2,900,NY,False,15,1,0.85,0.999,1.0
bdl_3878,Q2_2.5,2,1050,NY,False,10,1,0.8,0.972,0.0
bdl_3878,Q2_END,2,1200,NY,False,9,1,0.8,0.964,0.596
bdl_3878,Q3_7.5,3,1350,NY,False,6,1,0.75,0.895,0.052
bdl_3878,Q3_5,3,1500,NY,False,4,1,0.75,0.758,0.175
bdl_3878,Q3_2.5,3,1650,NY,False,0,1,0.65,0.535,0.002
bdl_3878,Q3_END,3,1800,IND,True,8,0,0.57,0.909,0.909
bdl_3878,Q4_7.5,4,1950,IND,True,10,0,0.78,0.977,1.0
bdl_3878,Q4_5,4,2100,IND,True,-2,0,0.55,0.362,0.0
bdl_3878,Q4_2.5,4,2250,IND,True,0,0,0.55,0.502,0.197
bdl_3879,Q2_7.5,2,750,ATL,True,2,1,0.8,0.598,0.598
bdl_3879,Q2_5,2,900,ATL,True,0,1,0.6,0.512,0.527
bdl_3879,Q2_2.5,2,1050,ATL,True,4,1,0.7,0.823,1.0
bdl_3879,Q2_END,2,1200,ATL,True,7,1,0.8,0.936,0.999
bdl_3879,Q3_7.5,3,1350,ATL,True,9,1,0.8,0.952,0.595
bdl_3879,Q3_5,3,1500,ATL,True,14,1,0.93,0.999,1.0
bdl_3879,Q3_2.5,3,1650,ATL,True,18,1,0.93,1.0,1.0
bdl_3879,Q3_END,3,1800,ATL,True,18,1,0.93,1.0,0.984
bdl_3879,Q4_7.5,4,1950,ATL,True,12,1,0.85,0.997,0.0365
bdl_3879,Q4_5,4,2100,ATL,True,5,1,0.8,0.893,0.019
bdl_3879,Q4_2.5,4,2250,ATL,True,10,1,0.85,1.0,1.0
bdl_3880,Q2_7.5,2,750,CON,False,1,0,0.75,0.616,0.616
bdl_3880,Q2_5,2,900,CON,False,-1,0,0.78,0.543,0.459
bdl_3880,Q2_2.5,2,1050,ATL,True,2,1,0.6,0.687,0.687
bdl_3880,Q2_END,2,1200,ATL,True,4,1,0.6,0.816,0.9555
bdl_3880,Q3_7.5,3,1350,ATL,True,5,1,0.63,0.839,0.929
bdl_3880,Q3_5,3,1500,ATL,True,8,1,0.63,0.945,0.996
bdl_3880,Q3_2.5,3,1650,ATL,True,12,1,0.65,0.988,1.0
bdl_3880,Q3_END,3,1800,ATL,True,15,1,0.65,0.999,1.0
bdl_3880,Q4_7.5,4,1950,ATL,True,14,1,0.75,1.0,0.9645
bdl_3880,Q4_5,4,2100,ATL,True,16,1,0.65,1.0,1.0
bdl_3880,Q4_2.5,4,2250,ATL,True,18,1,0.75,1.0,1.0
bdl_3881,Q2_7.5,2,750,CHI,False,5,0,0.73,0.927,0.927
bdl_3881,Q2_5,2,900,CHI,False,-1,0,0.6,0.521,0.003
bdl_3881,Q2_2.5,2,1050,LA,True,6,1,0.75,0.834,0.834
bdl_3881,Q2_END,2,1200,LA,True,4,1,0.83,0.811,0.892
bdl_3881,Q3_7.5,3,1350,LA,True,2,1,0.83,0.643,0.1065
bdl_3881,Q3_5,3,1500,LA,True,7,1,0.83,0.845,0.982
bdl_3881,Q3_2.5,3,1650,LA,True,11,1,0.95,0.961,1.0
bdl_3881,Q3_END,3,1800,LA,True,12,1,0.95,0.99,0.984
bdl_3881,Q4_7.5,4,1950,LA,True,7,1,0.95,0.893,0.005
bdl_3881,Q4_5,4,2100,LA,True,13,1,0.95,1.0,1.0
bdl_3881,Q4_2.5,4,2250,LA,True,9,1,0.95,1.0,0.999
bdl_3882,Q2_7.5,2,750,WSH,False,-1,1,0.53,0.384,0.384
bdl_3882,Q2_5,2,900,PHX,True,7,0,0.63,0.9605,0.9605
bdl_3882,Q2_2.5,2,1050,PHX,True,7,0,0.9,0.94,0.717
bdl_3882,Q2_END,2,1200,PHX,True,10,0,0.9,0.968,1.0
bdl_3882,Q3_7.5,3,1350,PHX,True,13,0,0.8,0.99,0.999
bdl_3882,Q3_5,3,1500,PHX,True,10,0,0.8,0.98,0.962
bdl_3882,Q3_2.5,3,1650,PHX,True,4,0,0.8,0.839,0.014
bdl_3882,Q3_END,3,1800,PHX,True,2,0,0.65,0.695,0.006
bdl_3882,Q4_7.5,4,1950,PHX,True,-2,0,0.5,0.353,0.0075
bdl_3882,Q4_5,4,2100,PHX,True,-4,0,0.65,0.113,0.041
bdl_3882,Q4_2.5,4,2250,WSH,False,3,1,0.6,0.861,0.861
bdl_3883,Q2_7.5,2,750,SEA,True,15,1,0.95,1.0,1.0
bdl_3883,Q2_5,2,900,SEA,True,14,1,1,0.999,0.656
bdl_3883,Q2_2.5,2,1050,SEA,True,19,1,1,1.0,1.0
bdl_3883,Q2_END,2,1200,SEA,True,22,1,1,1.0,0.999
bdl_3883,Q3_7.5,3,1350,SEA,True,21,1,0.9,1.0,0.919
bdl_3883,Q3_5,3,1500,SEA,True,21,1,0.9,1.0,1.0
bdl_3883,Q3_2.5,3,1650,SEA,True,20,1,0.9,1.0,0.981
bdl_3883,Q3_END,3,1800,SEA,True,21,1,0.83,1.0,0.999
bdl_3883,Q4_7.5,4,1950,SEA,True,21,1,0.83,1.0,1.0
bdl_3883,Q4_5,4,2100,SEA,True,23,1,0.83,1.0,1.0
bdl_3883,Q4_2.5,4,2250,SEA,True,21,1,0.83,1.0,1.0
bdl_3884,Q2_7.5,2,750,DAL,False,6,1,0.83,0.93,0.93
bdl_3884,Q2_5,2,900,DAL,False,12,1,1,0.993,1.0
bdl_3884,Q2_2.5,2,1050,DAL,False,12,1,1,0.985,0.851
bdl_3884,Q2_END,2,1200,DAL,False,14,1,1,0.996,1.0
bdl_3884,Q3_7.5,3,1350,DAL,False,15,1,0.85,0.992,0.554
bdl_3884,Q3_5,3,1500,DAL,False,18,1,1,0.999,1.0
bdl_3884,Q3_2.5,3,1650,DAL,False,17,1,1,0.998,0.999
bdl_3884,Q3_END,3,1800,DAL,False,14,1,0.8,0.997,0.65
bdl_3884,Q4_7.5,4,1950,DAL,False,20,1,0.95,1.0,1.0
bdl_3884,Q4_5,4,2100,DAL,False,20,1,1,1.0,1.0
bdl_3884,Q4_2.5,4,2250,DAL,False,25,1,1,1.0,1.0
bdl_3885,Q2_7.5,2,750,NY,True,21,1,0.9,1.0,1.0
bdl_3885,Q2_5,2,900,NY,True,21,1,0.85,1.0,0.9575
bdl_3885,Q2_2.5,2,1050,NY,True,22,1,0.95,1.0,1.0
bdl_3885,Q2_END,2,1200,NY,True,19,1,0.85,1.0,0.166
bdl_3885,Q3_7.5,3,1350,NY,True,25,1,0.85,1.0,1.0
bdl_3885,Q3_5,3,1500,NY,True,16,1,0.85,0.999,0.046
bdl_3885,Q3_2.5,3,1650,NY,True,13,1,0.85,0.988,0.007
bdl_3885,Q3_END,3,1800,NY,True,16,1,0.85,0.994,1.0
bdl_3885,Q4_7.5,4,1950,NY,True,15,1,0.78,0.998,0.999
bdl_3885,Q4_5,4,2100,NY,True,24,1,0.85,1.0,1.0
bdl_3885,Q4_2.5,4,2250,NY,True,28,1,0.85,1.0,1.0
bdl_3886,Q2_7.5,2,750,MIN,True,10,1,0.95,0.999,0.999
bdl_3886,Q2_5,2,900,MIN,True,11,1,0.95,0.997,0.5415
bdl_3886,Q2_2.5,2,1050,MIN,True,12,1,0.85,0.998,0.983
bdl_3886,Q2_END,2,1200,MIN,True,10,1,0.95,0.971,0.268
bdl_3886,Q3_7.5,3,1350,MIN,True,8,1,0.95,0.9385,0.236
bdl_3886,Q3_5,3,1500,MIN,True,11,1,0.95,0.965,0.9925
bdl_3886,Q3_2.5,3,1650,MIN,True,3,1,0.85,0.711,0.0
bdl_3886,Q3_END,3,1800,MIN,True,3,1,0.7,0.725,0.701
bdl_3886,Q4_7.5,4,1950,MIN,True,5,1,0.7,0.847,0.991
bdl_3886,Q4_5,4,2100,MIN,True,2,1,0.7,0.662,0.061
bdl_3886,Q4_2.5,4,2250,MIN,True,5,1,0.8,0.919,0.998
bdl_3887,Q2_7.5,2,750,ATL,False,5,1,0.68,0.9,0.9
bdl_3887,Q2_5,2,900,ATL,False,4,1,0.53,0.84,0.256
bdl_3887,Q2_2.5,2,1050,ATL,False,7,1,0.63,0.917,1.0
bdl_3887,Q2_END,2,1200,ATL,False,9,1,0.7,0.957,1.0
bdl_3887,Q3_7.5,3,1350,ATL,False,4,1,0.7,0.783,0.0
bdl_3887,Q3_5,3,1500,ATL,False,9,1,0.7,0.97,1.0
bdl_3887,Q3_2.5,3,1650,ATL,False,15,1,0.95,0.997,1.0
bdl_3887,Q3_END,3,1800,ATL,False,13,1,0.9,0.996,0.969
bdl_3887,Q4_7.5,4,1950,ATL,False,3,1,0.65,0.744,0.0
bdl_3887,Q4_5,4,2100,ATL,False,2,1,0.52,0.675,0.497
bdl_3887,Q4_2.5,4,2250,ATL,False,5,1,0.73,0.898,0.975
bdl_3888,Q2_7.5,2,750,CHI,False,6,0,0.8,0.956,0.956
bdl_3888,Q2_5,2,900,CHI,False,3,0,0.93,0.718,0.016
bdl_3888,Q2_2.5,2,1050,CHI,False,8,0,0.93,0.963,1.0
bdl_3888,Q2_END,2,1200,CHI,False,6,0,0.85,0.866,0.117
bdl_3888,Q3_7.5,3,1350,CHI,False,13,0,0.75,0.994,1.0
bdl_3888,Q3_5,3,1500,CHI,False,14,0,0.93,0.987,0.993
bdl_3888,Q3_2.5,3,1650,CHI,False,6,0,0.75,0.85,0.0
bdl_3888,Q3_END,3,1800,CHI,False,4,0,0.75,0.767,0.334
bdl_3888,Q4_7.5,4,1950,CHI,False,1,0,0.65,0.594,0.085
bdl_3888,Q4_5,4,2100,CHI,False,-3,0,0.75,0.245,0.015
bdl_3888,Q4_2.5,4,2250,PHX,True,5,1,0.5,0.908,0.908
bdl_3889,Q2_7.5,2,750,IND,False,2,0,0.88,0.706,0.706
bdl_3889,Q2_5,2,900,IND,False,0,0,0.78,0.504,0.035
bdl_3889,Q2_2.5,2,1050,IND,False,1,0,0.65,0.577,0.923
bdl_3889,Q2_END,2,1200,WSH,True,4,1,0.65,0.771,0.771
bdl_3889,Q3_7.5,3,1350,WSH,True,5,1,0.65,0.843,0.957
bdl_3889,Q3_5,3,1500,WSH,True,4,1,0.53,0.753,0.387
bdl_3889,Q3_2.5,3,1650,WSH,True,7,1,0.63,0.913,1.0
bdl_3889,Q3_END,3,1800,WSH,True,7,1,0.63,0.913,0.86
bdl_3889,Q4_7.5,4,1950,WSH,True,4,1,0.63,0.818,0.195
bdl_3889,Q4_5,4,2100,WSH,True,9,1,0.75,0.986,1.0
bdl_3889,Q4_2.5,4,2250,WSH,True,7,1,0.75,0.987,0.88
bdl_3890,Q2_7.5,2,750,NY,True,-1,0,0.7,0.595,0.595
bdl_3890,Q2_5,2,900,NY,True,-1,0,0.75,0.587,0.497
bdl_3890,Q2_2.5,2,1050,NY,True,0,0,0.75,0.491,0.066
bdl_3890,Q2_END,2,1200,NY,True,0,0,0.68,0.492,0.452
bdl_3890,Q3_7.5,3,1350,NY,True,2,0,0.63,0.658,0.953
bdl_3890,Q3_5,3,1500,NY,True,2,0,0.63,0.642,0.68
bdl_3890,Q3_2.5,3,1650,NY,True,3,0,0.63,0.716,0.883
bdl_3890,Q3_END,3,1800,NY,True,1,0,0.63,0.587,0.224
bdl_3890,Q4_7.5,4,1950,NY,True,3,0,0.63,0.718,0.939
bdl_3890,Q4_5,4,2100,NY,True,0,0,0.63,0.592,0.57
bdl_3890,Q4_2.5,4,2250,GS,False,1,1,0.53,0.636,0.636
bdl_3891,Q2_7.5,2,750,CHI,True,10,1,0.55,0.994,0.994
bdl_3891,Q2_5,2,900,CHI,True,5,1,0.55,0.899,0.0
bdl_3891,Q2_2.5,2,1050,CHI,True,7,1,0.55,0.901,0.995
bdl_3891,Q2_END,2,1200,CHI,True,6,1,0.55,0.888,0.483
bdl_3891,Q3_7.5,3,1350,CHI,True,8,1,0.7,0.92,0.9985
bdl_3891,Q3_5,3,1500,CHI,True,2,1,0.65,0.626,0.0
bdl_3891,Q3_2.5,3,1650,CHI,True,-5,1,0.65,0.235,0.0005
bdl_3891,Q3_END,3,1800,CHI,True,-5,1,0.5,0.184,0.005
bdl_3891,Q4_7.5,4,1950,CHI,True,2,1,0.65,0.691,1.0
bdl_3891,Q4_5,4,2100,CHI,True,-1,1,0.5,0.4,0.061
bdl_3891,Q4_2.5,4,2250,CHI,True,2,1,0.65,0.74,0.8505
bdl_3892,Q2_7.5,2,750,IND,True,-3,0,0.73,0.31,0.31
bdl_3892,Q2_5,2,900,IND,True,-3,0,0.55,0.233,0.023
bdl_3892,Q2_2.5,2,1050,IND,True,-4,0,0.55,0.204,0.068
bdl_3892,Q2_END,2,1200,CON,False,4,1,0.6,0.795,0.795
bdl_3892,Q3_7.5,3,1350,CON,False,5,1,0.65,0.812,0.895
bdl_3892,Q3_5,3,1500,CON,False,9,1,0.73,0.962,0.999
bdl_3892,Q3_2.5,3,1650,CON,False,10,1,0.73,0.979,1.0
bdl_3892,Q3_END,3,1800,CON,False,9,1,0.73,0.966,0.277
bdl_3892,Q4_7.5,4,1950,CON,False,13,1,0.85,0.998,1.0
bdl_3892,Q4_5,4,2100,CON,False,4,1,0.78,0.749,0.0
bdl_3892,Q4_2.5,4,2250,CON,False,1,1,0.63,0.579,0.036
bdl_3893,Q2_7.5,2,750,NY,False,9,1,0.75,0.989,0.989
bdl_3893,Q2_5,2,900,NY,False,10,1,0.85,0.989,0.963
bdl_3893,Q2_2.5,2,1050,NY,False,12,1,0.95,0.998,1.0
bdl_3893,Q2_END,2,1200,NY,False,12,1,0.95,0.993,0.946
bdl_3893,Q3_7.5,3,1350,NY,False,6,1,0.88,0.848,0.0
bdl_3893,Q3_5,3,1500,NY,False,11,1,0.93,0.976,1.0
bdl_3893,Q3_2.5,3,1650,NY,False,17,1,0.93,0.998,1.0
bdl_3893,Q3_END,3,1800,NY,False,18,1,0.9,1.0,1.0
bdl_3893,Q4_7.5,4,1950,NY,False,13,1,0.83,0.994,0.294
bdl_3893,Q4_5,4,2100,NY,False,16,1,0.83,1.0,1.0
bdl_3893,Q4_2.5,4,2250,NY,False,18,1,1,1.0,1.0
bdl_3894,Q2_7.5,2,750,LV,True,5,1,0.95,0.875,0.875
bdl_3894,Q2_5,2,900,LV,True,10,1,1,0.99,1.0
bdl_3894,Q2_2.5,2,1050,LV,True,14,1,1,0.998,1.0
bdl_3894,Q2_END,2,1200,LV,True,15,1,0.95,0.995,0.479
bdl_3894,Q3_7.5,3,1350,LV,True,18,1,0.95,1.0,1.0
bdl_3894,Q3_5,3,1500,LV,True,19,1,0.95,0.998,0.979
bdl_3894,Q3_2.5,3,1650,LV,True,21,1,0.95,1.0,1.0
bdl_3894,Q3_END,3,1800,LV,True,21,1,0.95,1.0,0.999
bdl_3894,Q4_7.5,4,1950,LV,True,19,1,0.9,1.0,0.998
bdl_3894,Q4_5,4,2100,LV,True,10,1,0.9,0.987,0.005
bdl_3894,Q4_2.5,4,2250,LV,True,15,1,0.9,1.0,1.0
bdl_3895,Q2_7.5,2,750,PHX,True,-4,1,0.5,0.097,0.097
bdl_3895,Q2_5,2,900,PHX,True,-2,1,0.7,0.482,1.0
bdl_3895,Q2_2.5,2,1050,PHX,True,1,1,0.6,0.596,0.525
bdl_3895,Q2_END,2,1200,PHX,True,1,1,0.55,0.639,0.57
bdl_3895,Q3_7.5,3,1350,PHX,True,2,1,0.55,0.593,0.802
bdl_3895,Q3_5,3,1500,PHX,True,5,1,0.55,0.829,0.9905
bdl_3895,Q3_2.5,3,1650,PHX,True,7,1,0.55,0.91,0.958
bdl_3895,Q3_END,3,1800,PHX,True,5,1,0.55,0.82,0.788
bdl_3895,Q4_7.5,4,1950,PHX,True,5,1,0.55,0.837,0.764
bdl_3895,Q4_5,4,2100,PHX,True,3,1,0.55,0.737,0.413
bdl_3895,Q4_2.5,4,2250,PHX,True,1,1,0.55,0.64,0.329
bdl_3896,Q2_7.5,2,750,SEA,True,10,0,0.75,0.995,0.995
bdl_3896,Q2_5,2,900,SEA,True,15,0,0.83,1.0,1.0
bdl_3896,Q2_2.5,2,1050,SEA,True,10,0,0.65,0.963,0.0
bdl_3896,Q2_END,2,1200,SEA,True,11,0,0.85,0.986,1.0
bdl_3896,Q3_7.5,3,1350,SEA,True,11,0,0.85,0.987,0.914
bdl_3896,Q3_5,3,1500,SEA,True,13,0,0.93,0.995,0.997
bdl_3896,Q3_2.5,3,1650,SEA,True,3,0,0.78,0.692,0.0
bdl_3896,Q3_END,3,1800,SEA,True,3,0,0.88,0.652,0.704
bdl_3896,Q4_7.5,4,1950,SEA,True,-5,0,0.63,0.144,0.0
bdl_3896,Q4_5,4,2100,SEA,True,-3,0,0.63,0.287,0.186
bdl_3896,Q4_2.5,4,2250,SEA,True,-4,0,0.6,0.075,0.037
bdl_3897,Q2_7.5,2,750,CHI,False,6,1,0.57,0.955,0.955
bdl_3897,Q2_5,2,900,CHI,False,3,1,0.57,0.755,0.005
bdl_3897,Q2_2.5,2,1050,DAL,True,-4,0,0.53,0.22,0.22
bdl_3897,Q2_END,2,1200,DAL,True,-3,0,0.7,0.279,0.696
bdl_3897,Q3_7.5,3,1350,DAL,True,-6,0,0.7,0.132,0.0
bdl_3897,Q3_5,3,1500,DAL,True,-1,0,0.75,0.399,1.0
bdl_3897,Q3_2.5,3,1650,DAL,True,-4,0,0.75,0.227,0.007
bdl_3897,Q3_END,3,1800,DAL,True,-7,0,0.53,0.091,0.0
bdl_3897,Q4_7.5,4,1950,CHI,False,11,1,0.85,0.994,0.994
bdl_3897,Q4_5,4,2100,CHI,False,9,1,0.75,0.986,0.795
bdl_3897,Q4_2.5,4,2250,CHI,False,11,1,0.85,1.0,1.0
bdl_3898,Q2_7.5,2,750,NY,True,23,1,0.93,1.0,1.0
bdl_3898,Q2_5,2,900,NY,True,26,1,1,1.0,0.9995
bdl_3898,Q2_2.5,2,1050,NY,True,26,1,1,1.0,0.991
bdl_3898,Q2_END,2,1200,NY,True,32,1,1,1.0,1.0
bdl_3898,Q3_7.5,3,1350,NY,True,39,1,1,1.0,1.0
bdl_3898,Q3_5,3,1500,NY,True,49,1,1,1.0,1.0
bdl_3898,Q3_2.5,3,1650,NY,True,54,1,1,1.0,1.0
bdl_3898,Q3_END,3,1800,NY,True,54,1,1,1.0,1.0
bdl_3898,Q4_7.5,4,1950,NY,True,54,1,1,1.0,1.0
bdl_3898,Q4_5,4,2100,NY,True,56,1,1,1.0,1.0
bdl_3898,Q4_2.5,4,2250,NY,True,54,1,1,1.0,1.0
bdl_3899,Q2_7.5,2,750,LA,True,11,0,0.75,0.991,0.991
bdl_3899,Q2_5,2,900,LA,True,15,0,0.85,1.0,1.0
bdl_3899,Q2_2.5,2,1050,LA,True,17,0,0.85,0.999,1.0
bdl_3899,Q2_END,2,1200,LA,True,13,0,0.85,0.991,0.024
bdl_3899,Q3_7.5,3,1350,LA,True,6,0,0.75,0.86,0.0
bdl_3899,Q3_5,3,1500,LA,True,7,0,0.75,0.878,0.981
bdl_3899,Q3_2.5,3,1650,LA,True,2,0,0.68,0.626,0.0005
bdl_3899,Q3_END,3,1800,LA,True,-2,0,0.6,0.326,0.0
bdl_3899,Q4_7.5,4,1950,LA,True,-1,0,0.6,0.404,0.537
bdl_3899,Q4_5,4,2100,PHX,False,1,1,0.55,0.549,0.549
bdl_3899,Q4_2.5,4,2250,PHX,False,6,1,0.55,0.974,1.0
bdl_3900,Q2_7.5,2,750,LV,False,15,1,0.95,1.0,1.0
bdl_3900,Q2_5,2,900,LV,False,13,1,0.7,0.991,0.007
bdl_3900,Q2_2.5,2,1050,LV,False,8,1,0.7,0.95,0.187
bdl_3900,Q2_END,2,1200,LV,False,12,1,0.8,0.989,1.0
bdl_3900,Q3_7.5,3,1350,LV,False,9,1,0.78,0.953,0.032
bdl_3900,Q3_5,3,1500,LV,False,6,1,0.63,0.828,0.0
bdl_3900,Q3_2.5,3,1650,LV,False,8,1,0.63,0.933,1.0
bdl_3900,Q3_END,3,1800,LV,False,14,1,0.95,0.993,1.0
bdl_3900,Q4_7.5,4,1950,LV,False,13,1,0.95,0.996,0.965
bdl_3900,Q4_5,4,2100,LV,False,14,1,0.95,1.0,1.0
bdl_3900,Q4_2.5,4,2250,LV,False,11,1,0.8,1.0,0.9715
bdl_3901,Q2_7.5,2,750,MIN,False,6,1,0.83,0.934,0.934
bdl_3901,Q2_5,2,900,MIN,False,1,1,0.57,0.607,0.0
bdl_3901,Q2_2.5,2,1050,MIN,False,3,1,0.65,0.653,0.612
bdl_3901,Q2_END,2,1200,MIN,False,-3,1,0.57,0.329,0.0
bdl_3901,Q3_7.5,3,1350,MIN,False,-1,1,0.57,0.454,0.963
bdl_3901,Q3_5,3,1500,MIN,False,1,1,0.57,0.536,0.963
bdl_3901,Q3_2.5,3,1650,MIN,False,9,1,0.65,0.944,1.0
bdl_3901,Q3_END,3,1800,MIN,False,8,1,0.73,0.909,0.945
bdl_3901,Q4_7.5,4,1950,MIN,False,15,1,0.93,0.998,1.0
bdl_3901,Q4_5,4,2100,MIN,False,19,1,0.93,1.0,1.0
bdl_3901,Q4_2.5,4,2250,MIN,False,13,1,0.88,0.999,0.987
bdl_3902,Q2_7.5,2,750,WSH,False,3,0,0.6,0.801,0.801
bdl_3902,Q2_5,2,900,WSH,False,1,0,0.55,0.575,0.024
bdl_3902,Q2_2.5,2,1050,IND,True,-3,1,0.6,0.144,0.144
bdl_3902,Q2_END,2,1200,IND,True,4,1,0.68,0.818,1.0
bdl_3902,Q3_7.5,3,1350,IND,True,8,1,0.68,0.941,0.999
bdl_3902,Q3_5,3,1500,IND,True,13,1,0.9,0.99,1.0
bdl_3902,Q3_2.5,3,1650,IND,True,16,1,0.9,0.996,0.988
bdl_3902,Q3_END,3,1800,IND,True,14,1,0.8,0.996,0.985
bdl_3902,Q4_7.5,4,1950,IND,True,6,1,0.73,0.86,0.0
bdl_3902,Q4_5,4,2100,IND,True,3,1,0.73,0.775,0.233
bdl_3902,Q4_2.5,4,2250,IND,True,3,1,0.73,0.763,0.891
bdl_3903,Q2_7.5,2,750,MIN,True,3,1,0.63,0.78,0.78
bdl_3903,Q2_5,2,900,MIN,True,6,1,0.75,0.868,0.9325
bdl_3903,Q2_2.5,2,1050,MIN,True,7,1,0.75,0.92,1.0
bdl_3903,Q2_END,2,1200,MIN,True,9,1,0.75,0.969,0.989
bdl_3903,Q3_7.5,3,1350,MIN,True,12,1,0.75,0.987,1.0
bdl_3903,Q3_5,3,1500,MIN,True,12,1,0.93,0.988,0.9755
bdl_3903,Q3_2.5,3,1650,MIN,True,17,1,0.93,0.999,1.0
bdl_3903,Q3_END,3,1800,MIN,True,18,1,0.93,1.0,1.0
bdl_3903,Q4_7.5,4,1950,MIN,True,17,1,0.85,1.0,0.992
bdl_3903,Q4_5,4,2100,MIN,True,24,1,0.93,1.0,1.0
bdl_3903,Q4_2.5,4,2250,MIN,True,24,1,0.93,1.0,1.0
bdl_3904,Q2_7.5,2,750,SEA,True,3,1,0.77,0.89,0.89
bdl_3904,Q2_5,2,900,SEA,True,0,1,0.68,0.396,0.0
bdl_3904,Q2_2.5,2,1050,SEA,True,-1,1,0.68,0.414,0.743
bdl_3904,Q2_END,2,1200,SEA,True,-8,1,0.68,0.043,0.0
bdl_3904,Q3_7.5,3,1350,SEA,True,-9,1,0.55,0.066,0.453
bdl_3904,Q3_5,3,1500,SEA,True,-8,1,0.55,0.089,0.4095
bdl_3904,Q3_2.5,3,1650,SEA,True,1,1,0.55,0.576,1.0
bdl_3904,Q3_END,3,1800,SEA,True,-1,1,0.65,0.424,0.109
bdl_3904,Q4_7.5,4,1950,SEA,True,-3,1,0.55,0.268,0.001
bdl_3904,Q4_5,4,2100,SEA,True,5,1,0.55,0.885,1.0
bdl_3904,Q4_2.5,4,2250,SEA,True,7,1,0.68,0.982,0.995
bdl_3905,Q2_7.5,2,750,WSH,True,3,0,0.6,0.808,0.808
bdl_3905,Q2_5,2,900,NY,False,4,1,0.83,0.869,0.869
bdl_3905,Q2_2.5,2,1050,NY,False,9,1,0.83,0.981,1.0
bdl_3905,Q2_END,2,1200,NY,False,15,1,0.95,1.0,1.0
bdl_3905,Q3_7.5,3,1350,NY,False,11,1,0.95,0.987,0.005
bdl_3905,Q3_5,3,1500,NY,False,12,1,0.95,0.981,0.9915
bdl_3905,Q3_2.5,3,1650,NY,False,13,1,0.95,0.993,1.0
bdl_3905,Q3_END,3,1800,NY,False,16,1,0.95,1.0,0.991
bdl_3905,Q4_7.5,4,1950,NY,False,11,1,0.95,0.993,0.195
bdl_3905,Q4_5,4,2100,NY,False,8,1,0.8,0.942,0.532
bdl_3905,Q4_2.5,4,2250,NY,False,9,1,0.8,0.997,1.0
bdl_3906,Q2_7.5,2,750,PHX,True,7,0,0.8,0.951,0.951
bdl_3906,Q2_5,2,900,GS,False,-4,1,0.7,0.329,0.329
bdl_3906,Q2_2.5,2,1050,GS,False,-4,1,0.63,0.187,0.0
bdl_3906,Q2_END,2,1200,GS,False,1,1,0.63,0.524,1.0
bdl_3906,Q3_7.5,3,1350,GS,False,1,1,0.63,0.585,0.566
bdl_3906,Q3_5,3,1500,PHX,True,2,0,0.63,0.639,0.639
bdl_3906,Q3_2.5,3,1650,GS,False,0,1,0.53,0.442,0.442
bdl_3906,Q3_END,3,1800,GS,False,0,1,0.53,0.46,0.9455
bdl_3906,Q4_7.5,4,1950,GS,False,4,1,0.53,0.754,1.0
bdl_3906,Q4_5,4,2100,GS,False,8,1,0.68,0.959,1.0
bdl_3906,Q4_2.5,4,2250,GS,False,3,1,0.68,0.819,0.425
bdl_3907,Q2_7.5,2,750,ATL,False,7,0,1,0.947,0.947
bdl_3907,Q2_5,2,900,ATL,False,3,0,1,0.769,0.02
bdl_3907,Q2_2.5,2,1050,ATL,False,3,0,0.85,0.751,0.631
bdl_3907,Q2_END,2,1200,ATL,False,-1,0,0.93,0.477,0.011
bdl_3907,Q3_7.5,3,1350,CON,True,9,1,0.7,0.973,0.973
bdl_3907,Q3_5,3,1500,CON,True,9,1,0.63,0.963,0.928
bdl_3907,Q3_2.5,3,1650,CON,True,10,1,0.78,0.981,0.995
bdl_3907,Q3_END,3,1800,CON,True,1,1,0.5,0.601,0.0
bdl_3907,Q4_7.5,4,1950,ATL,False,-4,0,0.55,0.279,0.279
bdl_3907,Q4_5,4,2100,CON,True,4,1,0.6,0.853,0.853
bdl_3907,Q4_2.5,4,2250,ATL,False,-8,0,0.55,0.008,0.008
bdl_3908,Q2_7.5,2,750,LA,False,2,1,0.68,0.895,0.895
bdl_3908,Q2_5,2,900,LA,False,10,1,0.88,0.984,1.0
bdl_3908,Q2_2.5,2,1050,LA,False,4,1,0.68,0.861,0.002
bdl_3908,Q2_END,2,1200,LA,False,5,1,0.73,0.821,0.376
bdl_3908,Q3_7.5,3,1350,LA,False,8,1,0.8,0.915,0.933
bdl_3908,Q3_5,3,1500,LA,False,5,1,0.8,0.834,0.96
bdl_3908,Q3_2.5,3,1650,LA,False,10,1,0.9,0.961,0.991
bdl_3908,Q3_END,3,1800,LA,False,12,1,0.9,0.985,1.0
bdl_3908,Q4_7.5,4,1950,LA,False,21,1,0.9,1.0,1.0
bdl_3908,Q4_5,4,2100,LA,False,19,1,0.9,1.0,0.999
bdl_3908,Q4_2.5,4,2250,LA,False,20,1,0.9,1.0,1.0
bdl_3909,Q2_7.5,2,750,GS,True,6,1,0.75,0.9645,0.9645
bdl_3909,Q2_5,2,900,GS,True,5,1,0.75,0.895,0.336
bdl_3909,Q2_2.5,2,1050,GS,True,12,1,0.9,0.997,1.0
bdl_3909,Q2_END,2,1200,GS,True,21,1,1,1.0,1.0
bdl_3909,Q3_7.5,3,1350,GS,True,27,1,1,1.0,1.0
bdl_3909,Q3_5,3,1500,GS,True,22,1,1,1.0,0.728
bdl_3909,Q3_2.5,3,1650,GS,True,23,1,0.9,1.0,0.707
bdl_3909,Q3_END,3,1800,GS,True,22,1,0.9,1.0,1.0
bdl_3909,Q4_7.5,4,1950,GS,True,24,1,0.9,1.0,1.0
bdl_3909,Q4_5,4,2100,GS,True,24,1,0.9,1.0,1.0
bdl_3909,Q4_2.5,4,2250,GS,True,25,1,1,1.0,1.0
bdl_3910,Q2_7.5,2,750,IND,False,8,1,0.78,0.987,0.987
bdl_3910,Q2_5,2,900,IND,False,9,1,0.78,0.984,0.984
bdl_3910,Q2_2.5,2,1050,IND,False,11,1,0.85,0.989,0.958
bdl_3910,Q2_END,2,1200,IND,False,12,1,0.95,0.995,1.0
bdl_3910,Q3_7.5,3,1350,IND,False,15,1,0.95,0.999,1.0
bdl_3910,Q3_5,3,1500,IND,False,19,1,0.95,1.0,1.0
bdl_3910,Q3_2.5,3,1650,IND,False,24,1,0.95,1.0,1.0
bdl_3910,Q3_END,3,1800,IND,False,29,1,0.95,1.0,1.0
bdl_3910,Q4_7.5,4,1950,IND,False,30,1,0.95,1.0,1.0
bdl_3910,Q4_5,4,2100,IND,False,26,1,0.95,1.0,1.0
bdl_3910,Q4_2.5,4,2250,IND,False,24,1,0.95,1.0,1.0
bdl_3911,Q2_7.5,2,750,PHX,True,0,0,0.63,0.472,0.472
bdl_3911,Q2_5,2,900,PHX,True,0,0,0.75,0.548,0.535
bdl_3911,Q2_2.5,2,1050,PHX,True,-7,0,0.58,0.124,0.0
bdl_3911,Q2_END,2,1200,PHX,True,-3,0,0.58,0.198,0.186
bdl_3911,Q3_7.5,3,1350,PHX,True,-2,0,0.58,0.348,0.973
bdl_3911,Q3_5,3,1500,SEA,False,3,1,0.57,0.729,0.729
bdl_3911,Q3_2.5,3,1650,SEA,False,8,1,0.85,0.92,1.0
bdl_3911,Q3_END,3,1800,SEA,False,4,1,0.8,0.76,0.0025
bdl_3911,Q4_7.5,4,1950,SEA,False,3,1,0.8,0.709,0.47
bdl_3911,Q4_5,4,2100,SEA,False,5,1,0.8,0.85,0.998
bdl_3911,Q4_2.5,4,2250,SEA,False,12,1,0.95,1.0,1.0
bdl_3912,Q2_7.5,2,750,WSH,True,12,1,0.83,1.0,1.0
bdl_3912,Q2_5,2,900,WSH,True,11,1,0.83,0.996,0.041
bdl_3912,Q2_2.5,2,1050,WSH,True,14,1,0.83,1.0,1.0
bdl_3912,Q2_END,2,1200,WSH,True,14,1,0.83,0.996,0.433
bdl_3912,Q3_7.5,3,1350,WSH,True,17,1,0.83,1.0,0.999
bdl_3912,Q3_5,3,1500,WSH,True,22,1,0.83,1.0,1.0
bdl_3912,Q3_2.5,3,1650,WSH,True,24,1,0.85,1.0,1.0
bdl_3912,Q3_END,3,1800,WSH,True,25,1,0.75,1.0,1.0
bdl_3912,Q4_7.5,4,1950,WSH,True,21,1,0.75,1.0,0.976
bdl_3912,Q4_5,4,2100,WSH,True,27,1,0.93,1.0,1.0
bdl_3912,Q4_2.5,4,2250,WSH,True,34,1,0.85,1.0,1.0
bdl_3913,Q2_7.5,2,750,MIN,False,11,1,0.75,0.998,0.998
bdl_3913,Q2_5,2,900,MIN,False,13,1,0.8,0.999,0.9925
bdl_3913,Q2_2.5,2,1050,MIN,False,11,1,0.8,0.9815,0.137
bdl_3913,Q2_END,2,1200,MIN,False,7,1,0.8,0.896,0.002
bdl_3913,Q3_7.5,3,1350,MIN,False,10,1,0.8,0.941,1.0
bdl_3913,Q3_5,3,1500,MIN,False,11,1,0.8,0.974,1.0
bdl_3913,Q3_2.5,3,1650,MIN,False,7,1,0.7,0.875,0.0
bdl_3913,Q3_END,3,1800,MIN,False,1,1,0.7,0.571,0.0
bdl_3913,Q4_7.5,4,1950,MIN,False,6,1,0.7,0.874,1.0
bdl_3913,Q4_5,4,2100,MIN,False,7,1,0.8,0.945,1.0
bdl_3913,Q4_2.5,4,2250,MIN,False,12,1,0.8,1.0,1.0
bdl_3914,Q2_7.5,2,750,GS,False,6,0,0.65,0.949,0.949
bdl_3914,Q2_5,2,900,GS,False,4,0,0.6,0.816,0.0735
bdl_3914,Q2_2.5,2,1050,GS,False,5,0,0.6,0.786,0.297
bdl_3914,Q2_END,2,1200,LA,True,4,1,0.7,0.767,0.767
bdl_3914,Q3_7.5,3,1350,LA,True,6,1,0.7,0.856,0.832
bdl_3914,Q3_5,3,1500,LA,True,-1,1,0.83,0.513,0.039
bdl_3914,Q3_2.5,3,1650,LA,True,-2,1,0.63,0.348,0.004
bdl_3914,Q3_END,3,1800,LA,True,0,1,0.77,0.467,0.881
bdl_3914,Q4_7.5,4,1950,LA,True,-4,1,0.77,0.236,0.0
bdl_3914,Q4_5,4,2100,LA,True,3,1,0.77,0.726,0.982
bdl_3914,Q4_2.5,4,2250,LA,True,1,1,0.77,0.631,0.311
bdl_3915,Q2_7.5,2,750,IND,False,-2,0,0.65,0.466,0.466
bdl_3915,Q2_5,2,900,IND,False,0,0,0.65,0.5,0.563
bdl_3915,Q2_2.5,2,1050,IND,False,0,0,0.68,0.518,0.51
bdl_3915,Q2_END,2,1200,IND,False,0,0,0.68,0.529,0.5185
bdl_3915,Q3_7.5,3,1350,IND,False,-1,0,0.57,0.443,0.158
bdl_3915,Q3_5,3,1500,IND,False,-4,0,0.57,0.237,0.003
bdl_3915,Q3_2.5,3,1650,ATL,True,9,1,0.83,0.972,0.972
bdl_3915,Q3_END,3,1800,ATL,True,14,1,0.9,0.998,1.0
bdl_3915,Q4_7.5,4,1950,ATL,True,14,1,0.9,0.998,0.997
bdl_3915,Q4_5,4,2100,ATL,True,19,1,1,1.0,1.0
bdl_3915,Q4_2.5,4,2250,ATL,True,18,1,0.9,1.0,1.0
bdl_3916,Q2_7.5,2,750,NY,True,15,1,0.9,1.0,1.0
bdl_3916,Q2_5,2,900,NY,True,15,1,0.9,1.0,0.977
bdl_3916,Q2_2.5,2,1050,NY,True,17,1,0.9,1.0,1.0
bdl_3916,Q2_END,2,1200,NY,True,20,1,0.9,1.0,1.0
bdl_3916,Q3_7.5,3,1350,NY,True,16,1,0.9,0.999,0.0625
bdl_3916,Q3_5,3,1500,NY,True,17,1,0.9,0.999,0.998
bdl_3916,Q3_2.5,3,1650,NY,True,20,1,0.9,1.0,1.0
bdl_3916,Q3_END,3,1800,NY,True,28,1,0.9,1.0,1.0
bdl_3916,Q4_7.5,4,1950,NY,True,31,1,0.9,1.0,1.0
bdl_3916,Q4_5,4,2100,NY,True,28,1,0.9,1.0,1.0
bdl_3916,Q4_2.5,4,2250,NY,True,24,1,0.9,1.0,1.0
bdl_3917,Q2_7.5,2,750,LA,False,18,1,0.83,1.0,1.0
bdl_3917,Q2_5,2,900,LA,False,9,1,0.7,0.969,0.0
bdl_3917,Q2_2.5,2,1050,LA,False,11,1,0.78,0.981,0.9895
bdl_3917,Q2_END,2,1200,LA,False,9,1,0.83,0.96,0.217
bdl_3917,Q3_7.5,3,1350,LA,False,8,1,0.75,0.928,0.57
bdl_3917,Q3_5,3,1500,LA,False,8,1,0.7,0.945,0.9005
bdl_3917,Q3_2.5,3,1650,LA,False,5,1,0.75,0.815,0.12
bdl_3917,Q3_END,3,1800,LA,False,7,1,0.75,0.917,1.0
bdl_3917,Q4_7.5,4,1950,LA,False,8,1,0.75,0.926,0.511
bdl_3917,Q4_5,4,2100,LA,False,12,1,0.75,0.995,1.0
bdl_3917,Q4_2.5,4,2250,LA,False,11,1,0.75,0.999,1.0
bdl_3918,Q2_7.5,2,750,PHX,True,3,1,0.58,0.778,0.778
bdl_3918,Q2_5,2,900,DAL,False,0,0,0.55,0.505,0.505
bdl_3918,Q2_2.5,2,1050,PHX,True,2,1,0.7,0.686,0.686
bdl_3918,Q2_END,2,1200,PHX,True,6,1,0.9,0.893,1.0
bdl_3918,Q3_7.5,3,1350,PHX,True,11,1,0.9,0.978,1.0
bdl_3918,Q3_5,3,1500,PHX,True,9,1,0.9,0.94,0.408
bdl_3918,Q3_2.5,3,1650,PHX,True,9,1,0.8,0.95,0.875
bdl_3918,Q3_END,3,1800,PHX,True,10,1,0.8,0.969,0.975
bdl_3918,Q4_7.5,4,1950,PHX,True,11,1,0.8,0.99,0.999
bdl_3918,Q4_5,4,2100,PHX,True,14,1,0.8,0.998,1.0
bdl_3918,Q4_2.5,4,2250,PHX,True,13,1,0.8,1.0,0.999
bdl_3919,Q2_7.5,2,750,SEA,True,-1,1,0.75,0.411,0.411
bdl_3919,Q2_5,2,900,SEA,True,0,1,0.6,0.465,0.806
bdl_3919,Q2_2.5,2,1050,SEA,True,2,1,0.57,0.552,0.621
bdl_3919,Q2_END,2,1200,SEA,True,-1,1,0.57,0.478,0.216
bdl_3919,Q3_7.5,3,1350,MIN,False,7,0,0.7,0.89,0.89
bdl_3919,Q3_5,3,1500,MIN,False,9,0,0.75,0.951,0.995
bdl_3919,Q3_2.5,3,1650,SEA,True,0,1,0.63,0.479,0.479
bdl_3919,Q3_END,3,1800,SEA,True,3,1,0.68,0.731,0.987
bdl_3919,Q4_7.5,4,1950,SEA,True,5,1,0.68,0.844,1.0
bdl_3919,Q4_5,4,2100,SEA,True,2,1,0.68,0.665,0.036
bdl_3919,Q4_2.5,4,2250,SEA,True,4,1,0.68,0.854,0.99
bdl_3920,Q2_7.5,2,750,ATL,True,4,1,0.53,0.923,0.923
bdl_3920,Q2_5,2,900,CHI,False,5,0,0.75,0.88,0.88
bdl_3920,Q2_2.5,2,1050,CHI,False,5,0,0.65,0.889,0.65
bdl_3920,Q2_END,2,1200,CHI,False,1,0,0.65,0.648,0.069
bdl_3920,Q3_7.5,3,1350,CHI,False,1,0,0.65,0.599,0.099
bdl_3920,Q3_5,3,1500,CHI,False,1,0,0.75,0.581,0.598
bdl_3920,Q3_2.5,3,1650,CHI,False,-3,0,0.65,0.281,0.0
bdl_3920,Q3_END,3,1800,CHI,False,-4,0,0.6,0.186,0.107
bdl_3920,Q4_7.5,4,1950,ATL,True,15,1,0.68,0.998,0.998
bdl_3920,Q4_5,4,2100,ATL,True,19,1,0.73,1.0,1.0
bdl_3920,Q4_2.5,4,2250,ATL,True,19,1,0.85,1.0,1.0
bdl_3921,Q2_7.5,2,750,LV,True,4,0,0.68,0.853,0.853
bdl_3921,Q2_5,2,900,LV,True,6,0,0.68,0.889,0.987
bdl_3921,Q2_2.5,2,1050,LV,True,7,0,0.85,0.928,0.95
bdl_3921,Q2_END,2,1200,LV,True,9,0,0.95,0.929,0.994
bdl_3921,Q3_7.5,3,1350,LV,True,0,0,0.7,0.477,0.0
bdl_3921,Q3_5,3,1500,DAL,False,7,1,0.68,0.909,0.909
bdl_3921,Q3_2.5,3,1650,DAL,False,11,1,0.68,0.97,1.0
bdl_3921,Q3_END,3,1800,DAL,False,6,1,0.68,0.858,0.037
bdl_3921,Q4_7.5,4,1950,DAL,False,5,1,0.73,0.862,0.599
bdl_3921,Q4_5,4,2100,DAL,False,7,1,0.73,0.941,0.999
bdl_3921,Q4_2.5,4,2250,DAL,False,7,1,0.73,0.978,1.0
bdl_3922,Q2_7.5,2,750,MIN,True,17,1,0.78,1.0,1.0
bdl_3922,Q2_5,2,900,MIN,True,23,1,0.85,1.0,1.0
bdl_3922,Q2_2.5,2,1050,MIN,True,26,1,0.85,1.0,1.0
bdl_3922,Q2_END,2,1200,MIN,True,32,1,0.85,1.0,1.0
bdl_3922,Q3_7.5,3,1350,MIN,True,32,1,0.7,1.0,1.0
bdl_3922,Q3_5,3,1500,MIN,True,33,1,0.7,1.0,1.0
bdl_3922,Q3_2.5,3,1650,MIN,True,27,1,0.7,1.0,0.434
bdl_3922,Q3_END,3,1800,MIN,True,27,1,0.7,1.0,1.0
bdl_3922,Q4_7.5,4,1950,MIN,True,25,1,0.7,1.0,0.979
bdl_3922,Q4_5,4,2100,MIN,True,21,1,0.7,1.0,0.999
bdl_3922,Q4_2.5,4,2250,MIN,True,17,1,0.7,1.0,1.0
bdl_3923,Q2_7.5,2,750,NY,False,-1,0,0.52,0.398,0.398
bdl_3923,Q2_5,2,900,IND,True,7,1,0.63,0.857,0.857
bdl_3923,Q2_2.5,2,1050,IND,True,3,1,0.68,0.691,0.263
bdl_3923,Q2_END,2,1200,IND,True,3,1,0.75,0.68,0.6325
bdl_3923,Q3_7.5,3,1350,NY,False,6,0,0.73,0.878,0.878
bdl_3923,Q3_5,3,1500,IND,True,6,1,0.58,0.826,0.826
bdl_3923,Q3_2.5,3,1650,IND,True,16,1,0.65,0.993,1.0
bdl_3923,Q3_END,3,1800,IND,True,9,1,0.78,0.944,0.168
bdl_3923,Q4_7.5,4,1950,IND,True,7,1,0.78,0.865,0.589
bdl_3923,Q4_5,4,2100,IND,True,8,1,0.7,0.952,0.981
bdl_3923,Q4_2.5,4,2250,IND,True,12,1,0.75,1.0,1.0
bdl_3924,Q2_7.5,2,750,GS,True,9,1,0.83,0.996,0.996
bdl_3924,Q2_5,2,900,GS,True,12,1,0.83,0.997,1.0
bdl_3924,Q2_2.5,2,1050,GS,True,7,1,0.83,0.947,0.0
bdl_3924,Q2_END,2,1200,GS,True,13,1,0.83,0.999,1.0
bdl_3924,Q3_7.5,3,1350,GS,True,15,1,0.83,0.999,1.0
bdl_3924,Q3_5,3,1500,GS,True,20,1,0.9,0.999,1.0
bdl_3924,Q3_2.5,3,1650,GS,True,18,1,0.73,1.0,0.486
bdl_3924,Q3_END,3,1800,GS,True,14,1,0.73,0.999,0.399
bdl_3924,Q4_7.5,4,1950,GS,True,9,1,0.65,0.978,0.658
bdl_3924,Q4_5,4,2100,GS,True,5,1,0.65,0.876,0.008
bdl_3924,Q4_2.5,4,2250,GS,True,7,1,0.75,0.987,0.999
bdl_3925,Q2_7.5,2,750,CON,True,-3,0,0.75,0.312,0.312
bdl_3925,Q2_5,2,900,CHI,False,4,1,0.57,0.839,0.839
bdl_3925,Q2_2.5,2,1050,CHI,False,2,1,0.57,0.654,0.0515
bdl_3925,Q2_END,2,1200,CHI,False,2,1,0.53,0.68,0.523
bdl_3925,Q3_7.5,3,1350,CHI,False,-1,1,0.53,0.459,0.001
bdl_3925,Q3_5,3,1500,CON,True,2,0,0.63,0.586,0.586
bdl_3925,Q3_2.5,3,1650,CON,True,-3,0,0.68,0.313,0.0
bdl_3925,Q3_END,3,1800,CON,True,-5,0,0.73,0.199,0.058
bdl_3925,Q4_7.5,4,1950,CON,True,-9,0,0.53,0.025,0.0
bdl_3925,Q4_5,4,2100,CHI,False,12,1,0.63,0.998,0.998
bdl_3925,Q4_2.5,4,2250,CHI,False,14,1,0.75,1.0,1.0
bdl_3926,Q2_7.5,2,750,ATL,False,3,1,0.73,0.899,0.899
bdl_3926,Q2_5,2,900,ATL,False,6,1,0.65,0.948,0.999
bdl_3926,Q2_2.5,2,1050,ATL,False,13,1,0.78,0.999,0.891
bdl_3926,Q2_END,2,1200,ATL,False,11,1,0.85,0.986,0.271
bdl_3926,Q3_7.5,3,1350,ATL,False,17,1,0.9,0.999,1.0
bdl_3926,Q3_5,3,1500,ATL,False,27,1,0.9,1.0,1.0
bdl_3926,Q3_2.5,3,1650,ATL,False,26,1,0.9,1.0,0.9355
bdl_3926,Q3_END,3,1800,ATL,False,24,1,0.9,1.0,1.0
bdl_3926,Q4_7.5,4,1950,ATL,False,29,1,0.9,1.0,1.0
bdl_3926,Q4_5,4,2100,ATL,False,32,1,0.9,1.0,1.0
bdl_3926,Q4_2.5,4,2250,ATL,False,32,1,0.9,1.0,1.0
bdl_3927,Q2_7.5,2,750,PHX,False,6,1,0.68,0.937,0.937
bdl_3927,Q2_5,2,900,PHX,False,6,1,0.68,0.952,0.7605
bdl_3927,Q2_2.5,2,1050,PHX,False,4,1,0.55,0.817,0.109
bdl_3927,Q2_END,2,1200,PHX,False,4,1,0.53,0.832,0.618
bdl_3927,Q3_7.5,3,1350,PHX,False,4,1,0.63,0.768,0.642
bdl_3927,Q3_5,3,1500,PHX,False,5,1,0.53,0.782,0.892
bdl_3927,Q3_2.5,3,1650,PHX,False,8,1,0.68,0.93,0.994
bdl_3927,Q3_END,3,1800,PHX,False,6,1,0.68,0.863,0.292
bdl_3927,Q4_7.5,4,1950,PHX,False,3,1,0.68,0.728,0.144
bdl_3927,Q4_5,4,2100,PHX,False,6,1,0.68,0.922,0.99
bdl_3927,Q4_2.5,4,2250,PHX,False,4,1,0.68,0.906,1.0
bdl_3928,Q2_7.5,2,750,IND,True,3,1,0.75,0.781,0.781
bdl_3928,Q2_5,2,900,IND,True,5,1,0.75,0.875,0.973
bdl_3928,Q2_2.5,2,1050,IND,True,8,1,0.75,0.957,1.0
bdl_3928,Q2_END,2,1200,IND,True,8,1,0.75,0.967,0.874
bdl_3928,Q3_7.5,3,1350,IND,True,12,1,0.75,0.986,0.997
bdl_3928,Q3_5,3,1500,IND,True,10,1,0.75,0.981,0.999
bdl_3928,Q3_2.5,3,1650,IND,True,12,1,0.75,0.979,0.999
bdl_3928,Q3_END,3,1800,IND,True,16,1,0.85,1.0,1.0
bdl_3928,Q4_7.5,4,1950,IND,True,12,1,0.85,0.993,0.1815
bdl_3928,Q4_5,4,2100,IND,True,15,1,0.85,1.0,1.0
bdl_3928,Q4_2.5,4,2250,IND,True,21,1,0.75,1.0,1.0
bdl_3929,Q2_7.5,2,750,NY,True,4,0,0.53,0.852,0.852
bdl_3929,Q2_5,2,900,ATL,False,1,1,0.63,0.7105,0.7105
bdl_3929,Q2_2.5,2,1050,ATL,False,5,1,0.78,0.86,0.973
bdl_3929,Q2_END,2,1200,ATL,False,3,1,0.53,0.711,0.093
bdl_3929,Q3_7.5,3,1350,ATL,False,8,1,0.83,0.921,0.999
bdl_3929,Q3_5,3,1500,ATL,False,15,1,0.95,0.995,1.0
bdl_3929,Q3_2.5,3,1650,ATL,False,13,1,0.85,0.991,0.978
bdl_3929,Q3_END,3,1800,ATL,False,8,1,0.85,0.937,0.0025
bdl_3929,Q4_7.5,4,1950,ATL,False,8,1,0.85,0.937,0.969
bdl_3929,Q4_5,4,2100,ATL,False,3,1,0.85,0.725,0.0685
bdl_3929,Q4_2.5,4,2250,ATL,False,0,1,0.85,0.525,0.291
bdl_3930,Q2_7.5,2,750,CHI,True,12,0,0.68,1.0,1.0
bdl_3930,Q2_5,2,900,CHI,True,15,0,0.73,1.0,1.0
bdl_3930,Q2_2.5,2,1050,CHI,True,12,0,0.73,0.998,0.069
bdl_3930,Q2_END,2,1200,CHI,True,12,0,0.68,0.989,0.905
bdl_3930,Q3_7.5,3,1350,CHI,True,6,0,0.68,0.906,0.0015
bdl_3930,Q3_5,3,1500,CHI,True,1,0,0.53,0.567,0.0
bdl_3930,Q3_2.5,3,1650,WSH,False,6,1,0.55,0.869,0.869
bdl_3930,Q3_END,3,1800,CHI,True,0,0,0.6,0.504,0.504
bdl_3930,Q4_7.5,4,1950,WSH,False,2,1,0.55,0.683,0.683
bdl_3930,Q4_5,4,2100,WSH,False,5,1,0.55,0.913,0.988
bdl_3930,Q4_2.5,4,2250,WSH,False,3,1,0.55,0.838,0.346
bdl_3931,Q2_7.5,2,750,DAL,True,8,1,0.8,0.99,0.99
bdl_3931,Q2_5,2,900,DAL,True,9,1,0.8,0.99,0.969
bdl_3931,Q2_2.5,2,1050,GS,False,1,0,0.57,0.511,0.511
bdl_3931,Q2_END,2,1200,GS,False,-3,0,0.57,0.283,0.043
bdl_3931,Q3_7.5,3,1350,GS,False,2,0,0.57,0.666,1.0
bdl_3931,Q3_5,3,1500,GS,False,2,0,0.65,0.649,0.573
bdl_3931,Q3_2.5,3,1650,GS,False,-1,0,0.65,0.49,0.2275
bdl_3931,Q3_END,3,1800,DAL,True,1,1,0.5,0.544,0.544
bdl_3931,Q4_7.5,4,1950,GS,False,-1,0,0.65,0.444,0.444
bdl_3931,Q4_5,4,2100,DAL,True,3,1,0.5,0.774,0.774
bdl_3931,Q4_2.5,4,2250,DAL,True,5,1,0.57,0.914,0.958
bdl_3932,Q2_7.5,2,750,LV,False,5,0,0.75,0.839,0.839
bdl_3932,Q2_5,2,900,LV,False,11,0,0.75,0.997,1.0
bdl_3932,Q2_2.5,2,1050,LV,False,10,0,0.93,0.997,0.967
bdl_3932,Q2_END,2,1200,LV,False,9,0,0.93,0.986,0.0795
bdl_3932,Q3_7.5,3,1350,LV,False,5,0,0.93,0.849,0.0
bdl_3932,Q3_5,3,1500,LV,False,0,0,0.93,0.558,0.098
bdl_3932,Q3_2.5,3,1650,LV,False,-2,0,0.93,0.387,0.001
bdl_3932,Q3_END,3,1800,LV,False,-4,0,0.78,0.209,0.033
bdl_3932,Q4_7.5,4,1950,MIN,True,9,1,0.6,0.962,0.962
bdl_3932,Q4_5,4,2100,MIN,True,16,1,0.73,1.0,1.0
bdl_3932,Q4_2.5,4,2250,MIN,True,12,1,0.73,1.0,0.999
bdl_3933,Q2_7.5,2,750,SEA,False,2,1,0.6,0.666,0.666
bdl_3933,Q2_5,2,900,SEA,False,7,1,0.68,0.966,1.0
bdl_3933,Q2_2.5,2,1050,SEA,False,7,1,0.57,0.916,0.106
bdl_3933,Q2_END,2,1200,SEA,False,10,1,0.8,0.974,0.9995
bdl_3933,Q3_7.5,3,1350,SEA,False,11,1,0.7,0.985,0.995
bdl_3933,Q3_5,3,1500,SEA,False,21,1,0.8,1.0,1.0
bdl_3933,Q3_2.5,3,1650,SEA,False,26,1,0.8,1.0,1.0
bdl_3933,Q3_END,3,1800,SEA,False,24,1,0.8,1.0,0.983
bdl_3933,Q4_7.5,4,1950,SEA,False,29,1,0.8,1.0,1.0
bdl_3933,Q4_5,4,2100,SEA,False,32,1,0.8,1.0,1.0
bdl_3933,Q4_2.5,4,2250,SEA,False,33,1,0.8,1.0,1.0
bdl_3934,Q2_7.5,2,750,PHX,False,15,1,1,1.0,1.0
bdl_3934,Q2_5,2,900,PHX,False,14,1,0.9,1.0,0.651
bdl_3934,Q2_2.5,2,1050,PHX,False,10,1,0.83,0.988,0.004
bdl_3934,Q2_END,2,1200,PHX,False,12,1,0.78,0.983,0.8525
bdl_3934,Q3_7.5,3,1350,PHX,False,15,1,1,0.999,1.0
bdl_3934,Q3_5,3,1500,PHX,False,14,1,0.93,0.996,0.928
bdl_3934,Q3_2.5,3,1650,PHX,False,11,1,0.78,0.984,0.327
bdl_3934,Q3_END,3,1800,PHX,False,11,1,0.68,0.991,0.943
bdl_3934,Q4_7.5,4,1950,PHX,False,12,1,0.78,0.992,0.933
bdl_3934,Q4_5,4,2100,PHX,False,9,1,0.53,0.987,0.9235
bdl_3934,Q4_2.5,4,2250,PHX,False,7,1,0.53,0.989,0.9355
bdl_3935,Q2_7.5,2,750,NY,True,-1,0,0.68,0.39,0.39
bdl_3935,Q2_5,2,900,NY,True,-2,0,0.53,0.353,0.161
bdl_3935,Q2_2.5,2,1050,NY,True,6,0,0.73,0.875,1.0
bdl_3935,Q2_END,2,1200,NY,True,-3,0,0.53,0.32,0.0
bdl_3935,Q3_7.5,3,1350,PHX,False,2,1,0.63,0.663,0.663
bdl_3935,Q3_5,3,1500,NY,True,4,0,0.68,0.759,0.759
bdl_3935,Q3_2.5,3,1650,NY,True,2,0,0.68,0.653,0.139
bdl_3935,Q3_END,3,1800,NY,True,1,0,0.68,0.569,0.276
bdl_3935,Q4_7.5,4,1950,NY,True,0,0,0.63,0.46,0.215
bdl_3935,Q4_5,4,2100,NY,True,-4,0,0.63,0.212,0.0
bdl_3935,Q4_2.5,4,2250,PHX,False,8,1,0.53,0.991,0.991
bdl_3936,Q2_7.5,2,750,IND,False,7,0,1,0.966,0.966
bdl_3936,Q2_5,2,900,IND,False,4,0,1,0.794,0.0135
bdl_3936,Q2_2.5,2,1050,IND,False,5,0,0.95,0.809,0.36
bdl_3936,Q2_END,2,1200,IND,False,6,0,0.78,0.838,0.869
bdl_3936,Q3_7.5,3,1350,IND,False,11,0,1,0.98,1.0
bdl_3936,Q3_5,3,1500,IND,False,11,0,0.93,0.973,1.0
bdl_3936,Q3_2.5,3,1650,IND,False,10,0,0.93,0.963,0.724
bdl_3936,Q3_END,3,1800,IND,False,4,0,0.83,0.799,0.003
bdl_3936,Q4_7.5,4,1950,IND,False,-3,0,0.65,0.26,0.0
bdl_3936,Q4_5,4,2100,GS,True,7,1,0.5,0.949,0.949
bdl_3936,Q4_2.5,4,2250,GS,True,11,1,0.63,1.0,1.0
bdl_3937,Q2_7.5,2,750,WSH,False,1,0,0.75,0.636,0.636
bdl_3937,Q2_5,2,900,ATL,True,4,1,0.68,0.829,0.829
bdl_3937,Q2_2.5,2,1050,ATL,True,9,1,0.58,0.974,1.0
bdl_3937,Q2_END,2,1200,ATL,True,9,1,0.7,0.979,0.893
bdl_3937,Q3_7.5,3,1350,ATL,True,8,1,0.78,0.926,0.544
bdl_3937,Q3_5,3,1500,ATL,True,14,1,0.78,1.0,1.0
bdl_3937,Q3_2.5,3,1650,ATL,True,13,1,0.88,0.988,0.369
bdl_3937,Q3_END,3,1800,ATL,True,12,1,0.65,0.992,0.888
bdl_3937,Q4_7.5,4,1950,ATL,True,11,1,0.65,0.989,0.998
bdl_3937,Q4_5,4,2100,ATL,True,11,1,0.75,0.995,0.991
bdl_3937,Q4_2.5,4,2250,ATL,True,5,1,0.6,0.945,0.711
bdl_3938,Q2_7.5,2,750,DAL,False,3,1,0.65,0.803,0.803
bdl_3938,Q2_5,2,900,DAL,False,3,1,0.65,0.77,0.623
bdl_3938,Q2_2.5,2,1050,DAL,False,2,1,0.65,0.707,0.267
bdl_3938,Q2_END,2,1200,DAL,False,2,1,0.65,0.662,0.621
bdl_3938,Q3_7.5,3,1350,DAL,False,-1,1,0.65,0.407,0.0095
bdl_3938,Q3_5,3,1500,DAL,False,6,1,0.65,0.854,1.0
bdl_3938,Q3_2.5,3,1650,DAL,False,2,1,0.65,0.711,0.117
bdl_3938,Q3_END,3,1800,DAL,False,1,1,0.65,0.612,0.022
bdl_3938,Q4_7.5,4,1950,DAL,False,3,1,0.65,0.748,0.972
bdl_3938,Q4_5,4,2100,DAL,False,6,1,0.65,0.896,1.0
bdl_3938,Q4_2.5,4,2250,DAL,False,6,1,0.65,0.974,0.927
bdl_3939,Q2_7.5,2,750,SEA,False,6,1,0.65,0.921,0.921
bdl_3939,Q2_5,2,900,SEA,False,4,1,0.73,0.832,0.083
bdl_3939,Q2_2.5,2,1050,SEA,False,3,1,0.65,0.643,0.0
bdl_3939,Q2_END,2,1200,LV,True,7,0,0.77,0.896,0.896
bdl_3939,Q3_7.5,3,1350,LV,True,9,0,0.77,0.951,0.819
bdl_3939,Q3_5,3,1500,LV,True,7,0,0.83,0.91,0.994
bdl_3939,Q3_2.5,3,1650,LV,True,5,0,0.83,0.817,0.007
bdl_3939,Q3_END,3,1800,LV,True,-1,0,0.6,0.494,0.001
bdl_3939,Q4_7.5,4,1950,LV,True,-3,0,0.53,0.269,0.009
bdl_3939,Q4_5,4,2100,LV,True,-4,0,0.63,0.183,0.597
bdl_3939,Q4_2.5,4,2250,SEA,False,7,1,0.53,0.969,0.969
bdl_3940,Q2_7.5,2,750,PHX,False,11,1,0.95,0.997,0.997
bdl_3940,Q2_5,2,900,PHX,False,8,1,0.8,0.921,0.001
bdl_3940,Q2_2.5,2,1050,PHX,False,10,1,0.95,0.981,1.0
bdl_3940,Q2_END,2,1200,PHX,False,15,1,0.95,0.994,0.993
bdl_3940,Q3_7.5,3,1350,PHX,False,22,1,1,1.0,1.0
bdl_3940,Q3_5,3,1500,PHX,False,22,1,0.95,1.0,1.0
bdl_3940,Q3_2.5,3,1650,PHX,False,31,1,1,1.0,1.0
bdl_3940,Q3_END,3,1800,PHX,False,34,1,1,1.0,1.0
bdl_3940,Q4_7.5,4,1950,PHX,False,34,1,1,1.0,1.0
bdl_3940,Q4_5,4,2100,PHX,False,31,1,1,1.0,1.0
bdl_3940,Q4_2.5,4,2250,PHX,False,24,1,1,1.0,1.0
bdl_3941,Q2_7.5,2,750,MIN,True,7,1,0.85,0.98,0.98
bdl_3941,Q2_5,2,900,MIN,True,1,1,0.75,0.605,0.0
bdl_3941,Q2_2.5,2,1050,MIN,True,1,1,0.73,0.438,0.002
bdl_3941,Q2_END,2,1200,MIN,True,-1,1,0.83,0.523,0.9865
bdl_3941,Q3_7.5,3,1350,MIN,True,-3,1,0.65,0.372,0.166
bdl_3941,Q3_5,3,1500,MIN,True,-2,1,0.73,0.383,0.007
bdl_3941,Q3_2.5,3,1650,MIN,True,-1,1,0.58,0.377,0.226
bdl_3941,Q3_END,3,1800,MIN,True,3,1,0.75,0.694,1.0
bdl_3941,Q4_7.5,4,1950,MIN,True,-1,1,0.65,0.462,0.125
bdl_3941,Q4_5,4,2100,MIN,True,7,1,0.83,0.944,1.0
bdl_3941,Q4_2.5,4,2250,MIN,True,14,1,0.95,1.0,1.0
bdl_3942,Q2_7.5,2,750,ATL,True,5,1,0.95,0.896,0.896
bdl_3942,Q2_5,2,900,ATL,True,4,1,0.88,0.829,0.333
bdl_3942,Q2_2.5,2,1050,ATL,True,4,1,0.88,0.788,0.661
bdl_3942,Q2_END,2,1200,ATL,True,1,1,0.88,0.618,0.011
bdl_3942,Q3_7.5,3,1350,ATL,True,2,1,0.78,0.626,0.914
bdl_3942,Q3_5,3,1500,ATL,True,1,1,0.78,0.574,0.328
bdl_3942,Q3_2.5,3,1650,ATL,True,1,1,0.63,0.637,0.559
bdl_3942,Q3_END,3,1800,ATL,True,0,1,0.73,0.452,0.252
bdl_3942,Q4_7.5,4,1950,ATL,True,2,1,0.83,0.615,0.863
bdl_3942,Q4_5,4,2100,ATL,True,6,1,0.9,0.92,0.9715
bdl_3942,Q4_2.5,4,2250,ATL,True,5,1,0.9,0.906,0.953
bdl_3943,Q2_7.5,2,750,WSH,True,11,0,0.78,0.999,0.999
bdl_3943,Q2_5,2,900,WSH,True,1,0,0.78,0.624,0.0
bdl_3943,Q2_2.5,2,1050,WSH,True,-5,0,0.55,0.133,0.0
bdl_3943,Q2_END,2,1200,WSH,True,-5,0,0.55,0.162,0.283
bdl_3943,Q3_7.5,3,1350,WSH,True,-7,0,0.55,0.092,0.002
bdl_3943,Q3_5,3,1500,WSH,True,-1,0,0.68,0.37,0.987
bdl_3943,Q3_2.5,3,1650,WSH,True,-3,0,0.68,0.273,0.217
bdl_3943,Q3_END,3,1800,WSH,True,-7,0,0.63,0.108,0.005
bdl_3943,Q4_7.5,4,1950,WSH,True,-3,0,0.83,0.285,0.27
bdl_3943,Q4_5,4,2100,WSH,True,-3,0,0.9,0.241,0.615
bdl_3943,Q4_2.5,4,2250,WSH,True,0,0,0.9,0.606,0.852
bdl_3944,Q2_7.5,2,750,IND,False,4,0,0.55,0.864,0.864
bdl_3944,Q2_5,2,900,IND,False,5,0,0.6,0.886,0.8275
bdl_3944,Q2_2.5,2,1050,IND,False,8,0,0.78,0.968,1.0
bdl_3944,Q2_END,2,1200,IND,False,6,0,0.68,0.874,0.0
bdl_3944,Q3_7.5,3,1350,IND,False,8,0,0.68,0.938,0.994
bdl_3944,Q3_5,3,1500,IND,False,8,0,0.68,0.92,0.781
bdl_3944,Q3_2.5,3,1650,IND,False,6,0,0.68,0.881,0.198
bdl_3944,Q3_END,3,1800,IND,False,3,0,0.68,0.711,0.069
bdl_3944,Q4_7.5,4,1950,IND,False,-2,0,0.6,0.355,0.002
bdl_3944,Q4_5,4,2100,LV,True,0,1,0.53,0.454,0.454
bdl_3944,Q4_2.5,4,2250,LV,True,8,1,0.53,0.989,1.0
bdl_3945,Q2_7.5,2,750,NY,False,0,0,0.6,0.509,0.509
bdl_3945,Q2_5,2,900,NY,False,2,0,0.8,0.55,0.6175
bdl_3945,Q2_2.5,2,1050,NY,False,-1,0,0.73,0.432,0.1485
bdl_3945,Q2_END,2,1200,NY,False,-1,0,0.63,0.424,0.482
bdl_3945,Q3_7.5,3,1350,NY,False,-4,0,0.63,0.234,0.0055
bdl_3945,Q3_5,3,1500,NY,False,-8,0,0.63,0.097,0.023
bdl_3945,Q3_2.5,3,1650,NY,False,-6,0,0.53,0.163,0.224
bdl_3945,Q3_END,3,1800,SEA,True,7,1,0.53,0.884,0.884
bdl_3945,Q4_7.5,4,1950,SEA,True,7,1,0.55,0.891,0.826
bdl_3945,Q4_5,4,2100,SEA,True,9,1,0.55,0.972,1.0
bdl_3945,Q4_2.5,4,2250,NY,False,-4,0,0.6,0.139,0.139
bdl_3946,Q2_7.5,2,750,GS,True,7,1,0.8,0.966,0.966
bdl_3946,Q2_5,2,900,GS,True,14,1,0.8,0.998,1.0
bdl_3946,Q2_2.5,2,1050,GS,True,20,1,0.95,1.0,1.0
bdl_3946,Q2_END,2,1200,GS,True,27,1,1,1.0,1.0
bdl_3946,Q3_7.5,3,1350,GS,True,22,1,1,1.0,0.082
bdl_3946,Q3_5,3,1500,GS,True,28,1,1,1.0,1.0
bdl_3946,Q3_2.5,3,1650,GS,True,30,1,1,1.0,1.0
bdl_3946,Q3_END,3,1800,GS,True,28,1,0.93,1.0,1.0
bdl_3946,Q4_7.5,4,1950,GS,True,27,1,0.93,1.0,1.0
bdl_3946,Q4_5,4,2100,GS,True,20,1,0.93,1.0,0.895
bdl_3946,Q4_2.5,4,2250,GS,True,19,1,0.93,1.0,1.0
bdl_3947,Q2_7.5,2,750,MIN,False,-5,1,0.6,0.067,0.067
bdl_3947,Q2_5,2,900,MIN,False,-5,1,0.6,0.109,0.3285
bdl_3947,Q2_2.5,2,1050,MIN,False,-1,1,0.75,0.424,1.0
bdl_3947,Q2_END,2,1200,MIN,False,-2,1,0.68,0.377,0.1485
bdl_3947,Q3_7.5,3,1350,MIN,False,-4,1,0.63,0.204,0.037
bdl_3947,Q3_5,3,1500,WSH,True,7,0,0.53,0.949,0.949
bdl_3947,Q3_2.5,3,1650,MIN,False,-4,1,0.52,0.198,0.198
bdl_3947,Q3_END,3,1800,MIN,False,-1,1,0.63,0.447,0.978
bdl_3947,Q4_7.5,4,1950,MIN,False,1,1,0.63,0.523,0.8445
bdl_3947,Q4_5,4,2100,MIN,False,-1,1,0.63,0.342,0.134
bdl_3947,Q4_2.5,4,2250,MIN,False,2,1,0.63,0.715,1.0
bdl_3948,Q2_7.5,2,750,LA,False,4,0,0.93,0.916,0.916
bdl_3948,Q2_5,2,900,LA,False,12,0,0.93,0.994,1.0
bdl_3948,Q2_2.5,2,1050,LA,False,11,0,0.93,0.993,1.0
bdl_3948,Q2_END,2,1200,LA,False,6,0,0.93,0.864,0.0
bdl_3948,Q3_7.5,3,1350,LA,False,2,0,0.88,0.659,0.006
bdl_3948,Q3_5,3,1500,LA,False,6,0,0.95,0.856,1.0
bdl_3948,Q3_2.5,3,1650,LA,False,3,0,0.85,0.704,0.074
bdl_3948,Q3_END,3,1800,LA,False,2,0,0.85,0.698,0.416
bdl_3948,Q4_7.5,4,1950,LA,False,0,0,0.7,0.496,0.124
bdl_3948,Q4_5,4,2100,LA,False,-5,0,0.63,0.169,0.001
bdl_3948,Q4_2.5,4,2250,LA,False,-6,0,0.7,0.018,0.006
bdl_3949,Q2_7.5,2,750,DAL,True,6,1,0.88,0.973,0.973
bdl_3949,Q2_5,2,900,DAL,True,10,1,1,0.999,1.0
bdl_3949,Q2_2.5,2,1050,DAL,True,7,1,0.95,0.96,0.014
bdl_3949,Q2_END,2,1200,DAL,True,2,1,0.73,0.721,0.0
bdl_3949,Q3_7.5,3,1350,DAL,True,8,1,0.73,0.969,1.0
bdl_3949,Q3_5,3,1500,DAL,True,6,1,0.73,0.904,0.251
bdl_3949,Q3_2.5,3,1650,DAL,True,6,1,0.65,0.904,0.765
bdl_3949,Q3_END,3,1800,DAL,True,10,1,0.65,0.987,1.0
bdl_3949,Q4_7.5,4,1950,DAL,True,8,1,0.65,0.97,0.597
bdl_3949,Q4_5,4,2100,DAL,True,10,1,0.73,0.995,0.999
bdl_3949,Q4_2.5,4,2250,DAL,True,8,1,0.73,0.998,1.0
bdl_3950,Q2_7.5,2,750,IND,False,1,1,0.88,0.718,0.718
bdl_3950,Q2_5,2,900,SEA,True,3,0,0.5,0.699,0.699
bdl_3950,Q2_2.5,2,1050,SEA,True,0,0,0.5,0.535,0.192
bdl_3950,Q2_END,2,1200,SEA,True,-6,0,0.5,0.08,0.0
bdl_3950,Q3_7.5,3,1350,IND,False,8,1,0.93,0.936,0.936
bdl_3950,Q3_5,3,1500,IND,False,8,1,0.83,0.952,0.859
bdl_3950,Q3_2.5,3,1650,IND,False,10,1,0.75,0.965,0.998
bdl_3950,Q3_END,3,1800,IND,False,17,1,0.9,0.999,1.0
bdl_3950,Q4_7.5,4,1950,IND,False,19,1,0.9,1.0,1.0
bdl_3950,Q4_5,4,2100,IND,False,14,1,0.9,1.0,0.859
bdl_3950,Q4_2.5,4,2250,IND,False,13,1,0.9,0.999,1.0
bdl_3951,Q2_7.5,2,750,GS,True,-2,0,0.68,0.515,0.515
bdl_3951,Q2_5,2,900,GS,True,-4,0,0.63,0.125,0.0
bdl_3951,Q2_2.5,2,1050,GS,True,-6,0,0.53,0.126,0.193
bdl_3951,Q2_END,2,1200,GS,True,-3,0,0.53,0.264,0.996
bdl_3951,Q3_7.5,3,1350,GS,True,1,0,0.68,0.601,0.999
bdl_3951,Q3_5,3,1500,GS,True,2,0,0.68,0.658,0.855
bdl_3951,Q3_2.5,3,1650,NY,False,1,1,0.57,0.637,0.637
bdl_3951,Q3_END,3,1800,NY,False,3,1,0.65,0.642,0.617
bdl_3951,Q4_7.5,4,1950,NY,False,4,1,0.75,0.771,0.97
bdl_3951,Q4_5,4,2100,NY,False,6,1,0.75,0.872,0.979
bdl_3951,Q4_2.5,4,2250,NY,False,2,1,0.5,0.669,0.347
bdl_3952,Q2_7.5,2,750,LV,True,10,1,0.85,0.999,0.999
bdl_3952,Q2_5,2,900,LV,True,13,1,0.9,0.999,1.0
bdl_3952,Q2_2.5,2,1050,LV,True,15,1,0.9,0.999,0.937
bdl_3952,Q2_END,2,1200,LV,True,11,1,0.9,0.997,0.262
bdl_3952,Q3_7.5,3,1350,LV,True,7,1,0.75,0.913,0.016
bdl_3952,Q3_5,3,1500,LV,True,14,1,0.9,0.997,1.0
bdl_3952,Q3_2.5,3,1650,LV,True,16,1,0.9,1.0,0.977
bdl_3952,Q3_END,3,1800,LV,True,22,1,1,1.0,1.0
bdl_3952,Q4_7.5,4,1950,LV,True,22,1,1,1.0,1.0
bdl_3952,Q4_5,4,2100,LV,True,20,1,1,1.0,0.9975
bdl_3952,Q4_2.5,4,2250,LV,True,24,1,1,1.0,1.0
bdl_3953,Q2_7.5,2,750,LA,False,-1,1,0.8,0.396,0.396
bdl_3953,Q2_5,2,900,LA,False,-4,1,0.8,0.148,0.0
bdl_3953,Q2_2.5,2,1050,LA,False,-7,1,0.68,0.053,0.0
bdl_3953,Q2_END,2,1200,LA,False,-4,1,0.68,0.201,0.972
bdl_3953,Q3_7.5,3,1350,LA,False,-2,1,0.57,0.276,0.4065
bdl_3953,Q3_5,3,1500,IND,True,4,0,0.53,0.698,0.698
bdl_3953,Q3_2.5,3,1650,LA,False,-3,1,0.53,0.317,0.317
bdl_3953,Q3_END,3,1800,IND,True,8,0,0.53,0.934,0.934
bdl_3953,Q4_7.5,4,1950,IND,True,4,0,0.53,0.814,0.062
bdl_3953,Q4_5,4,2100,IND,True,2,0,0.53,0.652,0.379
bdl_3953,Q4_2.5,4,2250,LA,False,4,1,0.57,0.865,0.865
bdl_3954,Q2_7.5,2,750,WSH,False,7,1,0.95,0.97,0.97
bdl_3954,Q2_5,2,900,WSH,False,4,1,0.8,0.766,0.0
bdl_3954,Q2_2.5,2,1050,WSH,False,8,1,0.8,0.904,0.961
bdl_3954,Q2_END,2,1200,WSH,False,9,1,0.95,0.963,1.0
bdl_3954,Q3_7.5,3,1350,WSH,False,16,1,0.95,1.0,1.0
bdl_3954,Q3_5,3,1500,WSH,False,16,1,0.95,0.999,0.635
bdl_3954,Q3_2.5,3,1650,WSH,False,19,1,0.95,1.0,1.0
bdl_3954,Q3_END,3,1800,WSH,False,18,1,0.93,0.999,0.986
bdl_3954,Q4_7.5,4,1950,WSH,False,11,1,0.73,0.985,0.0
bdl_3954,Q4_5,4,2100,WSH,False,9,1,0.78,0.969,0.982
bdl_3954,Q4_2.5,4,2250,WSH,False,9,1,0.78,0.997,1.0
bdl_3955,Q2_7.5,2,750,MIN,False,9,0,0.95,0.998,0.998
bdl_3955,Q2_5,2,900,MIN,False,15,0,0.95,1.0,1.0
bdl_3955,Q2_2.5,2,1050,MIN,False,11,0,0.9,0.984,0.0045
bdl_3955,Q2_END,2,1200,MIN,False,5,0,0.9,0.803,0.0
bdl_3955,Q3_7.5,3,1350,MIN,False,2,0,0.75,0.669,0.029
bdl_3955,Q3_5,3,1500,ATL,True,3,1,0.5,0.697,0.697
bdl_3955,Q3_2.5,3,1650,MIN,False,-2,0,0.73,0.393,0.393
bdl_3955,Q3_END,3,1800,MIN,False,1,0,0.73,0.589,0.988
bdl_3955,Q4_7.5,4,1950,MIN,False,-3,0,0.73,0.246,0.009
bdl_3955,Q4_5,4,2100,MIN,False,-4,0,0.73,0.2,0.026
bdl_3955,Q4_2.5,4,2250,MIN,False,-5,0,0.73,0.068,0.002
bdl_3956,Q2_7.5,2,750,IND,False,19,1,1,1.0,1.0
bdl_3956,Q2_5,2,900,IND,False,17,1,1,1.0,0.427
bdl_3956,Q2_2.5,2,1050,IND,False,15,1,1,1.0,0.366
bdl_3956,Q2_END,2,1200,IND,False,13,1,0.93,0.995,0.411
bdl_3956,Q3_7.5,3,1350,IND,False,11,1,0.93,0.985,0.326
bdl_3956,Q3_5,3,1500,IND,False,6,1,0.93,0.88,0.007
bdl_3956,Q3_2.5,3,1650,IND,False,9,1,0.93,0.963,0.999
bdl_3956,Q3_END,3,1800,IND,False,5,1,0.78,0.852,0.023
bdl_3956,Q4_7.5,4,1950,IND,False,7,1,0.93,0.896,0.919
bdl_3956,Q4_5,4,2100,IND,False,0,1,0.73,0.482,0.062
bdl_3956,Q4_2.5,4,2250,IND,False,8,1,0.9,0.992,1.0
bdl_3957,Q2_7.5,2,750,CHI,False,1,0,0.68,0.61,0.61
bdl_3957,Q2_5,2,900,CHI,False,-3,0,0.57,0.251,0.0
bdl_3957,Q2_2.5,2,1050,GS,True,9,1,0.63,0.968,0.968
bdl_3957,Q2_END,2,1200,CHI,False,-5,0,0.53,0.149,0.149
bdl_3957,Q3_7.5,3,1350,CHI,False,-1,0,0.73,0.442,0.9975
bdl_3957,Q3_5,3,1500,CHI,False,1,0,0.73,0.603,0.972
bdl_3957,Q3_2.5,3,1650,CHI,False,-4,0,0.68,0.288,0.002
bdl_3957,Q3_END,3,1800,CHI,False,-2,0,0.68,0.382,0.381
bdl_3957,Q4_7.5,4,1950,CHI,False,1,0,0.68,0.552,0.892
bdl_3957,Q4_5,4,2100,GS,True,9,1,0.55,0.969,0.969
bdl_3957,Q4_2.5,4,2250,CHI,False,-6,0,0.5,0.023,0.023
bdl_3958,Q2_7.5,2,750,PHX,True,14,1,0.85,1.0,1.0
bdl_3958,Q2_5,2,900,PHX,True,13,1,0.93,0.998,1.0
bdl_3958,Q2_2.5,2,1050,PHX,True,10,1,0.65,0.944,0.0
bdl_3958,Q2_END,2,1200,PHX,True,18,1,0.73,0.998,1.0
bdl_3958,Q3_7.5,3,1350,PHX,True,15,1,0.75,0.99,0.011
bdl_3958,Q3_5,3,1500,PHX,True,9,1,0.7,0.917,0.18
bdl_3958,Q3_2.5,3,1650,PHX,True,16,1,0.75,0.997,1.0
bdl_3958,Q3_END,3,1800,PHX,True,18,1,0.75,1.0,0.997
bdl_3958,Q4_7.5,4,1950,PHX,True,13,1,0.75,0.988,0.712
bdl_3958,Q4_5,4,2100,PHX,True,14,1,0.75,0.998,0.926
bdl_3958,Q4_2.5,4,2250,PHX,True,17,1,0.75,1.0,1.0
bdl_3959,Q2_7.5,2,750,SEA,True,7,1,0.8,0.978,0.978
bdl_3959,Q2_5,2,900,SEA,True,8,1,0.9,0.98,0.977
bdl_3959,Q2_2.5,2,1050,SEA,True,13,1,0.9,1.0,1.0
bdl_3959,Q2_END,2,1200,SEA,True,16,1,0.9,0.999,1.0
bdl_3959,Q3_7.5,3,1350,SEA,True,22,1,0.9,1.0,1.0
bdl_3959,Q3_5,3,1500,SEA,True,24,1,0.9,1.0,1.0
bdl_3959,Q3_2.5,3,1650,SEA,True,23,1,0.9,1.0,0.6805
bdl_3959,Q3_END,3,1800,SEA,True,27,1,0.9,1.0,1.0
bdl_3959,Q4_7.5,4,1950,SEA,True,30,1,0.9,1.0,1.0
bdl_3959,Q4_5,4,2100,SEA,True,28,1,0.9,1.0,1.0
bdl_3959,Q4_2.5,4,2250,SEA,True,21,1,0.9,1.0,1.0
bdl_3960,Q2_7.5,2,750,DAL,True,24,1,1,1.0,1.0
bdl_3960,Q2_5,2,900,DAL,True,20,1,1,1.0,0.006
bdl_3960,Q2_2.5,2,1050,DAL,True,18,1,1,1.0,0.51
bdl_3960,Q2_END,2,1200,DAL,True,14,1,0.93,0.997,0.009
bdl_3960,Q3_7.5,3,1350,DAL,True,4,1,0.73,0.714,0.0
bdl_3960,Q3_5,3,1500,DAL,True,7,1,0.83,0.928,1.0
bdl_3960,Q3_2.5,3,1650,DAL,True,8,1,0.73,0.923,0.658
bdl_3960,Q3_END,3,1800,DAL,True,8,1,0.83,0.95,0.975
bdl_3960,Q4_7.5,4,1950,DAL,True,15,1,0.83,0.999,1.0
bdl_3960,Q4_5,4,2100,DAL,True,15,1,0.83,0.999,1.0
bdl_3960,Q4_2.5,4,2250,DAL,True,7,1,0.83,0.992,0.678
bdl_3961,Q2_7.5,2,750,ATL,True,13,1,0.8,1.0,1.0
bdl_3961,Q2_5,2,900,ATL,True,20,1,0.9,1.0,1.0
bdl_3961,Q2_2.5,2,1050,ATL,True,15,1,0.9,1.0,0.0
bdl_3961,Q2_END,2,1200,ATL,True,13,1,0.9,0.995,0.384
bdl_3961,Q3_7.5,3,1350,ATL,True,14,1,0.9,0.995,0.981
bdl_3961,Q3_5,3,1500,ATL,True,14,1,0.9,0.996,0.985
bdl_3961,Q3_2.5,3,1650,ATL,True,13,1,0.9,0.991,0.282
bdl_3961,Q3_END,3,1800,ATL,True,10,1,0.9,0.987,0.759
bdl_3961,Q4_7.5,4,1950,ATL,True,15,1,0.9,1.0,1.0
bdl_3961,Q4_5,4,2100,ATL,True,18,1,0.9,1.0,1.0
bdl_3961,Q4_2.5,4,2250,ATL,True,12,1,0.9,1.0,0.994
bdl_3962,Q2_7.5,2,750,CHI,False,3,1,0.57,0.807,0.807
bdl_3962,Q2_5,2,900,CHI,False,4,1,0.75,0.84,0.8405
bdl_3962,Q2_2.5,2,1050,CHI,False,6,1,0.65,0.827,0.38
bdl_3962,Q2_END,2,1200,CHI,False,6,1,0.83,0.876,0.998
bdl_3962,Q3_7.5,3,1350,CHI,False,9,1,0.95,0.972,1.0
bdl_3962,Q3_5,3,1500,CHI,False,2,1,0.75,0.55,0.0
bdl_3962,Q3_2.5,3,1650,CHI,False,-5,1,0.55,0.2,0.0
bdl_3962,Q3_END,3,1800,LA,True,1,0,0.55,0.597,0.597
bdl_3962,Q4_7.5,4,1950,CHI,False,2,1,0.7,0.635,0.635
bdl_3962,Q4_5,4,2100,CHI,False,8,1,0.75,0.939,1.0
bdl_3962,Q4_2.5,4,2250,CHI,False,10,1,0.85,0.997,1.0
bdl_3963,Q2_7.5,2,750,PHX,True,6,0,0.95,0.94,0.94
bdl_3963,Q2_5,2,900,PHX,True,2,0,0.8,0.699,0.0
bdl_3963,Q2_2.5,2,1050,PHX,True,2,0,0.73,0.69,0.54
bdl_3963,Q2_END,2,1200,PHX,True,0,0,0.58,0.529,0.003
bdl_3963,Q3_7.5,3,1350,PHX,True,-1,0,0.58,0.514,0.683
bdl_3963,Q3_5,3,1500,LV,False,4,1,0.55,0.814,0.814
bdl_3963,Q3_2.5,3,1650,LV,False,9,1,0.55,0.954,0.999
bdl_3963,Q3_END,3,1800,LV,False,9,1,0.65,0.957,0.974
bdl_3963,Q4_7.5,4,1950,PHX,True,-4,0,0.53,0.198,0.198
bdl_3963,Q4_5,4,2100,PHX,True,0,0,0.68,0.496,0.948
bdl_3963,Q4_2.5,4,2250,PHX,True,-2,0,0.68,0.289,0.241
bdl_3964,Q2_7.5,2,750,MIN,True,18,1,0.93,1.0,1.0
bdl_3964,Q2_5,2,900,MIN,True,24,1,0.93,1.0,1.0
bdl_3964,Q2_2.5,2,1050,MIN,True,31,1,1,1.0,1.0
bdl_3964,Q2_END,2,1200,MIN,True,24,1,0.88,1.0,0.026
bdl_3964,Q3_7.5,3,1350,MIN,True,28,1,0.93,1.0,1.0
bdl_3964,Q3_5,3,1500,MIN,True,34,1,1,1.0,1.0
bdl_3964,Q3_2.5,3,1650,MIN,True,34,1,1,1.0,1.0
bdl_3964,Q3_END,3,1800,MIN,True,36,1,1,1.0,1.0
bdl_3964,Q4_7.5,4,1950,MIN,True,36,1,1,1.0,1.0
bdl_3964,Q4_5,4,2100,MIN,True,33,1,1,1.0,1.0
bdl_3964,Q4_2.5,4,2250,MIN,True,35,1,1,1.0,1.0
bdl_3965,Q2_7.5,2,750,GS,True,8,1,0.88,0.99,0.99
bdl_3965,Q2_5,2,900,GS,True,7,1,0.88,0.945,0.31
bdl_3965,Q2_2.5,2,1050,GS,True,6,1,0.88,0.885,0.421
bdl_3965,Q2_END,2,1200,GS,True,7,1,0.78,0.924,0.94
bdl_3965,Q3_7.5,3,1350,GS,True,12,1,0.78,0.989,1.0
bdl_3965,Q3_5,3,1500,GS,True,13,1,0.78,0.995,1.0
bdl_3965,Q3_2.5,3,1650,GS,True,16,1,0.88,0.999,1.0
bdl_3965,Q3_END,3,1800,GS,True,21,1,0.78,1.0,1.0
bdl_3965,Q4_7.5,4,1950,GS,True,25,1,0.88,1.0,1.0
bdl_3965,Q4_5,4,2100,GS,True,25,1,0.88,1.0,1.0
bdl_3965,Q4_2.5,4,2250,GS,True,30,1,0.93,1.0,1.0
bdl_3966,Q2_7.5,2,750,MIN,True,11,0,0.95,0.999,0.999
bdl_3966,Q2_5,2,900,MIN,True,6,0,0.95,0.925,0.0
bdl_3966,Q2_2.5,2,1050,MIN,True,2,0,0.9,0.666,0.0
bdl_3966,Q2_END,2,1200,MIN,True,-5,0,0.63,0.123,0.0
bdl_3966,Q3_7.5,3,1350,MIN,True,-9,0,0.63,0.075,0.0
bdl_3966,Q3_5,3,1500,MIN,True,-6,0,0.7,0.121,0.436
bdl_3966,Q3_2.5,3,1650,IND,False,11,1,0.7,0.982,0.982
bdl_3966,Q3_END,3,1800,IND,False,10,1,0.7,0.982,0.815
bdl_3966,Q4_7.5,4,1950,IND,False,13,1,0.78,0.998,0.998
bdl_3966,Q4_5,4,2100,IND,False,11,1,0.78,0.996,0.999
bdl_3966,Q4_2.5,4,2250,IND,False,12,1,0.7,1.0,1.0
bdl_3967,Q2_7.5,2,750,IND,True,10,1,0.68,0.997,0.997
bdl_3967,Q2_5,2,900,IND,True,13,1,0.68,1.0,1.0
bdl_3967,Q2_2.5,2,1050,IND,True,17,1,0.68,1.0,1.0
bdl_3967,Q2_END,2,1200,IND,True,22,1,0.88,1.0,1.0
bdl_3967,Q3_7.5,3,1350,IND,True,16,1,0.68,1.0,0.0
bdl_3967,Q3_5,3,1500,IND,True,17,1,0.83,1.0,0.993
bdl_3967,Q3_2.5,3,1650,IND,True,17,1,0.9,1.0,0.996
bdl_3967,Q3_END,3,1800,IND,True,21,1,0.8,1.0,1.0
bdl_3967,Q4_7.5,4,1950,IND,True,23,1,0.9,1.0,1.0
bdl_3967,Q4_5,4,2100,IND,True,22,1,0.9,1.0,1.0
bdl_3967,Q4_2.5,4,2250,IND,True,27,1,0.9,1.0,1.0
bdl_3968,Q2_7.5,2,750,LA,False,6,0,0.83,0.912,0.912
bdl_3968,Q2_5,2,900,LA,False,1,0,0.75,0.628,0.005
bdl_3968,Q2_2.5,2,1050,LA,False,0,0,0.75,0.632,1.0
bdl_3968,Q2_END,2,1200,LA,False,4,0,0.55,0.769,0.836
bdl_3968,Q3_7.5,3,1350,LA,False,11,0,0.85,0.974,1.0
bdl_3968,Q3_5,3,1500,LA,False,6,0,0.8,0.86,0.1
bdl_3968,Q3_2.5,3,1650,LA,False,-1,0,0.55,0.427,0.0
bdl_3968,Q3_END,3,1800,NY,True,10,1,0.73,0.973,0.973
bdl_3968,Q4_7.5,4,1950,LA,False,-11,0,0.5,0.034,0.034
bdl_3968,Q4_5,4,2100,LA,False,-6,0,0.5,0.093,0.974
bdl_3968,Q4_2.5,4,2250,LA,False,-8,0,0.65,0.017,0.014
bdl_3969,Q2_7.5,2,750,ATL,True,3,1,0.58,0.827,0.827
bdl_3969,Q2_5,2,900,ATL,True,1,1,0.63,0.739,0.522
bdl_3969,Q2_2.5,2,1050,ATL,True,-1,1,0.63,0.591,0.087
bdl_3969,Q2_END,2,1200,SEA,False,2,0,0.53,0.605,0.605
bdl_3969,Q3_7.5,3,1350,SEA,False,-2,0,0.53,0.359,0.001
bdl_3969,Q3_5,3,1500,SEA,False,2,0,0.53,0.56,0.9765
bdl_3969,Q3_2.5,3,1650,SEA,False,1,0,0.53,0.581,0.719
bdl_3969,Q3_END,3,1800,SEA,False,3,0,0.68,0.657,0.978
bdl_3969,Q4_7.5,4,1950,SEA,False,2,0,0.53,0.667,0.458
bdl_3969,Q4_5,4,2100,SEA,False,-1,0,0.53,0.418,0.0585
bdl_3969,Q4_2.5,4,2250,ATL,True,3,1,0.63,0.85,0.85
bdl_3970,Q2_7.5,2,750,DAL,True,7,1,0.93,0.983,0.983
bdl_3970,Q2_5,2,900,DAL,True,6,1,0.85,0.904,0.0
bdl_3970,Q2_2.5,2,1050,DAL,True,13,1,0.85,0.996,1.0
bdl_3970,Q2_END,2,1200,DAL,True,18,1,0.93,1.0,1.0
bdl_3970,Q3_7.5,3,1350,DAL,True,14,1,0.83,0.994,0.046
bdl_3970,Q3_5,3,1500,DAL,True,7,1,0.75,0.881,0.0
bdl_3970,Q3_2.5,3,1650,DAL,True,8,1,0.75,0.928,0.958
bdl_3970,Q3_END,3,1800,DAL,True,11,1,0.85,0.978,1.0
bdl_3970,Q4_7.5,4,1950,DAL,True,14,1,0.85,0.998,1.0
bdl_3970,Q4_5,4,2100,DAL,True,17,1,0.85,1.0,1.0
bdl_3970,Q4_2.5,4,2250,DAL,True,10,1,0.85,1.0,0.9705
bdl_3971,Q2_7.5,2,750,WSH,False,7,0,0.83,0.989,0.989
bdl_3971,Q2_5,2,900,WSH,False,5,0,0.75,0.924,0.064
bdl_3971,Q2_2.5,2,1050,WSH,False,0,0,0.65,0.468,0.0
bdl_3971,Q2_END,2,1200,WSH,False,-5,0,0.65,0.248,0.026
bdl_3971,Q3_7.5,3,1350,MIN,True,13,1,0.77,0.994,0.994
bdl_3971,Q3_5,3,1500,MIN,True,13,1,0.9,0.992,1.0
bdl_3971,Q3_2.5,3,1650,MIN,True,18,1,0.9,1.0,1.0
bdl_3971,Q3_END,3,1800,MIN,True,18,1,0.9,0.999,0.997
bdl_3971,Q4_7.5,4,1950,MIN,True,15,1,0.9,1.0,0.985
bdl_3971,Q4_5,4,2100,MIN,True,17,1,0.8,1.0,1.0
bdl_3971,Q4_2.5,4,2250,MIN,True,17,1,0.8,1.0,1.0
bdl_3972,Q2_7.5,2,750,LA,False,-1,0,0.53,0.423,0.423
bdl_3972,Q2_5,2,900,LA,False,1,0,0.68,0.451,0.525
bdl_3972,Q2_2.5,2,1050,LA,False,0,0,0.57,0.506,0.779
bdl_3972,Q2_END,2,1200,IND,True,3,1,0.58,0.697,0.697
bdl_3972,Q3_7.5,3,1350,LA,False,-1,0,0.53,0.302,0.302
bdl_3972,Q3_5,3,1500,LA,False,-6,0,0.53,0.212,0.2695
bdl_3972,Q3_2.5,3,1650,IND,True,4,1,0.6,0.793,0.793
bdl_3972,Q3_END,3,1800,IND,True,-1,1,0.53,0.408,0.0
bdl_3972,Q4_7.5,4,1950,IND,True,3,1,0.57,0.734,1.0
bdl_3972,Q4_5,4,2100,IND,True,6,1,0.73,0.893,0.997
bdl_3972,Q4_2.5,4,2250,IND,True,1,1,0.53,0.602,0.114
bdl_3973,Q2_7.5,2,750,MIN,True,7,1,0.95,0.96,0.96
bdl_3973,Q2_5,2,900,MIN,True,8,1,0.95,0.971,0.959
bdl_3973,Q2_2.5,2,1050,MIN,True,10,1,0.95,0.976,0.997
bdl_3973,Q2_END,2,1200,MIN,True,5,1,0.95,0.842,0.0
bdl_3973,Q3_7.5,3,1350,MIN,True,4,1,0.8,0.755,0.3775
bdl_3973,Q3_5,3,1500,MIN,True,0,1,0.7,0.492,0.001
bdl_3973,Q3_2.5,3,1650,MIN,True,4,1,0.8,0.729,0.999
bdl_3973,Q3_END,3,1800,MIN,True,9,1,0.95,0.964,1.0
bdl_3973,Q4_7.5,4,1950,MIN,True,10,1,0.95,0.965,1.0
bdl_3973,Q4_5,4,2100,MIN,True,12,1,0.95,0.997,1.0
bdl_3973,Q4_2.5,4,2250,MIN,True,15,1,0.95,1.0,1.0
bdl_3974,Q2_7.5,2,750,SEA,False,2,1,0.75,0.696,0.696
bdl_3974,Q2_5,2,900,NY,True,-2,0,0.6,0.332,0.332
bdl_3974,Q2_2.5,2,1050,NY,True,1,0,0.58,0.563,1.0
bdl_3974,Q2_END,2,1200,NY,True,3,0,0.73,0.709,0.971
bdl_3974,Q3_7.5,3,1350,NY,True,-4,0,0.53,0.222,0.0
bdl_3974,Q3_5,3,1500,SEA,False,6,1,0.63,0.869,0.869
bdl_3974,Q3_2.5,3,1650,SEA,False,6,1,0.57,0.868,0.8125
bdl_3974,Q3_END,3,1800,SEA,False,13,1,0.85,0.994,1.0
bdl_3974,Q4_7.5,4,1950,SEA,False,19,1,0.85,1.0,1.0
bdl_3974,Q4_5,4,2100,SEA,False,13,1,0.75,0.999,0.859
bdl_3974,Q4_2.5,4,2250,SEA,False,17,1,0.85,1.0,1.0
bdl_3975,Q2_7.5,2,750,LV,False,4,1,0.68,0.916,0.916
bdl_3975,Q2_5,2,900,LV,False,9,1,0.78,0.993,1.0
bdl_3975,Q2_2.5,2,1050,LV,False,13,1,0.73,0.999,1.0
bdl_3975,Q2_END,2,1200,LV,False,15,1,0.73,1.0,0.999
bdl_3975,Q3_7.5,3,1350,LV,False,15,1,0.8,1.0,0.558
bdl_3975,Q3_5,3,1500,LV,False,16,1,1,0.998,1.0
bdl_3975,Q3_2.5,3,1650,LV,False,15,1,0.9,0.996,0.896
bdl_3975,Q3_END,3,1800,LV,False,20,1,0.9,1.0,1.0
bdl_3975,Q4_7.5,4,1950,LV,False,22,1,0.9,1.0,1.0
bdl_3975,Q4_5,4,2100,LV,False,19,1,0.83,1.0,0.993
bdl_3975,Q4_2.5,4,2250,LV,False,18,1,0.83,1.0,1.0
bdl_3976,Q2_7.5,2,750,CHI,False,8,0,0.88,0.988,0.988
bdl_3976,Q2_5,2,900,CHI,False,4,0,0.88,0.803,0.002
bdl_3976,Q2_2.5,2,1050,CHI,False,-1,0,0.55,0.495,0.0
bdl_3976,Q2_END,2,1200,MIN,True,1,1,0.55,0.585,0.585
bdl_3976,Q3_7.5,3,1350,MIN,True,7,1,0.6,0.887,1.0
bdl_3976,Q3_5,3,1500,CHI,False,-5,0,0.55,0.148,0.148
bdl_3976,Q3_2.5,3,1650,CHI,False,1,0,0.6,0.588,1.0
bdl_3976,Q3_END,3,1800,CHI,False,-4,0,0.6,0.248,0.001
bdl_3976,Q4_7.5,4,1950,CHI,False,-2,0,0.6,0.3,0.126
bdl_3976,Q4_5,4,2100,CHI,False,-5,0,0.6,0.132,0.124
bdl_3976,Q4_2.5,4,2250,MIN,True,6,1,0.55,0.969,0.969
bdl_3977,Q2_7.5,2,750,GS,False,8,0,0.8,0.978,0.978
bdl_3977,Q2_5,2,900,GS,False,3,0,0.8,0.741,0.0
bdl_3977,Q2_2.5,2,1050,GS,False,-3,0,0.65,0.242,0.0
bdl_3977,Q2_END,2,1200,GS,False,2,0,0.7,0.664,1.0
bdl_3977,Q3_7.5,3,1350,GS,False,5,0,0.7,0.794,1.0
bdl_3977,Q3_5,3,1500,GS,False,5,0,0.7,0.851,0.695
bdl_3977,Q3_2.5,3,1650,GS,False,2,0,0.7,0.633,0.075
bdl_3977,Q3_END,3,1800,GS,False,2,0,0.7,0.636,0.525
bdl_3977,Q4_7.5,4,1950,GS,False,3,0,0.7,0.639,0.762
bdl_3977,Q4_5,4,2100,GS,False,0,0,0.65,0.449,0.111
bdl_3977,Q4_2.5,4,2250,GS,False,-9,0,0.55,0.004,0.0
bdl_3978,Q2_7.5,2,750,PHX,True,10,1,0.9,0.994,0.994
bdl_3978,Q2_5,2,900,PHX,True,6,1,0.9,0.891,0.0
bdl_3978,Q2_2.5,2,1050,PHX,True,13,1,0.9,0.992,1.0
bdl_3978,Q2_END,2,1200,PHX,True,13,1,0.9,0.996,1.0
bdl_3978,Q3_7.5,3,1350,PHX,True,19,1,0.9,1.0,1.0
bdl_3978,Q3_5,3,1500,PHX,True,26,1,0.9,1.0,1.0
bdl_3978,Q3_2.5,3,1650,PHX,True,28,1,0.95,1.0,1.0
bdl_3978,Q3_END,3,1800,PHX,True,26,1,0.95,1.0,0.99
bdl_3978,Q4_7.5,4,1950,PHX,True,25,1,0.9,1.0,0.998
bdl_3978,Q4_5,4,2100,PHX,True,25,1,0.9,1.0,1.0
bdl_3978,Q4_2.5,4,2250,PHX,True,30,1,0.95,1.0,1.0
bdl_3979,Q2_7.5,2,750,WSH,True,6,0,0.65,0.963,0.963
bdl_3979,Q2_5,2,900,WSH,True,10,0,0.95,0.988,1.0
bdl_3979,Q2_2.5,2,1050,CHI,False,-3,1,0.55,0.241,0.241
bdl_3979,Q2_END,2,1200,CHI,False,-5,1,0.55,0.137,0.006
bdl_3979,Q3_7.5,3,1350,WSH,True,7,0,0.5,0.939,0.939
bdl_3979,Q3_5,3,1500,WSH,True,6,0,0.5,0.867,0.1005
bdl_3979,Q3_2.5,3,1650,CHI,False,0,1,0.55,0.513,0.513
bdl_3979,Q3_END,3,1800,CHI,False,-2,1,0.55,0.339,0.0
bdl_3979,Q4_7.5,4,1950,CHI,False,-4,1,0.55,0.229,0.312
bdl_3979,Q4_5,4,2100,CHI,False,0,1,0.55,0.509,0.831
bdl_3979,Q4_2.5,4,2250,WSH,True,-2,0,0.55,0.195,0.195
bdl_3980,Q2_7.5,2,750,NY,True,6,1,0.83,0.938,0.938
bdl_3980,Q2_5,2,900,NY,True,2,1,0.88,0.676,0.004
bdl_3980,Q2_2.5,2,1050,NY,True,3,1,0.88,0.716,0.856
bdl_3980,Q2_END,2,1200,NY,True,-2,1,0.88,0.307,0.0
bdl_3980,Q3_7.5,3,1350,LV,False,5,0,0.63,0.822,0.822
bdl_3980,Q3_5,3,1500,NY,True,-5,1,0.6,0.157,0.157
bdl_3980,Q3_2.5,3,1650,NY,True,0,1,0.68,0.469,1.0
bdl_3980,Q3_END,3,1800,NY,True,2,1,0.83,0.656,0.953
bdl_3980,Q4_7.5,4,1950,NY,True,1,1,0.58,0.604,0.344
bdl_3980,Q4_5,4,2100,NY,True,-1,1,0.58,0.379,0.081
bdl_3980,Q4_2.5,4,2250,NY,True,8,1,0.83,0.991,1.0
bdl_3981,Q2_7.5,2,750,SEA,False,7,0,0.68,0.977,0.977
bdl_3981,Q2_5,2,900,SEA,False,4,0,0.68,0.822,0.003
bdl_3981,Q2_2.5,2,1050,SEA,False,7,0,0.68,0.947,0.999
bdl_3981,Q2_END,2,1200,SEA,False,8,0,0.68,0.953,0.991
bdl_3981,Q3_7.5,3,1350,SEA,False,6,0,0.68,0.878,0.2
bdl_3981,Q3_5,3,1500,SEA,False,0,0,0.75,0.501,0.0
bdl_3981,Q3_2.5,3,1650,SEA,False,5,0,0.75,0.832,1.0
bdl_3981,Q3_END,3,1800,SEA,False,8,0,0.75,0.941,0.999
bdl_3981,Q4_7.5,4,1950,SEA,False,5,0,0.75,0.845,0.197
bdl_3981,Q4_5,4,2100,CON,True,1,1,0.6,0.583,0.583
bdl_3981,Q4_2.5,4,2250,CON,True,4,1,0.75,0.917,0.998
bdl_3982,Q2_7.5,2,750,IND,True,4,0,0.93,0.863,0.863
bdl_3982,Q2_5,2,900,IND,True,-1,0,0.63,0.398,0.0
bdl_3982,Q2_2.5,2,1050,IND,True,-5,0,0.7,0.22,0.016
bdl_3982,Q2_END,2,1200,GS,False,9,1,0.63,0.943,0.943
bdl_3982,Q3_7.5,3,1350,GS,False,12,1,0.75,0.995,1.0
bdl_3982,Q3_5,3,1500,GS,False,11,1,0.85,0.965,0.04
bdl_3982,Q3_2.5,3,1650,GS,False,5,1,0.7,0.833,0.0
bdl_3982,Q3_END,3,1800,GS,False,13,1,0.95,0.99,1.0
bdl_3982,Q4_7.5,4,1950,GS,False,16,1,0.95,1.0,1.0
bdl_3982,Q4_5,4,2100,GS,False,18,1,1,1.0,1.0
bdl_3982,Q4_2.5,4,2250,GS,False,23,1,0.93,1.0,1.0
bdl_3983,Q2_7.5,2,750,MIN,False,5,1,0.88,0.869,0.869
bdl_3983,Q2_5,2,900,MIN,False,-2,1,0.63,0.45,0.005
bdl_3983,Q2_2.5,2,1050,MIN,False,2,1,0.63,0.612,0.6035
bdl_3983,Q2_END,2,1200,PHX,True,3,0,0.75,0.781,0.781
bdl_3983,Q3_7.5,3,1350,MIN,False,-4,1,0.57,0.221,0.221
bdl_3983,Q3_5,3,1500,MIN,False,0,1,0.57,0.453,1.0
bdl_3983,Q3_2.5,3,1650,MIN,False,4,1,0.65,0.779,0.9855
bdl_3983,Q3_END,3,1800,MIN,False,5,1,0.78,0.842,0.9975
bdl_3983,Q4_7.5,4,1950,MIN,False,6,1,0.7,0.898,0.913
bdl_3983,Q4_5,4,2100,MIN,False,5,1,0.8,0.892,0.947
bdl_3983,Q4_2.5,4,2250,MIN,False,0,1,0.55,0.457,0.031
bdl_3984,Q2_7.5,2,750,CHI,True,0,1,0.7,0.755,0.755
bdl_3984,Q2_5,2,900,CHI,True,2,1,0.7,0.801,0.835
bdl_3984,Q2_2.5,2,1050,CHI,True,2,1,0.7,0.576,0.0
bdl_3984,Q2_END,2,1200,CHI,True,8,1,0.7,0.957,1.0
bdl_3984,Q3_7.5,3,1350,CHI,True,6,1,0.7,0.875,0.242
bdl_3984,Q3_5,3,1500,CHI,True,4,1,0.63,0.789,0.203
bdl_3984,Q3_2.5,3,1650,CHI,True,8,1,0.68,0.921,1.0
bdl_3984,Q3_END,3,1800,CHI,True,9,1,0.68,0.945,0.95
bdl_3984,Q4_7.5,4,1950,CHI,True,12,1,0.8,0.99,1.0
bdl_3984,Q4_5,4,2100,CHI,True,9,1,0.88,0.966,0.731
bdl_3984,Q4_2.5,4,2250,CHI,True,11,1,0.85,1.0,1.0
bdl_3985,Q2_7.5,2,750,MIN,False,3,1,0.57,0.763,0.763
bdl_3985,Q2_5,2,900,MIN,False,8,1,0.88,0.935,1.0
bdl_3985,Q2_2.5,2,1050,MIN,False,12,1,0.78,0.988,1.0
bdl_3985,Q2_END,2,1200,MIN,False,10,1,0.68,0.964,0.262
bdl_3985,Q3_7.5,3,1350,MIN,False,15,1,0.63,0.992,1.0
bdl_3985,Q3_5,3,1500,MIN,False,16,1,0.75,0.995,0.9845
bdl_3985,Q3_2.5,3,1650,MIN,False,25,1,0.8,1.0,1.0
bdl_3985,Q3_END,3,1800,MIN,False,21,1,0.8,1.0,0.976
bdl_3985,Q4_7.5,4,1950,MIN,False,10,1,0.6,0.975,0.0
bdl_3985,Q4_5,4,2100,MIN,False,11,1,0.65,0.993,0.969
bdl_3985,Q4_2.5,4,2250,MIN,False,12,1,0.6,1.0,1.0
bdl_3986,Q2_7.5,2,750,WSH,True,-2,0,0.58,0.462,0.462
bdl_3986,Q2_5,2,900,WSH,True,-5,0,0.58,0.091,0.0
bdl_3986,Q2_2.5,2,1050,WSH,True,-6,0,0.58,0.059,0.036
bdl_3986,Q2_END,2,1200,LV,False,13,1,0.7,0.996,0.996
bdl_3986,Q3_7.5,3,1350,LV,False,13,1,0.85,0.996,1.0
bdl_3986,Q3_5,3,1500,LV,False,7,1,0.6,0.949,0.001
bdl_3986,Q3_2.5,3,1650,LV,False,9,1,0.6,0.977,1.0
bdl_3986,Q3_END,3,1800,WSH,True,-5,0,0.55,0.169,0.169
bdl_3986,Q4_7.5,4,1950,LV,False,5,1,0.55,0.858,0.858
bdl_3986,Q4_5,4,2100,WSH,True,-4,0,0.55,0.127,0.127
bdl_3986,Q4_2.5,4,2250,WSH,True,-5,0,0.55,0.065,0.008
bdl_3987,Q2_7.5,2,750,ATL,False,-1,0,0.73,0.408,0.408
bdl_3987,Q2_5,2,900,ATL,False,2,0,0.73,0.533,0.847
bdl_3987,Q2_2.5,2,1050,ATL,False,3,0,0.65,0.587,0.663
bdl_3987,Q2_END,2,1200,ATL,False,5,0,0.8,0.849,0.999
bdl_3987,Q3_7.5,3,1350,ATL,False,4,0,0.65,0.723,0.0325
bdl_3987,Q3_5,3,1500,ATL,False,2,0,0.7,0.614,0.549
bdl_3987,Q3_2.5,3,1650,ATL,False,1,0,0.7,0.553,0.2105
bdl_3987,Q3_END,3,1800,ATL,False,-4,0,0.53,0.25,0.0
bdl_3987,Q4_7.5,4,1950,IND,True,9,1,0.63,0.955,0.955
bdl_3987,Q4_5,4,2100,IND,True,14,1,0.75,1.0,1.0
bdl_3987,Q4_2.5,4,2250,IND,True,11,1,0.75,1.0,1.0
bdl_3988,Q2_7.5,2,750,CON,False,5,0,0.57,0.927,0.927
bdl_3988,Q2_5,2,900,SEA,True,-3,1,0.55,0.193,0.193
bdl_3988,Q2_2.5,2,1050,SEA,True,-3,1,0.55,0.244,0.347
bdl_3988,Q2_END,2,1200,SEA,True,-2,1,0.55,0.364,0.776
bdl_3988,Q3_7.5,3,1350,CON,False,5,0,0.7,0.884,0.884
bdl_3988,Q3_5,3,1500,CON,False,1,0,0.55,0.575,0.0
bdl_3988,Q3_2.5,3,1650,CON,False,0,0,0.55,0.576,0.945
bdl_3988,Q3_END,3,1800,CON,False,-3,0,0.55,0.3,0.001
bdl_3988,Q4_7.5,4,1950,CON,False,-1,0,0.55,0.429,0.832
bdl_3988,Q4_5,4,2100,SEA,True,5,1,0.55,0.863,0.863
bdl_3988,Q4_2.5,4,2250,SEA,True,9,1,0.68,0.999,1.0
bdl_3989,Q2_7.5,2,750,CHI,True,12,1,0.73,0.998,0.998
bdl_3989,Q2_5,2,900,CHI,True,10,1,0.73,0.99,0.158
bdl_3989,Q2_2.5,2,1050,CHI,True,13,1,0.83,1.0,1.0
bdl_3989,Q2_END,2,1200,CHI,True,13,1,0.57,0.991,0.348
bdl_3989,Q3_7.5,3,1350,CHI,True,15,1,0.6,0.992,1.0
bdl_3989,Q3_5,3,1500,CHI,True,12,1,0.7,0.991,0.294
bdl_3989,Q3_2.5,3,1650,CHI,True,9,1,0.5,0.941,0.153
bdl_3989,Q3_END,3,1800,CHI,True,6,1,0.5,0.845,0.11
bdl_3989,Q4_7.5,4,1950,MIN,False,-4,0,0.65,0.215,0.215
bdl_3989,Q4_5,4,2100,CHI,True,7,1,0.6,0.913,0.913
bdl_3989,Q4_2.5,4,2250,MIN,False,-5,0,0.65,0.056,0.056
bdl_3990,Q2_7.5,2,750,GS,False,2,0,0.63,0.729,0.729
bdl_3990,Q2_5,2,900,GS,False,3,0,0.75,0.77,0.839
bdl_3990,Q2_2.5,2,1050,GS,False,1,0,0.6,0.54,0.068
bdl_3990,Q2_END,2,1200,GS,False,1,0,0.5,0.604,0.504
bdl_3990,Q3_7.5,3,1350,GS,False,1,0,0.5,0.515,0.078
bdl_3990,Q3_5,3,1500,GS,False,-1,0,0.5,0.393,0.452
bdl_3990,Q3_2.5,3,1650,LV,True,2,1,0.65,0.669,0.669
bdl_3990,Q3_END,3,1800,LV,True,5,1,0.65,0.862,1.0
bdl_3990,Q4_7.5,4,1950,LV,True,6,1,0.65,0.887,0.735
bdl_3990,Q4_5,4,2100,LV,True,9,1,0.65,0.983,0.999
bdl_3990,Q4_2.5,4,2250,GS,False,-3,0,0.5,0.186,0.186
bdl_3991,Q2_7.5,2,750,DAL,False,-2,0,0.55,0.309,0.309
bdl_3991,Q2_5,2,900,IND,True,12,1,1,0.999,0.999
bdl_3991,Q2_2.5,2,1050,IND,True,20,1,1,1.0,1.0
bdl_3991,Q2_END,2,1200,IND,True,22,1,1,0.999,0.998
bdl_3991,Q3_7.5,3,1350,IND,True,26,1,1,1.0,1.0
bdl_3991,Q3_5,3,1500,IND,True,28,1,1,1.0,1.0
bdl_3991,Q3_2.5,3,1650,IND,True,29,1,0.95,1.0,1.0
bdl_3991,Q3_END,3,1800,IND,True,21,1,0.95,1.0,0.02
bdl_3991,Q4_7.5,4,1950,IND,True,22,1,0.95,1.0,0.998
bdl_3991,Q4_5,4,2100,IND,True,24,1,0.95,1.0,1.0
bdl_3991,Q4_2.5,4,2250,IND,True,23,1,0.95,1.0,1.0
bdl_3992,Q2_7.5,2,750,ATL,False,15,0,0.93,1.0,1.0
bdl_3992,Q2_5,2,900,ATL,False,14,0,0.93,1.0,0.606
bdl_3992,Q2_2.5,2,1050,ATL,False,13,0,0.93,0.999,0.617
bdl_3992,Q2_END,2,1200,ATL,False,11,0,0.93,0.98,0.23
bdl_3992,Q3_7.5,3,1350,ATL,False,8,0,0.85,0.941,0.004
bdl_3992,Q3_5,3,1500,ATL,False,8,0,0.85,0.929,0.737
bdl_3992,Q3_2.5,3,1650,ATL,False,0,0,0.85,0.471,0.0
bdl_3992,Q3_END,3,1800,ATL,False,-2,0,0.85,0.344,0.083
bdl_3992,Q4_7.5,4,1950,ATL,False,-2,0,0.85,0.346,0.3965
bdl_3992,Q4_5,4,2100,ATL,False,-10,0,0.55,0.018,0.0
bdl_3992,Q4_2.5,4,2250,ATL,False,-6,0,0.55,0.045,0.114
bdl_3993,Q2_7.5,2,750,CON,False,6,0,0.83,0.935,0.935
bdl_3993,Q2_5,2,900,CON,False,6,0,0.88,0.911,0.651
bdl_3993,Q2_2.5,2,1050,CON,False,6,0,0.78,0.919,0.988
bdl_3993,Q2_END,2,1200,CON,False,2,0,0.78,0.636,0.0
bdl_3993,Q3_7.5,3,1350,LA,True,5,1,0.65,0.804,0.804
bdl_3993,Q3_5,3,1500,CON,False,-4,0,0.6,0.225,0.225
bdl_3993,Q3_2.5,3,1650,CON,False,-4,0,0.53,0.251,0.362
bdl_3993,Q3_END,3,1800,LA,True,4,1,0.58,0.746,0.746
bdl_3993,Q4_7.5,4,1950,CON,False,-3,0,0.53,0.252,0.252
bdl_3993,Q4_5,4,2100,LA,True,6,1,0.58,0.876,0.876
bdl_3993,Q4_2.5,4,2250,CON,False,-1,0,0.6,0.362,0.362
bdl_3994,Q2_7.5,2,750,WSH,False,0,1,0.73,0.728,0.728
bdl_3994,Q2_5,2,900,SEA,True,4,0,0.63,0.851,0.851
bdl_3994,Q2_2.5,2,1050,SEA,True,0,0,0.63,0.485,0.0
bdl_3994,Q2_END,2,1200,WSH,False,3,1,0.7,0.724,0.724
bdl_3994,Q3_7.5,3,1350,WSH,False,1,1,0.55,0.649,0.49
bdl_3994,Q3_5,3,1500,WSH,False,-1,1,0.55,0.459,0.002
bdl_3994,Q3_2.5,3,1650,SEA,True,10,0,0.6,0.979,0.979
bdl_3994,Q3_END,3,1800,SEA,True,8,0,0.68,0.943,0.474
bdl_3994,Q4_7.5,4,1950,SEA,True,6,0,0.68,0.908,0.4915
bdl_3994,Q4_5,4,2100,WSH,False,-1,1,0.63,0.371,0.371
bdl_3994,Q4_2.5,4,2250,WSH,False,3,1,0.63,0.855,0.96
bdl_3995,Q2_7.5,2,750,MIN,False,0,1,0.5,0.47,0.47
bdl_3995,Q2_5,2,900,CHI,True,7,0,0.75,0.918,0.918
bdl_3995,Q2_2.5,2,1050,CHI,True,3,0,0.55,0.745,0.046
bdl_3995,Q2_END,2,1200,CHI,True,4,0,0.58,0.734,0.8325
bdl_3995,Q3_7.5,3,1350,MIN,False,1,1,0.57,0.57,0.57
bdl_3995,Q3_5,3,1500,MIN,False,6,1,0.73,0.846,1.0
bdl_3995,Q3_2.5,3,1650,MIN,False,4,1,0.73,0.806,0.718
bdl_3995,Q3_END,3,1800,MIN,False,5,1,0.63,0.8025,0.584
bdl_3995,Q4_7.5,4,1950,MIN,False,9,1,0.73,0.97,1.0
bdl_3995,Q4_5,4,2100,MIN,False,12,1,0.73,0.995,1.0
bdl_3995,Q4_2.5,4,2250,MIN,False,11,1,0.63,1.0,0.999
bdl_3996,Q2_7.5,2,750,GS,True,8,0,0.75,0.978,0.978
bdl_3996,Q2_5,2,900,PHX,False,-3,1,0.55,0.306,0.306
bdl_3996,Q2_2.5,2,1050,PHX,False,0,1,0.55,0.469,1.0
bdl_3996,Q2_END,2,1200,PHX,False,4,1,0.75,0.76,1.0
bdl_3996,Q3_7.5,3,1350,PHX,False,6,1,0.75,0.867,0.993
bdl_3996,Q3_5,3,1500,PHX,False,2,1,0.65,0.686,0.393
bdl_3996,Q3_2.5,3,1650,PHX,False,2,1,0.65,0.513,0.0
bdl_3996,Q3_END,3,1800,PHX,False,1,1,0.55,0.592,0.879
bdl_3996,Q4_7.5,4,1950,PHX,False,3,1,0.65,0.72,1.0
bdl_3996,Q4_5,4,2100,PHX,False,-1,1,0.55,0.356,0.0125
bdl_3996,Q4_2.5,4,2250,PHX,False,4,1,0.63,0.867,0.999
bdl_3997,Q2_7.5,2,750,IND,False,2,1,0.8,0.837,0.837
bdl_3997,Q2_5,2,900,IND,False,6,1,0.8,0.926,0.99
bdl_3997,Q2_2.5,2,1050,IND,False,-1,1,0.8,0.367,0.0
bdl_3997,Q2_END,2,1200,IND,False,2,1,0.83,0.628,0.996
bdl_3997,Q3_7.5,3,1350,IND,False,0,1,0.83,0.567,0.488
bdl_3997,Q3_5,3,1500,IND,False,5,1,0.83,0.807,1.0
bdl_3997,Q3_2.5,3,1650,IND,False,3,1,0.83,0.755,0.672
bdl_3997,Q3_END,3,1800,IND,False,2,1,0.83,0.669,0.047
bdl_3997,Q4_7.5,4,1950,IND,False,1,1,0.75,0.584,0.751
bdl_3997,Q4_5,4,2100,IND,False,2,1,0.75,0.671,0.354
bdl_3997,Q4_2.5,4,2250,IND,False,7,1,0.83,0.99,1.0
bdl_3998,Q2_7.5,2,750,LA,True,9,1,0.73,0.993,0.993
bdl_3998,Q2_5,2,900,LA,True,10,1,0.73,0.998,1.0
bdl_3998,Q2_2.5,2,1050,LA,True,15,1,0.63,0.996,0.997
bdl_3998,Q2_END,2,1200,LA,True,25,1,0.95,1.0,1.0
bdl_3998,Q3_7.5,3,1350,LA,True,21,1,0.95,1.0,0.793
bdl_3998,Q3_5,3,1500,LA,True,21,1,0.95,1.0,0.853
bdl_3998,Q3_2.5,3,1650,LA,True,24,1,0.95,1.0,1.0
bdl_3998,Q3_END,3,1800,LA,True,22,1,0.95,1.0,0.972
bdl_3998,Q4_7.5,4,1950,LA,True,20,1,0.95,1.0,0.993
bdl_3998,Q4_5,4,2100,LA,True,15,1,0.95,1.0,0.967
bdl_3998,Q4_2.5,4,2250,LA,True,21,1,0.95,1.0,1.0
bdl_3999,Q2_7.5,2,750,ATL,False,14,1,0.9,1.0,1.0
bdl_3999,Q2_5,2,900,ATL,False,20,1,1,1.0,1.0
bdl_3999,Q2_2.5,2,1050,ATL,False,22,1,0.93,1.0,1.0
bdl_3999,Q2_END,2,1200,ATL,False,18,1,0.85,1.0,0.04
bdl_3999,Q3_7.5,3,1350,ATL,False,24,1,0.85,1.0,1.0
bdl_3999,Q3_5,3,1500,ATL,False,29,1,0.93,1.0,1.0
bdl_3999,Q3_2.5,3,1650,ATL,False,35,1,1,1.0,1.0
bdl_3999,Q3_END,3,1800,ATL,False,38,1,1,1.0,1.0
bdl_3999,Q4_7.5,4,1950,ATL,False,40,1,1,1.0,1.0
bdl_3999,Q4_5,4,2100,ATL,False,40,1,1,1.0,1.0
bdl_3999,Q4_2.5,4,2250,ATL,False,41,1,1,1.0,1.0
bdl_4000,Q2_7.5,2,750,MIN,True,8,1,0.78,0.994,0.994
bdl_4000,Q2_5,2,900,MIN,True,8,1,0.85,0.974,0.752
bdl_4000,Q2_2.5,2,1050,MIN,True,7,1,0.85,0.932,0.39
bdl_4000,Q2_END,2,1200,MIN,True,4,1,0.85,0.802,0.007
bdl_4000,Q3_7.5,3,1350,MIN,True,3,1,0.95,0.76,0.254
bdl_4000,Q3_5,3,1500,MIN,True,10,1,1,0.977,1.0
bdl_4000,Q3_2.5,3,1650,MIN,True,10,1,0.9,0.979,0.3135
bdl_4000,Q3_END,3,1800,MIN,True,13,1,0.9,0.988,1.0
bdl_4000,Q4_7.5,4,1950,MIN,True,12,1,0.93,0.997,1.0
bdl_4000,Q4_5,4,2100,MIN,True,14,1,0.85,0.999,0.9965
bdl_4000,Q4_2.5,4,2250,MIN,True,13,1,0.85,1.0,1.0
bdl_4001,Q2_7.5,2,750,GS,False,0,0,0.53,0.323,0.323
bdl_4001,Q2_5,2,900,GS,False,-1,0,0.53,0.409,0.85
bdl_4001,Q2_2.5,2,1050,GS,False,0,0,0.53,0.503,0.8095
bdl_4001,Q2_END,2,1200,GS,False,0,0,0.68,0.567,0.517
bdl_4001,Q3_7.5,3,1350,SEA,True,6,1,0.58,0.863,0.863
bdl_4001,Q3_5,3,1500,SEA,True,5,1,0.73,0.774,0.0
bdl_4001,Q3_2.5,3,1650,SEA,True,8,1,0.83,0.96,1.0
bdl_4001,Q3_END,3,1800,GS,False,-4,0,0.53,0.245,0.245
bdl_4001,Q4_7.5,4,1950,SEA,True,8,1,0.83,0.981,0.981
bdl_4001,Q4_5,4,2100,SEA,True,4,1,0.58,0.792,0.22
bdl_4001,Q4_2.5,4,2250,SEA,True,3,1,0.53,0.85,0.936
bdl_4002,Q2_7.5,2,750,NY,True,8,1,0.75,0.98,0.98
bdl_4002,Q2_5,2,900,NY,True,12,1,0.9,0.998,1.0
bdl_4002,Q2_2.5,2,1050,NY,True,15,1,1,0.999,1.0
bdl_4002,Q2_END,2,1200,NY,True,15,1,0.9,1.0,0.961
bdl_4002,Q3_7.5,3,1350,NY,True,21,1,0.85,0.999,1.0
bdl_4002,Q3_5,3,1500,NY,True,23,1,0.85,1.0,0.999
bdl_4002,Q3_2.5,3,1650,NY,True,24,1,0.85,1.0,1.0
bdl_4002,Q3_END,3,1800,NY,True,17,1,0.78,0.998,0.0345
bdl_4002,Q4_7.5,4,1950,NY,True,18,1,0.78,1.0,1.0
bdl_4002,Q4_5,4,2100,NY,True,20,1,0.85,1.0,1.0
bdl_4002,Q4_2.5,4,2250,NY,True,22,1,0.78,1.0,1.0
bdl_4003,Q2_7.5,2,750,LV,False,5,1,0.75,0.927,0.927
bdl_4003,Q2_5,2,900,LV,False,3,1,0.68,0.725,0.055
bdl_4003,Q2_2.5,2,1050,LV,False,7,1,0.68,0.938,1.0
bdl_4003,Q2_END,2,1200,LV,False,6,1,0.68,0.885,0.919
bdl_4003,Q3_7.5,3,1350,LV,False,8,1,0.75,0.935,0.783
bdl_4003,Q3_5,3,1500,LV,False,12,1,0.88,0.987,1.0
bdl_4003,Q3_2.5,3,1650,LV,False,15,1,0.93,0.998,1.0
bdl_4003,Q3_END,3,1800,LV,False,20,1,0.93,1.0,1.0
bdl_4003,Q4_7.5,4,1950,LV,False,12,1,0.85,0.986,0.031
bdl_4003,Q4_5,4,2100,LV,False,10,1,0.7,0.976,0.999
bdl_4003,Q4_2.5,4,2250,LV,False,9,1,0.65,0.992,0.997
bdl_4004,Q2_7.5,2,750,COL,False,12,1,0.83,0.994,0.994
bdl_4004,Q2_5,2,900,COL,False,20,1,0.93,1.0,1.0
bdl_4004,Q2_2.5,2,1050,COL,False,22,1,0.93,1.0,0.949
bdl_4004,Q2_END,2,1200,COL,False,22,1,0.85,1.0,1.0
bdl_4004,Q3_7.5,3,1350,COL,False,24,1,0.85,1.0,1.0
bdl_4004,Q3_5,3,1500,COL,False,22,1,0.85,1.0,0.814
bdl_4004,Q3_2.5,3,1650,COL,False,24,1,0.93,1.0,1.0
bdl_4004,Q3_END,3,1800,COL,False,24,1,0.93,1.0,0.9965
bdl_4004,Q4_7.5,4,1950,COL,False,21,1,1,1.0,0.9965
bdl_4004,Q4_5,4,2100,COL,False,23,1,0.93,1.0,0.999
bdl_4004,Q4_2.5,4,2250,COL,False,18,1,0.85,1.0,0.9995
bdl_4005,Q2_7.5,2,750,WSH,True,6,0,0.75,0.938,0.938
bdl_4005,Q2_5,2,900,WSH,True,4,0,0.7,0.753,0.0
bdl_4005,Q2_2.5,2,1050,WSH,True,-1,0,0.7,0.534,0.138
bdl_4005,Q2_END,2,1200,LA,False,5,1,0.57,0.855,0.855
bdl_4005,Q3_7.5,3,1350,WSH,True,-6,0,0.5,0.086,0.086
bdl_4005,Q3_5,3,1500,LA,False,5,1,0.57,0.835,0.835
bdl_4005,Q3_2.5,3,1650,WSH,True,-4,0,0.53,0.241,0.241
bdl_4005,Q3_END,3,1800,WSH,True,0,0,0.75,0.49,0.994
bdl_4005,Q4_7.5,4,1950,WSH,True,-3,0,0.6,0.269,0.198
bdl_4005,Q4_5,4,2100,WSH,True,-3,0,0.75,0.285,0.122
bdl_4005,Q4_2.5,4,2250,WSH,True,-10,0,0.6,0.001,0.0
bdl_4006,Q2_7.5,2,750,NY,True,6,1,0.88,0.9745,0.9745
bdl_4006,Q2_5,2,900,NY,True,2,1,0.88,0.797,0.0
bdl_4006,Q2_2.5,2,1050,NY,True,-2,1,0.75,0.326,0.0
bdl_4006,Q2_END,2,1200,NY,True,-4,1,0.6,0.269,0.015
bdl_4006,Q3_7.5,3,1350,NY,True,-6,1,0.6,0.196,0.514
bdl_4006,Q3_5,3,1500,NY,True,-4,1,0.6,0.269,0.231
bdl_4006,Q3_2.5,3,1650,IND,False,6,0,0.55,0.832,0.832
bdl_4006,Q3_END,3,1800,NY,True,2,1,0.75,0.671,0.671
bdl_4006,Q4_7.5,4,1950,NY,True,6,1,0.75,0.848,1.0
bdl_4006,Q4_5,4,2100,NY,True,10,1,0.75,0.975,0.997
bdl_4006,Q4_2.5,4,2250,NY,True,10,1,0.95,0.999,0.999
bdl_4007,Q2_7.5,2,750,CHI,False,6,0,0.8,0.836,0.836
bdl_4007,Q2_5,2,900,CHI,False,0,0,0.57,0.54,0.0065
bdl_4007,Q2_2.5,2,1050,CHI,False,-3,0,0.73,0.364,0.065
bdl_4007,Q2_END,2,1200,CHI,False,-9,0,0.57,0.053,0.0
bdl_4007,Q3_7.5,3,1350,MIN,True,18,1,0.9,1.0,1.0
bdl_4007,Q3_5,3,1500,MIN,True,20,1,0.9,1.0,1.0
bdl_4007,Q3_2.5,3,1650,MIN,True,20,1,0.7,1.0,0.996
bdl_4007,Q3_END,3,1800,MIN,True,20,1,0.75,1.0,1.0
bdl_4007,Q4_7.5,4,1950,MIN,True,20,1,0.75,1.0,1.0
bdl_4007,Q4_5,4,2100,MIN,True,20,1,0.75,1.0,1.0
bdl_4007,Q4_2.5,4,2250,MIN,True,24,1,0.85,1.0,1.0
bdl_4008,Q2_7.5,2,750,LV,True,2,1,0.57,0.596,0.596
bdl_4008,Q2_5,2,900,LV,True,7,1,0.57,0.903,1.0
bdl_4008,Q2_2.5,2,1050,LV,True,5,1,0.63,0.905,0.998
bdl_4008,Q2_END,2,1200,LV,True,3,1,0.63,0.714,0.0
bdl_4008,Q3_7.5,3,1350,LV,True,10,1,0.73,0.962,1.0
bdl_4008,Q3_5,3,1500,LV,True,10,1,0.8,0.962,0.966
bdl_4008,Q3_2.5,3,1650,LV,True,7,1,0.7,0.904,0.181
bdl_4008,Q3_END,3,1800,LV,True,8,1,0.7,0.915,0.995
bdl_4008,Q4_7.5,4,1950,LV,True,6,1,0.6,0.9,0.16
bdl_4008,Q4_5,4,2100,LV,True,9,1,0.85,0.977,1.0
bdl_4008,Q4_2.5,4,2250,LV,True,15,1,0.85,1.0,1.0
bdl_4009,Q2_7.5,2,750,DAL,False,-2,1,0.55,0.263,0.263
bdl_4009,Q2_5,2,900,SEA,True,7,0,0.6,0.967,0.967
bdl_4009,Q2_2.5,2,1050,DAL,False,-6,1,0.55,0.102,0.102
bdl_4009,Q2_END,2,1200,DAL,False,-2,1,0.6,0.361,0.9925
bdl_4009,Q3_7.5,3,1350,DAL,False,7,1,0.73,0.904,1.0
bdl_4009,Q3_5,3,1500,DAL,False,13,1,0.73,0.989,1.0
bdl_4009,Q3_2.5,3,1650,DAL,False,13,1,0.85,0.995,1.0
bdl_4009,Q3_END,3,1800,DAL,False,15,1,0.85,0.997,0.98
bdl_4009,Q4_7.5,4,1950,DAL,False,18,1,0.85,1.0,1.0
bdl_4009,Q4_5,4,2100,DAL,False,16,1,0.85,1.0,1.0
bdl_4009,Q4_2.5,4,2250,DAL,False,21,1,0.85,1.0,1.0
bdl_4010,Q2_7.5,2,750,ATL,False,12,1,0.93,0.998,0.998
bdl_4010,Q2_5,2,900,ATL,False,12,1,0.93,1.0,0.843
bdl_4010,Q2_2.5,2,1050,ATL,False,8,1,0.93,0.95,0.0
bdl_4010,Q2_END,2,1200,ATL,False,5,1,0.78,0.857,0.003
bdl_4010,Q3_7.5,3,1350,ATL,False,5,1,0.85,0.857,0.7385
bdl_4010,Q3_5,3,1500,ATL,False,8,1,0.9,0.926,0.999
bdl_4010,Q3_2.5,3,1650,ATL,False,6,1,0.85,0.854,0.2805
bdl_4010,Q3_END,3,1800,ATL,False,9,1,0.85,0.932,0.999
bdl_4010,Q4_7.5,4,1950,ATL,False,15,1,0.9,0.999,1.0
bdl_4010,Q4_5,4,2100,ATL,False,13,1,0.9,0.999,1.0
bdl_4010,Q4_2.5,4,2250,ATL,False,7,1,0.75,0.978,0.727
bdl_4011,Q2_7.5,2,750,CON,True,-1,0,0.53,0.424,0.424
bdl_4011,Q2_5,2,900,LA,False,6,1,0.73,0.881,0.881
bdl_4011,Q2_2.5,2,1050,LA,False,5,1,0.73,0.821,0.41
bdl_4011,Q2_END,2,1200,LA,False,1,1,0.68,0.556,0.0
bdl_4011,Q3_7.5,3,1350,LA,False,3,1,0.68,0.723,0.983
bdl_4011,Q3_5,3,1500,LA,False,9,1,0.68,0.92,1.0
bdl_4011,Q3_2.5,3,1650,LA,False,12,1,0.8,0.97,0.974
bdl_4011,Q3_END,3,1800,LA,False,9,1,0.93,0.962,0.687
bdl_4011,Q4_7.5,4,1950,LA,False,10,1,0.83,0.962,1.0
bdl_4011,Q4_5,4,2100,LA,False,18,1,1,1.0,1.0
bdl_4011,Q4_2.5,4,2250,LA,False,20,1,1,1.0,1.0
bdl_4012,Q2_7.5,2,750,LV,False,6,0,0.78,0.97,0.97
bdl_4012,Q2_5,2,900,IND,True,-4,1,0.6,0.154,0.154
bdl_4012,Q2_2.5,2,1050,IND,True,1,1,0.6,0.618,1.0
bdl_4012,Q2_END,2,1200,LV,False,6,0,0.63,0.873,0.873
bdl_4012,Q3_7.5,3,1350,IND,True,-2,1,0.53,0.308,0.308
bdl_4012,Q3_5,3,1500,LV,False,1,0,0.5,0.535,0.535
bdl_4012,Q3_2.5,3,1650,IND,True,1,1,0.65,0.549,0.549
bdl_4012,Q3_END,3,1800,IND,True,6,1,0.65,0.845,1.0
bdl_4012,Q4_7.5,4,1950,IND,True,7,1,0.6,0.919,0.943
bdl_4012,Q4_5,4,2100,IND,True,7,1,0.65,0.959,0.98
bdl_4012,Q4_2.5,4,2250,IND,True,7,1,0.65,0.988,0.993
bdl_4013,Q2_7.5,2,750,SEA,False,9,1,0.95,0.994,0.994
bdl_4013,Q2_5,2,900,SEA,False,9,1,0.95,0.986,0.848
bdl_4013,Q2_2.5,2,1050,SEA,False,11,1,0.95,0.995,1.0
bdl_4013,Q2_END,2,1200,SEA,False,13,1,0.95,0.997,1.0
bdl_4013,Q3_7.5,3,1350,SEA,False,22,1,0.95,1.0,1.0
bdl_4013,Q3_5,3,1500,SEA,False,26,1,0.95,1.0,0.986
bdl_4013,Q3_2.5,3,1650,SEA,False,26,1,0.95,1.0,1.0
bdl_4013,Q3_END,3,1800,SEA,False,27,1,0.95,1.0,0.999
bdl_4013,Q4_7.5,4,1950,SEA,False,33,1,1,1.0,1.0
bdl_4013,Q4_5,4,2100,SEA,False,35,1,1,1.0,1.0
bdl_4013,Q4_2.5,4,2250,SEA,False,39,1,1,1.0,1.0
bdl_4014,Q2_7.5,2,750,PHX,False,10,0,0.78,0.987,0.987
bdl_4014,Q2_5,2,900,PHX,False,10,0,0.85,0.987,1.0
bdl_4014,Q2_2.5,2,1050,PHX,False,5,0,0.78,0.83,0.0
bdl_4014,Q2_END,2,1200,PHX,False,2,0,0.85,0.69,0.012
bdl_4014,Q3_7.5,3,1350,PHX,False,4,0,0.78,0.762,1.0
bdl_4014,Q3_5,3,1500,PHX,False,5,0,0.78,0.814,0.8995
bdl_4014,Q3_2.5,3,1650,PHX,False,-1,0,0.63,0.453,0.0
bdl_4014,Q3_END,3,1800,PHX,False,-8,0,0.63,0.076,0.0
bdl_4014,Q4_7.5,4,1950,NY,True,12,1,0.68,0.99,0.99
bdl_4014,Q4_5,4,2100,NY,True,16,1,0.73,1.0,1.0
bdl_4014,Q4_2.5,4,2250,NY,True,14,1,0.78,1.0,1.0
bdl_4015,Q2_7.5,2,750,MIN,True,8,1,0.85,0.994,0.994
bdl_4015,Q2_5,2,900,MIN,True,7,1,0.85,0.955,0.002
bdl_4015,Q2_2.5,2,1050,MIN,True,12,1,0.85,0.994,1.0
bdl_4015,Q2_END,2,1200,MIN,True,16,1,0.85,0.998,1.0
bdl_4015,Q3_7.5,3,1350,MIN,True,16,1,0.85,0.997,0.974
bdl_4015,Q3_5,3,1500,MIN,True,21,1,0.85,1.0,1.0
bdl_4015,Q3_2.5,3,1650,MIN,True,25,1,0.85,1.0,1.0
bdl_4015,Q3_END,3,1800,MIN,True,24,1,0.85,1.0,0.998
bdl_4015,Q4_7.5,4,1950,MIN,True,22,1,0.85,1.0,1.0
bdl_4015,Q4_5,4,2100,MIN,True,26,1,0.85,1.0,1.0
bdl_4015,Q4_2.5,4,2250,MIN,True,26,1,0.85,1.0,1.0
bdl_4016,Q2_7.5,2,750,DAL,False,7,0,0.7,0.87,0.87
bdl_4016,Q2_5,2,900,DAL,False,4,0,0.7,0.7405,0.621
bdl_4016,Q2_2.5,2,1050,DAL,False,6,0,0.95,0.898,1.0
bdl_4016,Q2_END,2,1200,DAL,False,6,0,0.95,0.867,0.8245
bdl_4016,Q3_7.5,3,1350,DAL,False,9,0,0.95,0.946,0.9965
bdl_4016,Q3_5,3,1500,DAL,False,5,0,0.9,0.873,0.436
bdl_4016,Q3_2.5,3,1650,DAL,False,4,0,0.8,0.696,0.134
bdl_4016,Q3_END,3,1800,DAL,False,-3,0,0.65,0.271,0.0
bdl_4016,Q4_7.5,4,1950,DAL,False,-5,0,0.6,0.164,0.007
bdl_4016,Q4_5,4,2100,DAL,False,0,0,0.9,0.527,0.986
bdl_4016,Q4_2.5,4,2250,DAL,False,-4,0,0.6,0.119,0.0
bdl_4017,Q2_7.5,2,750,LA,False,12,1,0.93,0.996,0.996
bdl_4017,Q2_5,2,900,LA,False,13,1,0.88,0.99,0.26
bdl_4017,Q2_2.5,2,1050,LA,False,12,1,0.8,0.987,0.992
bdl_4017,Q2_END,2,1200,LA,False,13,1,0.8,0.989,0.977
bdl_4017,Q3_7.5,3,1350,LA,False,12,1,0.8,0.981,0.7095
bdl_4017,Q3_5,3,1500,LA,False,7,1,0.8,0.897,0.001
bdl_4017,Q3_2.5,3,1650,LA,False,5,1,0.8,0.823,0.305
bdl_4017,Q3_END,3,1800,LA,False,5,1,0.8,0.804,0.838
bdl_4017,Q4_7.5,4,1950,LA,False,4,1,0.65,0.775,0.503
bdl_4017,Q4_5,4,2100,LA,False,4,1,0.8,0.828,0.918
bdl_4017,Q4_2.5,4,2250,LA,False,1,1,0.65,0.623,0.2655
bdl_4018,Q2_7.5,2,750,SEA,False,6,0,0.8,0.985,0.985
bdl_4018,Q2_5,2,900,SEA,False,4,0,0.75,0.922,0.026
bdl_4018,Q2_2.5,2,1050,SEA,False,-4,0,0.68,0.192,0.0
bdl_4018,Q2_END,2,1200,WSH,True,5,1,0.6,0.914,0.914
bdl_4018,Q3_7.5,3,1350,WSH,True,7,1,0.8,0.925,0.861
bdl_4018,Q3_5,3,1500,WSH,True,15,1,0.93,0.995,1.0
bdl_4018,Q3_2.5,3,1650,WSH,True,17,1,0.93,0.998,1.0
bdl_4018,Q3_END,3,1800,WSH,True,15,1,0.73,0.997,0.8055
bdl_4018,Q4_7.5,4,1950,WSH,True,8,1,0.65,0.956,0.0
bdl_4018,Q4_5,4,2100,WSH,True,4,1,0.65,0.828,0.0775
bdl_4018,Q4_2.5,4,2250,WSH,True,5,1,0.65,0.938,1.0
bdl_4019,Q2_7.5,2,750,CON,True,15,1,0.95,1.0,1.0
bdl_4019,Q2_5,2,900,CON,True,14,1,0.95,1.0,0.991
bdl_4019,Q2_2.5,2,1050,CON,True,10,1,0.85,0.974,0.003
bdl_4019,Q2_END,2,1200,CON,True,16,1,0.95,0.997,1.0
bdl_4019,Q3_7.5,3,1350,CON,True,23,1,0.95,1.0,1.0
bdl_4019,Q3_5,3,1500,CON,True,21,1,0.95,1.0,0.8225
bdl_4019,Q3_2.5,3,1650,CON,True,18,1,0.85,0.998,0.701
bdl_4019,Q3_END,3,1800,CON,True,26,1,0.9,1.0,1.0
bdl_4019,Q4_7.5,4,1950,CON,True,24,1,0.9,1.0,0.999
bdl_4019,Q4_5,4,2100,CON,True,28,1,0.9,1.0,1.0
bdl_4019,Q4_2.5,4,2250,CON,True,30,1,0.9,1.0,1.0
bdl_4020,Q2_7.5,2,750,IND,False,11,1,0.95,0.998,0.998
bdl_4020,Q2_5,2,900,IND,False,13,1,0.95,1.0,1.0
bdl_4020,Q2_2.5,2,1050,IND,False,11,1,0.95,0.985,0.288
bdl_4020,Q2_END,2,1200,IND,False,12,1,0.75,0.986,0.952
bdl_4020,Q3_7.5,3,1350,IND,False,7,1,0.75,0.912,0.004
bdl_4020,Q3_5,3,1500,IND,False,4,1,0.6,0.775,0.074
bdl_4020,Q3_2.5,3,1650,IND,False,10,1,0.75,0.971,1.0
bdl_4020,Q3_END,3,1800,IND,False,14,1,0.75,0.989,0.999
bdl_4020,Q4_7.5,4,1950,IND,False,11,1,0.75,0.987,0.903
bdl_4020,Q4_5,4,2100,IND,False,9,1,0.75,0.955,0.8435
bdl_4020,Q4_2.5,4,2250,IND,False,13,1,0.75,1.0,1.0
bdl_4021,Q2_7.5,2,750,LV,False,3,1,0.7,0.611,0.611
bdl_4021,Q2_5,2,900,LV,False,6,1,0.85,0.825,0.997
bdl_4021,Q2_2.5,2,1050,LV,False,11,1,0.95,0.986,1.0
bdl_4021,Q2_END,2,1200,LV,False,12,1,0.95,0.987,0.997
bdl_4021,Q3_7.5,3,1350,LV,False,14,1,0.95,0.995,1.0
bdl_4021,Q3_5,3,1500,LV,False,13,1,0.95,0.991,0.805
bdl_4021,Q3_2.5,3,1650,LV,False,9,1,0.95,0.934,0.046
bdl_4021,Q3_END,3,1800,LV,False,15,1,0.95,0.998,1.0
bdl_4021,Q4_7.5,4,1950,LV,False,14,1,0.9,0.993,0.704
bdl_4021,Q4_5,4,2100,LV,False,17,1,0.9,1.0,1.0
bdl_4021,Q4_2.5,4,2250,LV,False,14,1,0.9,1.0,0.999
bdl_4022,Q2_7.5,2,750,WSH,True,6,0,0.65,0.9,0.9
bdl_4022,Q2_5,2,900,WSH,True,2,0,0.58,0.687,0.06
bdl_4022,Q2_2.5,2,1050,WSH,True,4,0,0.68,0.827,0.998
bdl_4022,Q2_END,2,1200,WSH,True,4,0,0.53,0.815,0.697
bdl_4022,Q3_7.5,3,1350,PHX,False,-2,1,0.55,0.332,0.332
bdl_4022,Q3_5,3,1500,PHX,False,3,1,0.55,0.774,1.0
bdl_4022,Q3_2.5,3,1650,PHX,False,7,1,0.55,0.855,0.796
bdl_4022,Q3_END,3,1800,PHX,False,10,1,0.55,0.969,1.0
bdl_4022,Q4_7.5,4,1950,PHX,False,15,1,0.8,0.998,1.0
bdl_4022,Q4_5,4,2100,PHX,False,8,1,0.75,0.976,0.009
bdl_4022,Q4_2.5,4,2250,PHX,False,13,1,0.75,1.0,1.0
bdl_4023,Q2_7.5,2,750,ATL,False,7,1,0.83,0.941,0.941
bdl_4023,Q2_5,2,900,ATL,False,8,1,1,0.991,1.0
bdl_4023,Q2_2.5,2,1050,ATL,False,9,1,1,0.982,0.491
bdl_4023,Q2_END,2,1200,ATL,False,14,1,1,0.999,1.0
bdl_4023,Q3_7.5,3,1350,ATL,False,12,1,1,0.975,0.001
bdl_4023,Q3_5,3,1500,ATL,False,5,1,0.63,0.804,0.034
bdl_4023,Q3_2.5,3,1650,ATL,False,4,1,0.55,0.782,0.438
bdl_4023,Q3_END,3,1800,ATL,False,6,1,0.55,0.872,0.995
bdl_4023,Q4_7.5,4,1950,ATL,False,11,1,0.7,0.984,1.0
bdl_4023,Q4_5,4,2100,ATL,False,13,1,0.85,0.998,1.0
bdl_4023,Q4_2.5,4,2250,ATL,False,11,1,0.85,1.0,1.0
bdl_4024,Q2_7.5,2,750,SEA,False,11,1,0.83,0.997,0.997
bdl_4024,Q2_5,2,900,SEA,False,13,1,0.73,1.0,1.0
bdl_4024,Q2_2.5,2,1050,SEA,False,15,1,0.83,1.0,0.991
bdl_4024,Q2_END,2,1200,SEA,False,11,1,0.83,0.979,0.041
bdl_4024,Q3_7.5,3,1350,SEA,False,17,1,0.83,0.998,1.0
bdl_4024,Q3_5,3,1500,SEA,False,23,1,0.9,1.0,1.0
bdl_4024,Q3_2.5,3,1650,SEA,False,30,1,0.9,1.0,1.0
bdl_4024,Q3_END,3,1800,SEA,False,29,1,0.9,1.0,0.999
bdl_4024,Q4_7.5,4,1950,SEA,False,28,1,0.9,1.0,1.0
bdl_4024,Q4_5,4,2100,SEA,False,23,1,0.9,1.0,0.948
bdl_4024,Q4_2.5,4,2250,SEA,False,16,1,0.9,1.0,1.0
bdl_4025,Q2_7.5,2,750,DAL,True,21,1,0.8,1.0,1.0
bdl_4025,Q2_5,2,900,DAL,True,25,1,0.9,1.0,1.0
bdl_4025,Q2_2.5,2,1050,DAL,True,25,1,0.9,1.0,0.978
bdl_4025,Q2_END,2,1200,DAL,True,27,1,0.9,1.0,1.0
bdl_4025,Q3_7.5,3,1350,DAL,True,26,1,0.9,1.0,0.974
bdl_4025,Q3_5,3,1500,DAL,True,24,1,0.9,1.0,0.87
bdl_4025,Q3_2.5,3,1650,DAL,True,23,1,0.9,1.0,1.0
bdl_4025,Q3_END,3,1800,DAL,True,23,1,0.9,1.0,0.999
bdl_4025,Q4_7.5,4,1950,DAL,True,20,1,0.9,1.0,0.986
bdl_4025,Q4_5,4,2100,DAL,True,14,1,0.9,0.999,0.57
bdl_4025,Q4_2.5,4,2250,DAL,True,9,1,0.9,0.996,0.931
bdl_4026,Q2_7.5,2,750,GS,False,3,1,0.75,0.785,0.785
bdl_4026,Q2_5,2,900,GS,False,2,1,0.57,0.663,0.229
bdl_4026,Q2_2.5,2,1050,GS,False,2,1,0.57,0.748,0.995
bdl_4026,Q2_END,2,1200,GS,False,0,1,0.57,0.479,0.0
bdl_4026,Q3_7.5,3,1350,GS,False,4,1,0.63,0.805,0.9765
bdl_4026,Q3_5,3,1500,GS,False,0,1,0.63,0.567,0.006
bdl_4026,Q3_2.5,3,1650,GS,False,10,1,0.75,0.955,1.0
bdl_4026,Q3_END,3,1800,GS,False,13,1,0.75,0.99,0.982
bdl_4026,Q4_7.5,4,1950,GS,False,5,1,0.75,0.876,0.001
bdl_4026,Q4_5,4,2100,GS,False,4,1,0.75,0.823,0.7045
bdl_4026,Q4_2.5,4,2250,GS,False,0,1,0.75,0.594,0.15
bdl_4027,Q2_7.5,2,750,WSH,True,6,1,0.88,0.941,0.941
bdl_4027,Q2_5,2,900,WSH,True,5,1,0.75,0.84,0.334
bdl_4027,Q2_2.5,2,1050,WSH,True,3,1,0.75,0.74,0.088
bdl_4027,Q2_END,2,1200,WSH,True,8,1,0.9,0.958,1.0
bdl_4027,Q3_7.5,3,1350,WSH,True,6,1,0.9,0.911,0.7615
bdl_4027,Q3_5,3,1500,WSH,True,7,1,0.83,0.901,0.552
bdl_4027,Q3_2.5,3,1650,WSH,True,18,1,0.9,1.0,1.0
bdl_4027,Q3_END,3,1800,WSH,True,11,1,0.9,0.977,0.012
bdl_4027,Q4_7.5,4,1950,WSH,True,11,1,0.9,0.975,1.0
bdl_4027,Q4_5,4,2100,WSH,True,10,1,0.9,0.99,0.715
bdl_4027,Q4_2.5,4,2250,WSH,True,11,1,0.9,0.999,1.0
bdl_4028,Q2_7.5,2,750,LV,False,11,1,0.85,0.997,0.997
bdl_4028,Q2_5,2,900,LV,False,13,1,0.95,0.996,1.0
bdl_4028,Q2_2.5,2,1050,LV,False,10,1,0.85,0.995,0.532
bdl_4028,Q2_END,2,1200,LV,False,14,1,0.9,0.996,0.9955
bdl_4028,Q3_7.5,3,1350,LV,False,17,1,0.95,1.0,1.0
bdl_4028,Q3_5,3,1500,LV,False,14,1,0.9,0.994,0.38
bdl_4028,Q3_2.5,3,1650,LV,False,18,1,0.85,0.998,1.0
bdl_4028,Q3_END,3,1800,LV,False,17,1,0.85,1.0,0.976
bdl_4028,Q4_7.5,4,1950,LV,False,19,1,0.85,1.0,1.0
bdl_4028,Q4_5,4,2100,LV,False,16,1,0.85,1.0,0.999
bdl_4028,Q4_2.5,4,2250,LV,False,20,1,0.9,1.0,1.0
bdl_4029,Q2_7.5,2,750,PHX,False,6,0,0.85,0.961,0.961
bdl_4029,Q2_5,2,900,IND,True,0,1,0.53,0.507,0.507
bdl_4029,Q2_2.5,2,1050,IND,True,2,1,0.63,0.64,0.95
bdl_4029,Q2_END,2,1200,IND,True,5,1,0.83,0.851,1.0
bdl_4029,Q3_7.5,3,1350,IND,True,4,1,0.73,0.804,0.121
bdl_4029,Q3_5,3,1500,IND,True,5,1,0.73,0.791,0.427
bdl_4029,Q3_2.5,3,1650,IND,True,6,1,0.63,0.841,0.956
bdl_4029,Q3_END,3,1800,IND,True,2,1,0.73,0.594,0.0
bdl_4029,Q4_7.5,4,1950,IND,True,5,1,0.83,0.781,0.995
bdl_4029,Q4_5,4,2100,IND,True,8,1,0.83,0.975,0.987
bdl_4029,Q4_2.5,4,2250,IND,True,6,1,0.83,0.957,0.989
bdl_4030,Q2_7.5,2,750,DAL,True,-2,0,0.53,0.302,0.302
bdl_4030,Q2_5,2,900,ATL,False,3,1,0.53,0.784,0.784
bdl_4030,Q2_2.5,2,1050,ATL,False,1,1,0.57,0.645,0.5245
bdl_4030,Q2_END,2,1200,ATL,False,4,1,0.83,0.791,0.864
bdl_4030,Q3_7.5,3,1350,ATL,False,3,1,0.83,0.73,0.333
bdl_4030,Q3_5,3,1500,ATL,False,5,1,0.9,0.783,0.987
bdl_4030,Q3_2.5,3,1650,ATL,False,0,1,0.83,0.546,0.0235
bdl_4030,Q3_END,3,1800,ATL,False,-2,1,0.55,0.398,0.003
bdl_4030,Q4_7.5,4,1950,ATL,False,8,1,0.7,0.941,1.0
bdl_4030,Q4_5,4,2100,ATL,False,3,1,0.7,0.708,0.417
bdl_4030,Q4_2.5,4,2250,ATL,False,1,1,0.55,0.629,0.317
bdl_4031,Q2_7.5,2,750,MIN,True,2,1,0.57,0.699,0.699
bdl_4031,Q2_5,2,900,MIN,True,2,1,0.53,0.5095,0.013
bdl_4031,Q2_2.5,2,1050,MIN,True,4,1,0.68,0.738,0.999
bdl_4031,Q2_END,2,1200,MIN,True,9,1,0.87,0.96,1.0
bdl_4031,Q3_7.5,3,1350,MIN,True,7,1,0.87,0.925,0.778
bdl_4031,Q3_5,3,1500,MIN,True,10,1,0.87,0.951,0.9595
bdl_4031,Q3_2.5,3,1650,MIN,True,13,1,0.93,0.99,0.999
bdl_4031,Q3_END,3,1800,MIN,True,6,1,0.93,0.883,0.0
bdl_4031,Q4_7.5,4,1950,MIN,True,11,1,0.93,0.984,1.0
bdl_4031,Q4_5,4,2100,MIN,True,15,1,0.9,1.0,1.0
bdl_4031,Q4_2.5,4,2250,MIN,True,12,1,0.9,1.0,0.987
bdl_4032,Q2_7.5,2,750,GS,False,13,1,0.93,1.0,1.0
bdl_4032,Q2_5,2,900,GS,False,15,1,0.85,0.999,0.626
bdl_4032,Q2_2.5,2,1050,GS,False,14,1,0.85,0.996,0.996
bdl_4032,Q2_END,2,1200,GS,False,12,1,0.85,0.986,0.2125
bdl_4032,Q3_7.5,3,1350,GS,False,8,1,0.8,0.945,0.0
bdl_4032,Q3_5,3,1500,GS,False,11,1,0.8,0.98,0.997
bdl_4032,Q3_2.5,3,1650,GS,False,12,1,0.85,0.987,1.0
bdl_4032,Q3_END,3,1800,GS,False,7,1,0.8,0.905,0.086
bdl_4032,Q4_7.5,4,1950,GS,False,-1,1,0.65,0.456,0.001
bdl_4032,Q4_5,4,2100,GS,False,1,1,0.85,0.58,0.418
bdl_4032,Q4_2.5,4,2250,GS,False,1,1,0.85,0.647,1.0
bdl_4033,Q2_7.5,2,750,ATL,True,8,1,0.65,0.98,0.98
bdl_4033,Q2_5,2,900,ATL,True,12,1,0.7,0.998,1.0
bdl_4033,Q2_2.5,2,1050,ATL,True,14,1,0.93,1.0,1.0
bdl_4033,Q2_END,2,1200,ATL,True,16,1,0.93,0.995,0.939
bdl_4033,Q3_7.5,3,1350,ATL,True,23,1,0.93,1.0,1.0
bdl_4033,Q3_5,3,1500,ATL,True,26,1,1,1.0,1.0
bdl_4033,Q3_2.5,3,1650,ATL,True,29,1,1,1.0,1.0
bdl_4033,Q3_END,3,1800,ATL,True,34,1,1,1.0,1.0
bdl_4033,Q4_7.5,4,1950,ATL,True,31,1,1,1.0,1.0
bdl_4033,Q4_5,4,2100,ATL,True,30,1,1,1.0,1.0
bdl_4033,Q4_2.5,4,2250,ATL,True,25,1,1,1.0,1.0
bdl_4034,Q2_7.5,2,750,NY,False,1,0,0.7,0.735,0.735
bdl_4034,Q2_5,2,900,NY,False,3,0,0.85,0.743,0.65
bdl_4034,Q2_2.5,2,1050,NY,False,1,0,0.6,0.544,0.081
bdl_4034,Q2_END,2,1200,CON,True,7,1,0.68,0.868,0.868
bdl_4034,Q3_7.5,3,1350,CON,True,8,1,0.68,0.93,1.0
bdl_4034,Q3_5,3,1500,CON,True,7,1,0.68,0.898,0.554
bdl_4034,Q3_2.5,3,1650,CON,True,7,1,0.75,0.932,0.981
bdl_4034,Q3_END,3,1800,CON,True,9,1,0.75,0.961,0.954
bdl_4034,Q4_7.5,4,1950,CON,True,12,1,0.8,0.99,1.0
bdl_4034,Q4_5,4,2100,CON,True,7,1,0.57,0.947,0.725
bdl_4034,Q4_2.5,4,2250,CON,True,12,1,0.57,1.0,1.0
bdl_4035,Q2_7.5,2,750,CHI,True,1,0,0.65,0.63,0.63
bdl_4035,Q2_5,2,900,CHI,True,-3,0,0.65,0.227,0.0
bdl_4035,Q2_2.5,2,1050,CHI,True,1,0,0.83,0.591,1.0
bdl_4035,Q2_END,2,1200,CHI,True,0,0,0.83,0.512,0.176
bdl_4035,Q3_7.5,3,1350,CHI,True,2,0,0.87,0.65,1.0
bdl_4035,Q3_5,3,1500,CHI,True,3,0,0.83,0.738,0.9875
bdl_4035,Q3_2.5,3,1650,CHI,True,5,0,0.83,0.832,0.764
bdl_4035,Q3_END,3,1800,CHI,True,2,0,0.75,0.609,0.107
bdl_4035,Q4_7.5,4,1950,CHI,True,0,0,0.75,0.481,0.046
bdl_4035,Q4_5,4,2100,GS,False,8,1,0.5,0.968,0.968
bdl_4035,Q4_2.5,4,2250,CHI,True,-1,0,0.55,0.409,0.409
bdl_4036,Q2_7.5,2,750,IND,False,-2,1,0.7,0.277,0.277
bdl_4036,Q2_5,2,900,IND,False,1,1,0.7,0.679,1.0
bdl_4036,Q2_2.5,2,1050,IND,False,8,1,0.83,0.941,0.989
bdl_4036,Q2_END,2,1200,IND,False,6,1,0.83,0.885,0.918
bdl_4036,Q3_7.5,3,1350,IND,False,9,1,0.83,0.946,1.0
bdl_4036,Q3_5,3,1500,IND,False,9,1,0.83,0.956,0.875
bdl_4036,Q3_2.5,3,1650,IND,False,8,1,0.83,0.959,0.968
bdl_4036,Q3_END,3,1800,IND,False,13,1,0.83,0.997,1.0
bdl_4036,Q4_7.5,4,1950,IND,False,9,1,0.83,0.972,0.604
bdl_4036,Q4_5,4,2100,IND,False,8,1,0.83,0.973,0.576
bdl_4036,Q4_2.5,4,2250,IND,False,9,1,0.83,0.999,1.0
bdl_4037,Q2_7.5,2,750,SEA,True,3,0,0.58,0.781,0.781
bdl_4037,Q2_5,2,900,SEA,True,6,0,0.65,0.946,1.0
bdl_4037,Q2_2.5,2,1050,SEA,True,4,0,0.65,0.901,0.634
bdl_4037,Q2_END,2,1200,SEA,True,3,0,0.65,0.756,0.011
bdl_4037,Q3_7.5,3,1350,SEA,True,3,0,0.73,0.734,0.954
bdl_4037,Q3_5,3,1500,SEA,True,7,0,0.73,0.923,1.0
bdl_4037,Q3_2.5,3,1650,SEA,True,7,0,0.78,0.904,0.76
bdl_4037,Q3_END,3,1800,SEA,True,7,0,0.78,0.897,0.879
bdl_4037,Q4_7.5,4,1950,SEA,True,-2,0,0.78,0.34,0.0
bdl_4037,Q4_5,4,2100,SEA,True,0,0,0.78,0.539,0.83
bdl_4037,Q4_2.5,4,2250,SEA,True,-2,0,0.7,0.263,0.207
bdl_4038,Q2_7.5,2,750,MIN,False,22,1,1,1.0,1.0
bdl_4038,Q2_5,2,900,MIN,False,25,1,1,1.0,1.0
bdl_4038,Q2_2.5,2,1050,MIN,False,26,1,1,1.0,0.809
bdl_4038,Q2_END,2,1200,MIN,False,34,1,1,1.0,1.0
bdl_4038,Q3_7.5,3,1350,MIN,False,35,1,1,1.0,0.999
bdl_4038,Q3_5,3,1500,MIN,False,33,1,1,1.0,0.94
bdl_4038,Q3_2.5,3,1650,MIN,False,38,1,1,1.0,1.0
bdl_4038,Q3_END,3,1800,MIN,False,43,1,1,1.0,1.0
bdl_4038,Q4_7.5,4,1950,MIN,False,42,1,1,1.0,1.0
bdl_4038,Q4_5,4,2100,MIN,False,46,1,1,1.0,1.0
bdl_4038,Q4_2.5,4,2250,MIN,False,48,1,1,1.0,1.0
bdl_4039,Q2_7.5,2,750,NY,False,4,1,0.73,0.891,0.891
bdl_4039,Q2_5,2,900,NY,False,3,1,0.78,0.776,0.257
bdl_4039,Q2_2.5,2,1050,NY,False,3,1,0.78,0.756,0.62
bdl_4039,Q2_END,2,1200,NY,False,7,1,0.88,0.919,1.0
bdl_4039,Q3_7.5,3,1350,NY,False,8,1,1,0.915,0.942
bdl_4039,Q3_5,3,1500,NY,False,9,1,1,0.942,0.984
bdl_4039,Q3_2.5,3,1650,NY,False,9,1,1,0.962,0.946
bdl_4039,Q3_END,3,1800,NY,False,9,1,0.93,0.968,0.945
bdl_4039,Q4_7.5,4,1950,NY,False,15,1,0.93,0.997,1.0
bdl_4039,Q4_5,4,2100,NY,False,10,1,0.93,0.984,0.729
bdl_4039,Q4_2.5,4,2250,NY,False,16,1,1,1.0,1.0
bdl_4040,Q2_7.5,2,750,WSH,False,11,0,0.88,1.0,1.0
bdl_4040,Q2_5,2,900,WSH,False,12,0,0.88,0.997,0.948
bdl_4040,Q2_2.5,2,1050,WSH,False,7,0,0.78,0.939,0.0
bdl_4040,Q2_END,2,1200,WSH,False,-1,0,0.7,0.386,0.0
bdl_4040,Q3_7.5,3,1350,WSH,False,-1,0,0.65,0.378,0.042
bdl_4040,Q3_5,3,1500,WSH,False,-4,0,0.55,0.223,0.103
bdl_4040,Q3_2.5,3,1650,ATL,True,13,1,0.87,0.994,0.994
bdl_4040,Q3_END,3,1800,ATL,True,11,1,0.87,0.982,0.689
bdl_4040,Q4_7.5,4,1950,ATL,True,16,1,0.87,0.999,1.0
bdl_4040,Q4_5,4,2100,ATL,True,15,1,0.87,1.0,0.996
bdl_4040,Q4_2.5,4,2250,ATL,True,17,1,0.87,1.0,1.0
bdl_4041,Q2_7.5,2,750,IND,False,0,1,0.57,0.699,0.699
bdl_4041,Q2_5,2,900,IND,False,6,1,0.63,0.917,1.0
bdl_4041,Q2_2.5,2,1050,IND,False,4,1,0.63,0.821,0.052
bdl_4041,Q2_END,2,1200,IND,False,8,1,0.83,0.963,1.0
bdl_4041,Q3_7.5,3,1350,IND,False,8,1,0.85,0.937,0.767
bdl_4041,Q3_5,3,1500,IND,False,13,1,0.88,0.992,1.0
bdl_4041,Q3_2.5,3,1650,IND,False,9,1,0.93,0.966,0.033
bdl_4041,Q3_END,3,1800,IND,False,4,1,0.8,0.784,0.0
bdl_4041,Q4_7.5,4,1950,IND,False,10,1,0.93,0.976,1.0
bdl_4041,Q4_5,4,2100,IND,False,10,1,0.93,0.985,1.0
bdl_4041,Q4_2.5,4,2250,IND,False,4,1,0.68,0.868,0.223
bdl_4042,Q2_7.5,2,750,CHI,True,4,0,0.83,0.958,0.958
bdl_4042,Q2_5,2,900,CHI,True,-1,0,0.83,0.398,0.0
bdl_4042,Q2_2.5,2,1050,PHX,False,4,1,0.53,0.813,0.813
bdl_4042,Q2_END,2,1200,PHX,False,8,1,0.68,0.965,1.0
bdl_4042,Q3_7.5,3,1350,PHX,False,11,1,0.68,0.988,1.0
bdl_4042,Q3_5,3,1500,PHX,False,20,1,0.9,1.0,1.0
bdl_4042,Q3_2.5,3,1650,PHX,False,22,1,0.9,1.0,1.0
bdl_4042,Q3_END,3,1800,PHX,False,18,1,0.9,1.0,0.996
bdl_4042,Q4_7.5,4,1950,PHX,False,21,1,0.9,1.0,0.999
bdl_4042,Q4_5,4,2100,PHX,False,23,1,0.8,1.0,1.0
bdl_4042,Q4_2.5,4,2250,PHX,False,23,1,0.9,1.0,1.0
bdl_4043,Q2_7.5,2,750,LV,True,19,1,0.88,1.0,1.0
bdl_4043,Q2_5,2,900,LV,True,17,1,0.88,1.0,0.0
bdl_4043,Q2_2.5,2,1050,LV,True,21,1,0.88,1.0,1.0
bdl_4043,Q2_END,2,1200,LV,True,25,1,0.88,1.0,1.0
bdl_4043,Q3_7.5,3,1350,LV,True,24,1,0.88,1.0,0.999
bdl_4043,Q3_5,3,1500,LV,True,21,1,0.93,1.0,0.565
bdl_4043,Q3_2.5,3,1650,LV,True,24,1,0.93,1.0,1.0
bdl_4043,Q3_END,3,1800,LV,True,26,1,0.93,1.0,0.996
bdl_4043,Q4_7.5,4,1950,LV,True,22,1,0.93,1.0,0.908
bdl_4043,Q4_5,4,2100,LV,True,25,1,0.93,1.0,1.0
bdl_4043,Q4_2.5,4,2250,LV,True,23,1,0.93,1.0,1.0
bdl_4044,Q2_7.5,2,750,NY,True,10,1,0.95,0.999,0.999
bdl_4044,Q2_5,2,900,NY,True,7,1,0.95,0.952,0.035
bdl_4044,Q2_2.5,2,1050,NY,True,2,1,0.83,0.708,0.0
bdl_4044,Q2_END,2,1200,NY,True,2,1,0.83,0.682,0.558
bdl_4044,Q3_7.5,3,1350,NY,True,1,1,0.68,0.466,0.0035
bdl_4044,Q3_5,3,1500,NY,True,5,1,0.88,0.835,1.0
bdl_4044,Q3_2.5,3,1650,NY,True,9,1,0.88,0.95,1.0
bdl_4044,Q3_END,3,1800,NY,True,7,1,0.73,0.889,0.417
bdl_4044,Q4_7.5,4,1950,NY,True,13,1,0.73,0.995,1.0
bdl_4044,Q4_5,4,2100,NY,True,13,1,0.83,1.0,1.0
bdl_4044,Q4_2.5,4,2250,NY,True,13,1,0.83,1.0,1.0
bdl_4045,Q2_7.5,2,750,CHI,True,10,1,0.73,1.0,1.0
bdl_4045,Q2_5,2,900,CHI,True,11,1,0.9,0.999,0.9855
bdl_4045,Q2_2.5,2,1050,CHI,True,11,1,0.85,0.996,0.934
bdl_4045,Q2_END,2,1200,CHI,True,5,1,0.75,0.872,0.0
bdl_4045,Q3_7.5,3,1350,CHI,True,10,1,0.75,0.987,1.0
bdl_4045,Q3_5,3,1500,CHI,True,14,1,0.75,0.997,0.999
bdl_4045,Q3_2.5,3,1650,CHI,True,12,1,0.75,0.993,0.6105
bdl_4045,Q3_END,3,1800,CHI,True,15,1,0.75,0.998,1.0
bdl_4045,Q4_7.5,4,1950,CHI,True,17,1,0.75,1.0,1.0
bdl_4045,Q4_5,4,2100,CHI,True,17,1,0.75,1.0,1.0
bdl_4045,Q4_2.5,4,2250,CHI,True,14,1,0.75,1.0,1.0
bdl_4046,Q2_7.5,2,750,LA,True,0,1,0.65,0.391,0.391
bdl_4046,Q2_5,2,900,LA,True,6,1,0.65,0.828,1.0
bdl_4046,Q2_2.5,2,1050,LA,True,8,1,0.78,0.933,1.0
bdl_4046,Q2_END,2,1200,LA,True,11,1,1,0.971,1.0
bdl_4046,Q3_7.5,3,1350,LA,True,10,1,1,0.964,0.631
bdl_4046,Q3_5,3,1500,LA,True,9,1,0.83,0.947,0.56
bdl_4046,Q3_2.5,3,1650,LA,True,8,1,0.78,0.933,0.681
bdl_4046,Q3_END,3,1800,LA,True,12,1,0.83,0.978,1.0
bdl_4046,Q4_7.5,4,1950,LA,True,17,1,0.85,0.998,1.0
bdl_4046,Q4_5,4,2100,LA,True,17,1,1,1.0,1.0
bdl_4046,Q4_2.5,4,2250,LA,True,9,1,0.93,0.997,0.286
bdl_4047,Q2_7.5,2,750,PHX,True,16,1,0.85,1.0,1.0
bdl_4047,Q2_5,2,900,PHX,True,11,1,0.85,0.997,0.0
bdl_4047,Q2_2.5,2,1050,PHX,True,9,1,1,0.987,0.885
bdl_4047,Q2_END,2,1200,PHX,True,16,1,1,1.0,1.0
bdl_4047,Q3_7.5,3,1350,PHX,True,23,1,1,1.0,1.0
bdl_4047,Q3_5,3,1500,PHX,True,25,1,1,1.0,1.0
bdl_4047,Q3_2.5,3,1650,PHX,True,20,1,0.95,1.0,0.281
bdl_4047,Q3_END,3,1800,PHX,True,16,1,0.95,0.999,0.525
bdl_4047,Q4_7.5,4,1950,PHX,True,14,1,0.85,0.992,0.9535
bdl_4047,Q4_5,4,2100,PHX,True,19,1,0.85,1.0,1.0
bdl_4047,Q4_2.5,4,2250,PHX,True,17,1,0.85,1.0,1.0
bdl_4048,Q2_7.5,2,750,SEA,True,0,0,0.55,0.537,0.537
bdl_4048,Q2_5,2,900,SEA,True,1,0,0.55,0.579,0.939
bdl_4048,Q2_2.5,2,1050,SEA,True,3,0,0.5,0.671,0.212
bdl_4048,Q2_END,2,1200,SEA,True,8,0,0.8,0.931,1.0
bdl_4048,Q3_7.5,3,1350,SEA,True,1,0,0.55,0.552,0.0
bdl_4048,Q3_5,3,1500,MIN,False,2,1,0.73,0.717,0.717
bdl_4048,Q3_2.5,3,1650,MIN,False,3,1,0.57,0.685,0.028
bdl_4048,Q3_END,3,1800,MIN,False,-1,1,0.57,0.376,0.222
bdl_4048,Q4_7.5,4,1950,MIN,False,2,1,0.57,0.619,0.9575
bdl_4048,Q4_5,4,2100,MIN,False,2,1,0.57,0.723,0.696
bdl_4048,Q4_2.5,4,2250,MIN,False,7,1,0.73,0.989,1.0
bdl_4049,Q2_7.5,2,750,GS,True,5,0,0.68,0.913,0.913
bdl_4049,Q2_5,2,900,LV,False,-2,1,0.55,0.333,0.333
bdl_4049,Q2_2.5,2,1050,LV,False,2,1,0.55,0.594,0.992
bdl_4049,Q2_END,2,1200,LV,False,5,1,0.55,0.878,1.0
bdl_4049,Q3_7.5,3,1350,LV,False,3,1,0.63,0.797,0.89
bdl_4049,Q3_5,3,1500,LV,False,0,1,0.63,0.502,0.0
bdl_4049,Q3_2.5,3,1650,LV,False,8,1,0.68,0.955,1.0
bdl_4049,Q3_END,3,1800,LV,False,10,1,0.68,0.98,1.0
bdl_4049,Q4_7.5,4,1950,LV,False,6,1,0.63,0.854,0.042
bdl_4049,Q4_5,4,2100,LV,False,6,1,0.63,0.903,0.982
bdl_4049,Q4_2.5,4,2250,LV,False,8,1,0.73,0.995,1.0
bdl_4050,Q2_7.5,2,750,CHI,True,2,0,0.78,0.705,0.705
bdl_4050,Q2_5,2,900,CHI,True,6,0,0.83,0.947,1.0
bdl_4050,Q2_2.5,2,1050,CHI,True,6,0,0.78,0.903,0.81
bdl_4050,Q2_END,2,1200,CHI,True,6,0,0.78,0.892,0.714
bdl_4050,Q3_7.5,3,1350,CHI,True,-4,0,0.7,0.229,0.0
bdl_4050,Q3_5,3,1500,CHI,True,-5,0,0.65,0.169,0.075
bdl_4050,Q3_2.5,3,1650,CHI,True,-5,0,0.65,0.192,0.176
bdl_4050,Q3_END,3,1800,CHI,True,-8,0,0.65,0.052,0.002
bdl_4050,Q4_7.5,4,1950,CHI,True,-5,0,0.65,0.166,0.742
bdl_4050,Q4_5,4,2100,ATL,False,14,1,0.78,1.0,1.0
bdl_4050,Q4_2.5,4,2250,ATL,False,16,1,0.85,1.0,1.0
bdl_4051,Q2_7.5,2,750,CON,False,8,0,0.9,0.976,0.976
bdl_4051,Q2_5,2,900,CON,False,12,0,0.9,0.996,1.0
bdl_4051,Q2_2.5,2,1050,CON,False,3,0,0.75,0.775,0.0
bdl_4051,Q2_END,2,1200,CON,False,2,0,0.55,0.619,0.2755
bdl_4051,Q3_7.5,3,1350,CON,False,6,0,0.85,0.903,1.0
bdl_4051,Q3_5,3,1500,CON,False,-1,0,0.55,0.466,0.0
bdl_4051,Q3_2.5,3,1650,LA,True,5,1,0.55,0.82,0.82
bdl_4051,Q3_END,3,1800,CON,False,-5,0,0.55,0.205,0.205
bdl_4051,Q4_7.5,4,1950,CON,False,-3,0,0.55,0.265,0.3335
bdl_4051,Q4_5,4,2100,CON,False,-8,0,0.55,0.05,0.001
bdl_4051,Q4_2.5,4,2250,LA,True,10,1,0.58,0.998,0.998
bdl_4052,Q2_7.5,2,750,PHX,True,10,1,0.9,0.994,0.994
bdl_4052,Q2_5,2,900,PHX,True,5,1,0.6,0.879,0.0015
bdl_4052,Q2_2.5,2,1050,PHX,True,12,1,0.8,0.993,1.0
bdl_4052,Q2_END,2,1200,PHX,True,11,1,0.8,0.986,0.995
bdl_4052,Q3_7.5,3,1350,PHX,True,15,1,0.8,0.999,0.993
bdl_4052,Q3_5,3,1500,PHX,True,13,1,0.65,0.993,0.505
bdl_4052,Q3_2.5,3,1650,PHX,True,23,1,0.73,1.0,1.0
bdl_4052,Q3_END,3,1800,PHX,True,26,1,0.9,1.0,1.0
bdl_4052,Q4_7.5,4,1950,PHX,True,24,1,0.83,1.0,1.0
bdl_4052,Q4_5,4,2100,PHX,True,27,1,1,1.0,1.0
bdl_4052,Q4_2.5,4,2250,PHX,True,33,1,0.93,1.0,1.0
bdl_4053,Q2_7.5,2,750,NY,False,18,1,0.95,1.0,1.0
bdl_4053,Q2_5,2,900,NY,False,19,1,0.95,1.0,1.0
bdl_4053,Q2_2.5,2,1050,NY,False,16,1,0.95,1.0,0.01
bdl_4053,Q2_END,2,1200,NY,False,16,1,0.9,1.0,0.9795
bdl_4053,Q3_7.5,3,1350,NY,False,12,1,0.9,0.993,0.397
bdl_4053,Q3_5,3,1500,NY,False,11,1,0.9,0.993,0.143
bdl_4053,Q3_2.5,3,1650,NY,False,7,1,0.9,0.908,0.069
bdl_4053,Q3_END,3,1800,NY,False,7,1,0.9,0.917,0.791
bdl_4053,Q4_7.5,4,1950,NY,False,11,1,0.9,0.992,1.0
bdl_4053,Q4_5,4,2100,NY,False,14,1,0.8,1.0,1.0
bdl_4053,Q4_2.5,4,2250,NY,False,9,1,0.8,1.0,0.836
bdl_4054,Q2_7.5,2,750,WSH,False,5,0,0.85,0.795,0.795
bdl_4054,Q2_5,2,900,WSH,False,5,0,0.75,0.88,0.998
bdl_4054,Q2_2.5,2,1050,WSH,False,4,0,0.75,0.696,0.001
bdl_4054,Q2_END,2,1200,WSH,False,-3,0,0.75,0.344,0.02
bdl_4054,Q3_7.5,3,1350,WSH,False,3,0,0.75,0.733,1.0
bdl_4054,Q3_5,3,1500,WSH,False,1,0,0.75,0.513,0.0
bdl_4054,Q3_2.5,3,1650,WSH,False,2,0,0.75,0.612,0.99
bdl_4054,Q3_END,3,1800,WSH,False,-3,0,0.75,0.223,0.0
bdl_4054,Q4_7.5,4,1950,WSH,False,2,0,0.75,0.657,0.9995
bdl_4054,Q4_5,4,2100,WSH,False,-1,0,0.75,0.437,0.076
bdl_4054,Q4_2.5,4,2250,WSH,False,-4,0,0.68,0.11,0.087
bdl_4055,Q2_7.5,2,750,LV,True,2,1,0.7,0.584,0.584
bdl_4055,Q2_5,2,900,LV,True,5,1,0.85,0.88,1.0
bdl_4055,Q2_2.5,2,1050,LV,True,9,1,0.93,0.974,1.0
bdl_4055,Q2_END,2,1200,LV,True,11,1,0.93,0.98,0.998
bdl_4055,Q3_7.5,3,1350,LV,True,14,1,0.85,0.995,0.984
bdl_4055,Q3_5,3,1500,LV,True,15,1,0.93,0.997,1.0
bdl_4055,Q3_2.5,3,1650,LV,True,14,1,0.93,0.997,0.832
bdl_4055,Q3_END,3,1800,LV,True,8,1,0.85,0.933,0.01
bdl_4055,Q4_7.5,4,1950,LV,True,3,1,0.65,0.745,0.004
bdl_4055,Q4_5,4,2100,LV,True,5,1,0.7,0.804,0.804
bdl_4055,Q4_2.5,4,2250,LV,True,5,1,0.7,0.952,1.0
bdl_4056,Q2_7.5,2,750,IND,True,6,1,0.8,0.931,0.931
bdl_4056,Q2_5,2,900,IND,True,6,1,0.65,0.901,0.689
bdl_4056,Q2_2.5,2,1050,IND,True,4,1,0.8,0.922,0.879
bdl_4056,Q2_END,2,1200,IND,True,11,1,0.95,0.98,1.0
bdl_4056,Q3_7.5,3,1350,IND,True,17,1,0.95,1.0,1.0
bdl_4056,Q3_5,3,1500,IND,True,16,1,0.9,0.995,0.025
bdl_4056,Q3_2.5,3,1650,IND,True,15,1,0.9,0.997,0.9985
bdl_4056,Q3_END,3,1800,IND,True,20,1,0.95,1.0,1.0
bdl_4056,Q4_7.5,4,1950,IND,True,25,1,0.95,1.0,1.0
bdl_4056,Q4_5,4,2100,IND,True,20,1,0.9,1.0,0.9785
bdl_4056,Q4_2.5,4,2250,IND,True,20,1,0.9,1.0,1.0
bdl_4057,Q2_7.5,2,750,GS,True,4,1,0.75,0.867,0.867
bdl_4057,Q2_5,2,900,GS,True,7,1,0.8,0.961,0.997
bdl_4057,Q2_2.5,2,1050,GS,True,10,1,0.88,0.974,1.0
bdl_4057,Q2_END,2,1200,GS,True,10,1,0.88,0.974,0.9105
bdl_4057,Q3_7.5,3,1350,GS,True,6,1,0.8,0.872,0.002
bdl_4057,Q3_5,3,1500,GS,True,5,1,0.8,0.848,0.437
bdl_4057,Q3_2.5,3,1650,GS,True,10,1,0.75,0.959,1.0
bdl_4057,Q3_END,3,1800,GS,True,8,1,0.8,0.953,0.559
bdl_4057,Q4_7.5,4,1950,GS,True,9,1,0.8,0.946,0.8755
bdl_4057,Q4_5,4,2100,GS,True,15,1,0.85,1.0,1.0
bdl_4057,Q4_2.5,4,2250,GS,True,19,1,0.85,1.0,1.0
bdl_4058,Q2_7.5,2,750,MIN,False,-4,1,0.6,0.125,0.125
bdl_4058,Q2_5,2,900,MIN,False,-4,1,0.75,0.152,0.384
bdl_4058,Q2_2.5,2,1050,MIN,False,0,1,0.83,0.496,1.0
bdl_4058,Q2_END,2,1200,MIN,False,-2,1,0.75,0.367,0.0095
bdl_4058,Q3_7.5,3,1350,NY,True,4,0,0.8,0.843,0.843
bdl_4058,Q3_5,3,1500,NY,True,2,0,0.73,0.691,0.109
bdl_4058,Q3_2.5,3,1650,MIN,False,2,1,0.63,0.609,0.609
bdl_4058,Q3_END,3,1800,MIN,False,9,1,0.83,0.94,1.0
bdl_4058,Q4_7.5,4,1950,MIN,False,15,1,0.95,0.999,1.0
bdl_4058,Q4_5,4,2100,MIN,False,13,1,0.9,1.0,0.993
bdl_4058,Q4_2.5,4,2250,MIN,False,14,1,0.95,1.0,1.0
bdl_4059,Q2_7.5,2,750,DAL,True,6,0,0.9,0.932,0.932
bdl_4059,Q2_5,2,900,DAL,True,1,0,0.9,0.695,0.0
bdl_4059,Q2_2.5,2,1050,DAL,True,8,0,0.95,0.951,1.0
bdl_4059,Q2_END,2,1200,DAL,True,11,0,0.95,0.994,1.0
bdl_4059,Q3_7.5,3,1350,DAL,True,3,0,0.75,0.703,0.0
bdl_4059,Q3_5,3,1500,DAL,True,0,0,0.6,0.449,0.0
bdl_4059,Q3_2.5,3,1650,DAL,True,0,0,0.6,0.487,0.875
bdl_4059,Q3_END,3,1800,DAL,True,-5,0,0.53,0.161,0.0
bdl_4059,Q4_7.5,4,1950,WSH,False,7,1,0.55,0.944,0.944
bdl_4059,Q4_5,4,2100,WSH,False,10,1,0.63,0.986,0.998
bdl_4059,Q4_2.5,4,2250,WSH,False,14,1,0.78,1.0,1.0
bdl_4060,Q2_7.5,2,750,ATL,False,11,1,0.88,0.998,0.998
bdl_4060,Q2_5,2,900,ATL,False,14,1,0.95,0.999,1.0
bdl_4060,Q2_2.5,2,1050,ATL,False,12,1,0.9,0.994,0.295
bdl_4060,Q2_END,2,1200,ATL,False,5,1,0.9,0.825,0.0
bdl_4060,Q3_7.5,3,1350,ATL,False,0,1,0.75,0.433,0.0
bdl_4060,Q3_5,3,1500,ATL,False,1,1,0.68,0.614,0.871
bdl_4060,Q3_2.5,3,1650,ATL,False,3,1,0.75,0.71,0.955
bdl_4060,Q3_END,3,1800,ATL,False,3,1,0.8,0.74,0.72
bdl_4060,Q4_7.5,4,1950,ATL,False,6,1,0.9,0.874,1.0
bdl_4060,Q4_5,4,2100,ATL,False,4,1,0.65,0.777,0.003
bdl_4060,Q4_2.5,4,2250,ATL,False,4,1,0.8,0.865,0.992
bdl_4061,Q2_7.5,2,750,SEA,False,8,1,0.65,0.9805,0.9805
bdl_4061,Q2_5,2,900,LA,True,0,0,0.5,0.376,0.376
bdl_4061,Q2_2.5,2,1050,LA,True,5,0,0.57,0.824,1.0
bdl_4061,Q2_END,2,1200,LA,True,1,0,0.57,0.7,0.2485
bdl_4061,Q3_7.5,3,1350,LA,True,6,0,0.63,0.832,0.986
bdl_4061,Q3_5,3,1500,LA,True,6,0,0.63,0.851,0.714
bdl_4061,Q3_2.5,3,1650,LA,True,0,0,0.55,0.549,0.0
bdl_4061,Q3_END,3,1800,LA,True,-1,0,0.5,0.476,0.608
bdl_4061,Q4_7.5,4,1950,LA,True,0,0,0.5,0.515,0.286
bdl_4061,Q4_5,4,2100,LA,True,0,0,0.55,0.435,0.4985
bdl_4061,Q4_2.5,4,2250,LA,True,-5,0,0.55,0.063,0.0
bdl_4062,Q2_7.5,2,750,CON,False,8,0,0.68,0.959,0.959
bdl_4062,Q2_5,2,900,CON,False,10,0,0.73,0.99,1.0
bdl_4062,Q2_2.5,2,1050,CON,False,5,0,0.68,0.853,0.0
bdl_4062,Q2_END,2,1200,CON,False,0,0,0.68,0.435,0.0
bdl_4062,Q3_7.5,3,1350,CON,False,1,0,0.68,0.63,0.823
bdl_4062,Q3_5,3,1500,CON,False,-4,0,0.68,0.303,0.0
bdl_4062,Q3_2.5,3,1650,CON,False,-6,0,0.68,0.153,0.0405
bdl_4062,Q3_END,3,1800,CON,False,-8,0,0.68,0.078,0.02
bdl_4062,Q4_7.5,4,1950,CON,False,-8,0,0.68,0.063,0.086
bdl_4062,Q4_5,4,2100,CON,False,-10,0,0.68,0.015,0.001
bdl_4062,Q4_2.5,4,2250,CON,False,-9,0,0.68,0.008,0.0425
bdl_4063,Q2_7.5,2,750,GS,True,5,1,0.73,0.946,0.946
bdl_4063,Q2_5,2,900,GS,True,3,1,0.5,0.794,0.0625
bdl_4063,Q2_2.5,2,1050,GS,True,7,1,0.88,0.959,1.0
bdl_4063,Q2_END,2,1200,GS,True,6,1,0.65,0.873,0.401
bdl_4063,Q3_7.5,3,1350,GS,True,6,1,0.8,0.927,0.9995
bdl_4063,Q3_5,3,1500,GS,True,11,1,0.8,0.986,1.0
bdl_4063,Q3_2.5,3,1650,GS,True,14,1,0.75,0.997,0.848
bdl_4063,Q3_END,3,1800,GS,True,11,1,0.75,0.987,0.918
bdl_4063,Q4_7.5,4,1950,GS,True,15,1,0.75,0.997,1.0
bdl_4063,Q4_5,4,2100,GS,True,16,1,0.75,1.0,1.0
bdl_4063,Q4_2.5,4,2250,GS,True,17,1,0.75,1.0,1.0
bdl_4064,Q2_7.5,2,750,DAL,False,9,1,0.95,0.999,0.999
bdl_4064,Q2_5,2,900,DAL,False,9,1,0.75,0.985,0.041
bdl_4064,Q2_2.5,2,1050,DAL,False,6,1,0.75,0.948,0.711
bdl_4064,Q2_END,2,1200,IND,True,0,0,0.53,0.521,0.521
bdl_4064,Q3_7.5,3,1350,IND,True,4,0,0.53,0.783,1.0
bdl_4064,Q3_5,3,1500,IND,True,6,0,0.53,0.834,0.8335
bdl_4064,Q3_2.5,3,1650,DAL,False,5,1,0.73,0.791,0.791
bdl_4064,Q3_END,3,1800,DAL,False,12,1,0.95,0.974,1.0
bdl_4064,Q4_7.5,4,1950,DAL,False,12,1,0.8,0.986,0.981
bdl_4064,Q4_5,4,2100,DAL,False,12,1,0.8,0.996,0.983
bdl_4064,Q4_2.5,4,2250,DAL,False,7,1,0.7,0.966,0.794
bdl_4065,Q2_7.5,2,750,NY,False,2,1,0.75,0.666,0.666
bdl_4065,Q2_5,2,900,NY,False,3,1,0.65,0.714,0.995
bdl_4065,Q2_2.5,2,1050,NY,False,7,1,0.65,0.917,1.0
bdl_4065,Q2_END,2,1200,NY,False,6,1,0.65,0.886,0.412
bdl_4065,Q3_7.5,3,1350,NY,False,6,1,0.78,0.876,0.999
bdl_4065,Q3_5,3,1500,NY,False,6,1,0.7,0.855,0.115
bdl_4065,Q3_2.5,3,1650,NY,False,8,1,0.7,0.918,0.97
bdl_4065,Q3_END,3,1800,NY,False,6,1,0.65,0.876,0.365
bdl_4065,Q4_7.5,4,1950,NY,False,8,1,0.7,0.934,0.9895
bdl_4065,Q4_5,4,2100,NY,False,9,1,0.8,0.973,0.988
bdl_4065,Q4_2.5,4,2250,NY,False,7,1,0.8,0.978,0.968
bdl_4066,Q2_7.5,2,750,CON,True,6,1,0.83,0.952,0.952
bdl_4066,Q2_5,2,900,CHI,False,-7,0,0.53,0.072,0.072
bdl_4066,Q2_2.5,2,1050,CON,True,14,1,0.85,1.0,1.0
bdl_4066,Q2_END,2,1200,CON,True,14,1,0.9,0.999,1.0
bdl_4066,Q3_7.5,3,1350,CON,True,18,1,0.85,1.0,1.0
bdl_4066,Q3_5,3,1500,CON,True,19,1,0.85,1.0,0.9985
bdl_4066,Q3_2.5,3,1650,CON,True,16,1,0.95,1.0,0.904
bdl_4066,Q3_END,3,1800,CON,True,15,1,0.85,0.999,0.767
bdl_4066,Q4_7.5,4,1950,CON,True,10,1,0.7,0.982,0.157
bdl_4066,Q4_5,4,2100,CON,True,9,1,0.95,0.977,0.674
bdl_4066,Q4_2.5,4,2250,CON,True,5,1,0.8,0.938,0.855
bdl_4067,Q2_7.5,2,750,GS,False,25,1,0.93,1.0,1.0
bdl_4067,Q2_5,2,900,GS,False,22,1,0.93,1.0,0.177
bdl_4067,Q2_2.5,2,1050,GS,False,23,1,0.93,1.0,1.0
bdl_4067,Q2_END,2,1200,GS,False,18,1,0.88,1.0,0.002
bdl_4067,Q3_7.5,3,1350,GS,False,12,1,0.85,0.991,0.0
bdl_4067,Q3_5,3,1500,GS,False,10,1,0.85,0.977,0.908
bdl_4067,Q3_2.5,3,1650,GS,False,14,1,0.85,0.988,0.975
bdl_4067,Q3_END,3,1800,GS,False,18,1,0.93,1.0,1.0
bdl_4067,Q4_7.5,4,1950,GS,False,21,1,0.93,1.0,1.0
bdl_4067,Q4_5,4,2100,GS,False,13,1,0.85,0.998,0.209
bdl_4067,Q4_2.5,4,2250,GS,False,10,1,0.85,1.0,0.971
bdl_4068,Q2_7.5,2,750,NY,False,-1,0,0.55,0.553,0.553
bdl_4068,Q2_5,2,900,NY,False,-1,0,0.75,0.389,0.024
bdl_4068,Q2_2.5,2,1050,NY,False,4,0,0.57,0.716,0.998
bdl_4068,Q2_END,2,1200,NY,False,3,0,0.55,0.676,0.856
bdl_4068,Q3_7.5,3,1350,NY,False,1,0,0.55,0.59,0.008
bdl_4068,Q3_5,3,1500,NY,False,7,0,0.65,0.89,1.0
bdl_4068,Q3_2.5,3,1650,NY,False,3,0,0.65,0.744,0.364
bdl_4068,Q3_END,3,1800,NY,False,2,0,0.63,0.663,0.033
bdl_4068,Q4_7.5,4,1950,LV,True,1,1,0.68,0.621,0.621
bdl_4068,Q4_5,4,2100,LV,True,1,1,0.68,0.597,0.666
bdl_4068,Q4_2.5,4,2250,LV,True,4,1,0.68,0.904,0.993
bdl_4069,Q2_7.5,2,750,ATL,False,5,1,0.83,0.941,0.941
bdl_4069,Q2_5,2,900,ATL,False,6,1,0.95,0.929,0.9185
bdl_4069,Q2_2.5,2,1050,ATL,False,4,1,0.85,0.812,0.119
bdl_4069,Q2_END,2,1200,SEA,True,-2,0,0.55,0.388,0.388
bdl_4069,Q3_7.5,3,1350,ATL,False,6,1,0.7,0.896,0.896
bdl_4069,Q3_5,3,1500,ATL,False,1,1,0.65,0.552,0.0
bdl_4069,Q3_2.5,3,1650,ATL,False,5,1,0.75,0.777,0.944
bdl_4069,Q3_END,3,1800,ATL,False,14,1,0.85,0.994,1.0
bdl_4069,Q4_7.5,4,1950,ATL,False,13,1,0.93,0.995,1.0
bdl_4069,Q4_5,4,2100,ATL,False,12,1,0.85,0.999,0.509
bdl_4069,Q4_2.5,4,2250,ATL,False,10,1,0.85,0.999,1.0
bdl_4070,Q2_7.5,2,750,IND,True,8,0,0.85,1.0,1.0
bdl_4070,Q2_5,2,900,IND,True,8,0,0.85,0.986,0.006
bdl_4070,Q2_2.5,2,1050,IND,True,6,0,0.75,0.946,0.716
bdl_4070,Q2_END,2,1200,IND,True,5,0,0.6,0.868,0.0
bdl_4070,Q3_7.5,3,1350,IND,True,0,0,0.6,0.61,0.027
bdl_4070,Q3_5,3,1500,WSH,False,0,1,0.63,0.453,0.453
bdl_4070,Q3_2.5,3,1650,WSH,False,5,1,0.6,0.823,0.999
bdl_4070,Q3_END,3,1800,WSH,False,1,1,0.68,0.595,0.009
bdl_4070,Q4_7.5,4,1950,WSH,False,3,1,0.75,0.672,0.77
bdl_4070,Q4_5,4,2100,WSH,False,4,1,0.75,0.785,0.999
bdl_4070,Q4_2.5,4,2250,WSH,False,5,1,0.88,0.944,1.0
bdl_4071,Q2_7.5,2,750,GS,False,12,1,0.95,0.999,0.999
bdl_4071,Q2_5,2,900,GS,False,3,1,0.57,0.728,0.0
bdl_4071,Q2_2.5,2,1050,GS,False,5,1,0.57,0.843,0.996
bdl_4071,Q2_END,2,1200,GS,False,2,1,0.57,0.6,0.0
bdl_4071,Q3_7.5,3,1350,GS,False,7,1,0.57,0.898,1.0
bdl_4071,Q3_5,3,1500,GS,False,11,1,0.73,0.981,1.0
bdl_4071,Q3_2.5,3,1650,GS,False,12,1,0.65,0.988,0.989
bdl_4071,Q3_END,3,1800,GS,False,20,1,0.8,1.0,1.0
bdl_4071,Q4_7.5,4,1950,GS,False,24,1,0.8,1.0,1.0
bdl_4071,Q4_5,4,2100,GS,False,28,1,1,1.0,1.0
bdl_4071,Q4_2.5,4,2250,GS,False,29,1,0.95,1.0,1.0
bdl_4072,Q2_7.5,2,750,LA,False,0,1,0.95,0.638,0.638
bdl_4072,Q2_5,2,900,LA,False,2,1,0.57,0.642,0.593
bdl_4072,Q2_2.5,2,1050,LA,False,6,1,0.85,0.877,1.0
bdl_4072,Q2_END,2,1200,LA,False,3,1,0.63,0.721,0.046
bdl_4072,Q3_7.5,3,1350,LA,False,7,1,0.63,0.893,1.0
bdl_4072,Q3_5,3,1500,LA,False,5,1,0.63,0.825,0.738
bdl_4072,Q3_2.5,3,1650,LA,False,11,1,1,0.969,1.0
bdl_4072,Q3_END,3,1800,LA,False,12,1,0.7,0.981,0.969
bdl_4072,Q4_7.5,4,1950,LA,False,12,1,0.85,0.988,1.0
bdl_4072,Q4_5,4,2100,LA,False,11,1,0.7,0.996,0.931
bdl_4072,Q4_2.5,4,2250,LA,False,6,1,0.7,0.972,0.592
bdl_4073,Q2_7.5,2,750,SEA,False,1,0,0.57,0.646,0.646
bdl_4073,Q2_5,2,900,SEA,False,5,0,0.55,0.933,1.0
bdl_4073,Q2_2.5,2,1050,SEA,False,8,0,0.85,0.97,1.0
bdl_4073,Q2_END,2,1200,SEA,False,6,0,0.65,0.91,0.029
bdl_4073,Q3_7.5,3,1350,SEA,False,5,0,0.7,0.844,0.447
bdl_4073,Q3_5,3,1500,SEA,False,13,0,0.85,0.989,1.0
bdl_4073,Q3_2.5,3,1650,SEA,False,13,0,0.85,0.995,0.976
bdl_4073,Q3_END,3,1800,SEA,False,12,0,0.85,0.993,0.34
bdl_4073,Q4_7.5,4,1950,SEA,False,4,0,0.73,0.812,0.039
bdl_4073,Q4_5,4,2100,SEA,False,0,0,0.73,0.645,0.061
bdl_4073,Q4_2.5,4,2250,SEA,False,-2,0,0.73,0.215,0.026
bdl_4074,Q2_7.5,2,750,PHX,True,6,0,0.78,0.955,0.955
bdl_4074,Q2_5,2,900,PHX,True,0,0,0.7,0.63,0.0
bdl_4074,Q2_2.5,2,1050,PHX,True,3,0,0.7,0.772,0.806
bdl_4074,Q2_END,2,1200,PHX,True,1,0,0.57,0.632,0.04
bdl_4074,Q3_7.5,3,1350,LV,False,4,1,0.63,0.813,0.813
bdl_4074,Q3_5,3,1500,LV,False,7,1,0.78,0.93,0.9995
bdl_4074,Q3_2.5,3,1650,LV,False,5,1,0.63,0.846,0.2905
bdl_4074,Q3_END,3,1800,PHX,True,-1,0,0.53,0.373,0.373
bdl_4074,Q4_7.5,4,1950,PHX,True,-1,0,0.53,0.436,0.381
bdl_4074,Q4_5,4,2100,PHX,True,2,0,0.53,0.639,0.97
bdl_4074,Q4_2.5,4,2250,LV,False,5,1,0.63,0.925,0.925
bdl_4075,Q2_7.5,2,750,MIN,True,15,0,0.95,1.0,1.0
bdl_4075,Q2_5,2,900,MIN,True,9,0,0.95,0.981,0.0
bdl_4075,Q2_2.5,2,1050,MIN,True,9,0,0.73,0.975,0.817
bdl_4075,Q2_END,2,1200,MIN,True,5,0,0.58,0.846,0.0
bdl_4075,Q3_7.5,3,1350,MIN,True,1,0,0.58,0.488,0.0
bdl_4075,Q3_5,3,1500,NY,False,1,1,0.53,0.611,0.611
bdl_4075,Q3_2.5,3,1650,NY,False,4,1,0.53,0.818,0.999
bdl_4075,Q3_END,3,1800,NY,False,1,1,0.53,0.56,0.0
bdl_4075,Q4_7.5,4,1950,NY,False,4,1,0.53,0.76,0.985
bdl_4075,Q4_5,4,2100,NY,False,0,1,0.53,0.581,0.012
bdl_4075,Q4_2.5,4,2250,NY,False,1,1,0.53,0.666,0.7015
bdl_4076,Q2_7.5,2,750,CON,True,15,0,0.95,1.0,1.0
bdl_4076,Q2_5,2,900,CON,True,13,0,0.95,0.999,0.247
bdl_4076,Q2_2.5,2,1050,CON,True,13,0,0.9,0.998,0.916
bdl_4076,Q2_END,2,1200,CON,True,19,0,0.95,1.0,1.0
bdl_4076,Q3_7.5,3,1350,CON,True,21,0,0.95,1.0,1.0
bdl_4076,Q3_5,3,1500,CON,True,16,0,0.95,0.999,0.0
bdl_4076,Q3_2.5,3,1650,CON,True,15,0,0.95,0.996,0.922
bdl_4076,Q3_END,3,1800,CON,True,11,0,0.95,0.981,0.031
bdl_4076,Q4_7.5,4,1950,CON,True,12,0,0.95,0.995,1.0
bdl_4076,Q4_5,4,2100,CON,True,8,0,0.9,0.962,0.4875
bdl_4076,Q4_2.5,4,2250,CON,True,0,0,0.8,0.381,0.013
bdl_4077,Q2_7.5,2,750,WSH,True,8,1,0.85,0.996,0.996
bdl_4077,Q2_5,2,900,WSH,True,10,1,0.85,0.975,0.1835
bdl_4077,Q2_2.5,2,1050,WSH,True,9,1,0.85,0.985,1.0
bdl_4077,Q2_END,2,1200,WSH,True,14,1,0.85,0.989,0.993
bdl_4077,Q3_7.5,3,1350,WSH,True,11,1,0.85,0.957,0.019
bdl_4077,Q3_5,3,1500,WSH,True,10,1,0.85,0.975,1.0
bdl_4077,Q3_2.5,3,1650,WSH,True,10,1,0.85,0.945,0.0025
bdl_4077,Q3_END,3,1800,WSH,True,12,1,0.85,0.984,0.998
bdl_4077,Q4_7.5,4,1950,WSH,True,7,1,0.85,0.898,0.6565
bdl_4077,Q4_5,4,2100,WSH,True,5,1,0.85,0.894,0.256
bdl_4077,Q4_2.5,4,2250,WSH,True,9,1,0.85,0.997,1.0
bdl_4078,Q2_7.5,2,750,LV,True,7,1,0.75,0.955,0.955
bdl_4078,Q2_5,2,900,LV,True,8,1,0.88,0.93,0.4445
bdl_4078,Q2_2.5,2,1050,LV,True,9,1,0.88,0.958,1.0
bdl_4078,Q2_END,2,1200,LV,True,11,1,0.88,0.983,0.9945
bdl_4078,Q3_7.5,3,1350,LV,True,9,1,0.88,0.96,0.271
bdl_4078,Q3_5,3,1500,LV,True,9,1,0.68,0.929,0.495
bdl_4078,Q3_2.5,3,1650,LV,True,14,1,0.8,0.992,1.0
bdl_4078,Q3_END,3,1800,LV,True,15,1,0.95,0.998,0.99
bdl_4078,Q4_7.5,4,1950,LV,True,18,1,0.9,1.0,1.0
bdl_4078,Q4_5,4,2100,LV,True,17,1,0.9,1.0,0.999
bdl_4078,Q4_2.5,4,2250,LV,True,23,1,0.9,1.0,1.0
bdl_4079,Q2_7.5,2,750,PHX,False,3,1,0.88,0.913,0.913
bdl_4079,Q2_5,2,900,PHX,False,6,1,0.85,0.953,0.93
bdl_4079,Q2_2.5,2,1050,PHX,False,4,1,0.85,0.8,0.082
bdl_4079,Q2_END,2,1200,PHX,False,6,1,0.85,0.888,0.955
bdl_4079,Q3_7.5,3,1350,PHX,False,2,1,0.7,0.675,0.121
bdl_4079,Q3_5,3,1500,PHX,False,7,1,0.85,0.87,0.9985
bdl_4079,Q3_2.5,3,1650,PHX,False,2,1,0.7,0.698,0.002
bdl_4079,Q3_END,3,1800,PHX,False,7,1,0.7,0.91,1.0
bdl_4079,Q4_7.5,4,1950,PHX,False,4,1,0.7,0.764,0.215
bdl_4079,Q4_5,4,2100,PHX,False,2,1,0.65,0.71,0.725
bdl_4079,Q4_2.5,4,2250,PHX,False,2,1,0.65,0.784,0.5085
bdl_4080,Q2_7.5,2,750,GS,True,5,0,0.83,0.942,0.942
bdl_4080,Q2_5,2,900,GS,True,3,0,0.83,0.805,0.045
bdl_4080,Q2_2.5,2,1050,ATL,False,1,1,0.53,0.571,0.571
bdl_4080,Q2_END,2,1200,GS,True,0,0,0.53,0.512,0.512
bdl_4080,Q3_7.5,3,1350,ATL,False,0,1,0.53,0.571,0.571
bdl_4080,Q3_5,3,1500,GS,True,-1,0,0.53,0.427,0.427
bdl_4080,Q3_2.5,3,1650,ATL,False,3,1,0.53,0.699,0.699
bdl_4080,Q3_END,3,1800,ATL,False,11,1,0.83,0.993,1.0
bdl_4080,Q4_7.5,4,1950,ATL,False,17,1,0.93,0.999,1.0
bdl_4080,Q4_5,4,2100,ATL,False,16,1,0.93,1.0,0.999
bdl_4080,Q4_2.5,4,2250,ATL,False,20,1,0.93,1.0,1.0
bdl_4081,Q2_7.5,2,750,NY,True,2,1,0.73,0.803,0.803
bdl_4081,Q2_5,2,900,NY,True,6,1,0.85,0.8,0.35
bdl_4081,Q2_2.5,2,1050,NY,True,10,1,0.85,0.966,1.0
bdl_4081,Q2_END,2,1200,NY,True,11,1,0.85,0.991,1.0
bdl_4081,Q3_7.5,3,1350,NY,True,14,1,0.93,0.994,1.0
bdl_4081,Q3_5,3,1500,NY,True,8,1,0.85,0.947,0.0
bdl_4081,Q3_2.5,3,1650,NY,True,9,1,0.88,0.931,0.9385
bdl_4081,Q3_END,3,1800,NY,True,6,1,0.88,0.892,0.207
bdl_4081,Q4_7.5,4,1950,NY,True,8,1,0.88,0.951,0.991
bdl_4081,Q4_5,4,2100,NY,True,7,1,0.8,0.952,0.8445
bdl_4081,Q4_2.5,4,2250,NY,True,7,1,0.85,0.991,0.991
bdl_4082,Q2_7.5,2,750,WSH,True,-2,0,0.68,0.311,0.311
bdl_4082,Q2_5,2,900,CON,False,7,1,0.68,0.956,0.956
bdl_4082,Q2_2.5,2,1050,CON,False,6,1,0.83,0.907,0.394
bdl_4082,Q2_END,2,1200,CON,False,12,1,0.83,0.994,1.0
bdl_4082,Q3_7.5,3,1350,CON,False,10,1,0.65,0.991,0.876
bdl_4082,Q3_5,3,1500,CON,False,11,1,0.8,0.984,0.722
bdl_4082,Q3_2.5,3,1650,CON,False,8,1,0.65,0.953,0.083
bdl_4082,Q3_END,3,1800,CON,False,11,1,0.6,0.983,1.0
bdl_4082,Q4_7.5,4,1950,CON,False,13,1,0.6,0.995,1.0
bdl_4082,Q4_5,4,2100,CON,False,15,1,0.6,1.0,1.0
bdl_4082,Q4_2.5,4,2250,CON,False,17,1,0.6,1.0,1.0
bdl_4083,Q2_7.5,2,750,SEA,False,5,1,0.55,0.81,0.81
bdl_4083,Q2_5,2,900,SEA,False,3,1,0.68,0.783,0.639
bdl_4083,Q2_2.5,2,1050,SEA,False,7,1,0.73,0.931,1.0
bdl_4083,Q2_END,2,1200,SEA,False,12,1,0.85,0.985,1.0
bdl_4083,Q3_7.5,3,1350,SEA,False,18,1,0.85,1.0,1.0
bdl_4083,Q3_5,3,1500,SEA,False,16,1,0.85,0.998,0.625
bdl_4083,Q3_2.5,3,1650,SEA,False,16,1,0.85,0.997,0.998
bdl_4083,Q3_END,3,1800,SEA,False,16,1,0.7,0.998,0.918
bdl_4083,Q4_7.5,4,1950,SEA,False,16,1,0.7,0.999,1.0
bdl_4083,Q4_5,4,2100,SEA,False,13,1,0.7,0.998,0.938
bdl_4083,Q4_2.5,4,2250,SEA,False,8,1,0.7,0.999,0.839
bdl_4084,Q2_7.5,2,750,ATL,False,3,0,0.75,0.846,0.846
bdl_4084,Q2_5,2,900,ATL,False,4,0,0.53,0.804,0.342
bdl_4084,Q2_2.5,2,1050,ATL,False,0,0,0.53,0.518,0.0
bdl_4084,Q2_END,2,1200,LV,True,1,1,0.55,0.574,0.574
bdl_4084,Q3_7.5,3,1350,LV,True,4,1,0.8,0.763,1.0
bdl_4084,Q3_5,3,1500,LV,True,-5,1,0.63,0.193,0.0
bdl_4084,Q3_2.5,3,1650,LV,True,-3,1,0.63,0.285,0.963
bdl_4084,Q3_END,3,1800,LV,True,-4,1,0.63,0.246,0.05
bdl_4084,Q4_7.5,4,1950,LV,True,-6,1,0.5,0.119,0.0205
bdl_4084,Q4_5,4,2100,LV,True,-2,1,0.6,0.328,1.0
bdl_4084,Q4_2.5,4,2250,LV,True,1,1,0.5,0.587,0.9175
bdl_4085,Q2_7.5,2,750,GS,True,5,0,0.73,0.889,0.889
bdl_4085,Q2_5,2,900,GS,True,5,0,0.58,0.825,0.6295
bdl_4085,Q2_2.5,2,1050,GS,True,7,0,0.63,0.901,1.0
bdl_4085,Q2_END,2,1200,GS,True,12,0,0.9,0.981,1.0
bdl_4085,Q3_7.5,3,1350,GS,True,8,0,0.75,0.904,0.0
bdl_4085,Q3_5,3,1500,GS,True,8,0,0.85,0.937,0.995
bdl_4085,Q3_2.5,3,1650,GS,True,9,0,0.7,0.936,0.44
bdl_4085,Q3_END,3,1800,GS,True,5,0,0.55,0.83,0.002
bdl_4085,Q4_7.5,4,1950,PHX,False,1,1,0.55,0.527,0.527
bdl_4085,Q4_5,4,2100,PHX,False,3,1,0.6,0.673,0.943
bdl_4085,Q4_2.5,4,2250,PHX,False,7,1,0.6,0.979,1.0
bdl_4086,Q2_7.5,2,750,LA,True,9,0,0.78,0.973,0.973
bdl_4086,Q2_5,2,900,LA,True,11,0,0.8,0.996,1.0
bdl_4086,Q2_2.5,2,1050,LA,True,12,0,0.93,0.991,0.9885
bdl_4086,Q2_END,2,1200,LA,True,7,0,0.83,0.906,0.002
bdl_4086,Q3_7.5,3,1350,LA,True,6,0,0.73,0.808,0.476
bdl_4086,Q3_5,3,1500,LA,True,7,0,0.73,0.887,0.98
bdl_4086,Q3_2.5,3,1650,LA,True,-1,0,0.73,0.449,0.0
bdl_4086,Q3_END,3,1800,DAL,False,7,1,0.57,0.887,0.887
bdl_4086,Q4_7.5,4,1950,LA,True,-1,0,0.57,0.408,0.408
bdl_4086,Q4_5,4,2100,LA,True,1,0,0.57,0.66,0.533
bdl_4086,Q4_2.5,4,2250,LA,True,0,0,0.57,0.496,0.733
bdl_4087,Q2_7.5,2,750,CON,True,7,1,0.63,0.992,0.992
bdl_4087,Q2_5,2,900,CON,True,10,1,0.83,0.999,1.0
bdl_4087,Q2_2.5,2,1050,CON,True,9,1,0.9,0.987,0.5045
bdl_4087,Q2_END,2,1200,CON,True,7,1,0.85,0.939,0.09
bdl_4087,Q3_7.5,3,1350,CON,True,7,1,0.85,0.928,0.838
bdl_4087,Q3_5,3,1500,CON,True,11,1,0.9,0.996,1.0
bdl_4087,Q3_2.5,3,1650,CON,True,12,1,0.8,0.997,0.988
bdl_4087,Q3_END,3,1800,CON,True,11,1,0.75,0.993,0.775
bdl_4087,Q4_7.5,4,1950,CON,True,13,1,0.85,0.996,1.0
bdl_4087,Q4_5,4,2100,CON,True,12,1,0.8,0.998,1.0
bdl_4087,Q4_2.5,4,2250,CON,True,13,1,0.8,1.0,1.0
bdl_4088,Q2_7.5,2,750,NY,True,2,0,0.77,0.695,0.695
bdl_4088,Q2_5,2,900,CHI,False,1,1,0.63,0.587,0.587
bdl_4088,Q2_2.5,2,1050,NY,True,5,0,0.7,0.858,0.858
bdl_4088,Q2_END,2,1200,NY,True,2,0,0.7,0.571,0.0
bdl_4088,Q3_7.5,3,1350,NY,True,4,0,0.7,0.83,1.0
bdl_4088,Q3_5,3,1500,NY,True,7,0,0.68,0.83,0.573
bdl_4088,Q3_2.5,3,1650,NY,True,1,0,0.68,0.534,0.001
bdl_4088,Q3_END,3,1800,NY,True,3,0,0.68,0.709,0.925
bdl_4088,Q4_7.5,4,1950,NY,True,1,0,0.68,0.556,0.0
bdl_4088,Q4_5,4,2100,NY,True,-1,0,0.68,0.472,0.425
bdl_4088,Q4_2.5,4,2250,NY,True,0,0,0.68,0.495,0.693
bdl_4089,Q2_7.5,2,750,MIN,False,-3,0,0.57,0.233,0.233
bdl_4089,Q2_5,2,900,MIN,False,-6,0,0.63,0.094,0.0
bdl_4089,Q2_2.5,2,1050,MIN,False,-8,0,0.63,0.053,0.014
bdl_4089,Q2_END,2,1200,MIN,False,-2,0,0.63,0.317,1.0
bdl_4089,Q3_7.5,3,1350,MIN,False,-1,0,0.63,0.333,0.026
bdl_4089,Q3_5,3,1500,MIN,False,-5,0,0.63,0.192,0.0875
bdl_4089,Q3_2.5,3,1650,MIN,False,0,0,0.63,0.485,1.0
bdl_4089,Q3_END,3,1800,MIN,False,6,0,0.73,0.828,1.0
bdl_4089,Q4_7.5,4,1950,ATL,True,3,1,0.53,0.702,0.702
bdl_4089,Q4_5,4,2100,ATL,True,4,1,0.53,0.784,0.9135
bdl_4089,Q4_2.5,4,2250,MIN,False,-3,0,0.63,0.196,0.196
bdl_4090,Q2_7.5,2,750,LV,True,11,1,0.95,0.999,0.999
bdl_4090,Q2_5,2,900,LV,True,9,1,0.9,0.977,0.204
bdl_4090,Q2_2.5,2,1050,LV,True,11,1,0.95,0.995,1.0
bdl_4090,Q2_END,2,1200,LV,True,14,1,0.95,0.998,0.996
bdl_4090,Q3_7.5,3,1350,LV,True,9,1,0.8,0.977,0.3
bdl_4090,Q3_5,3,1500,LV,True,12,1,0.8,0.993,0.911
bdl_4090,Q3_2.5,3,1650,LV,True,12,1,0.8,0.989,0.99
bdl_4090,Q3_END,3,1800,LV,True,13,1,0.7,0.991,0.996
bdl_4090,Q4_7.5,4,1950,LV,True,18,1,0.7,1.0,1.0
bdl_4090,Q4_5,4,2100,LV,True,20,1,0.8,1.0,1.0
bdl_4090,Q4_2.5,4,2250,LV,True,17,1,0.8,1.0,1.0
bdl_4091,Q2_7.5,2,750,IND,True,8,0,0.95,0.945,0.945
bdl_4091,Q2_5,2,900,IND,True,7,0,0.9,0.914,0.923
bdl_4091,Q2_2.5,2,1050,IND,True,4,0,0.9,0.783,0.003
bdl_4091,Q2_END,2,1200,IND,True,2,0,0.9,0.638,0.108
bdl_4091,Q3_7.5,3,1350,IND,True,0,0,0.75,0.478,0.0205
bdl_4091,Q3_5,3,1500,MIN,False,9,1,0.53,0.955,0.955
bdl_4091,Q3_2.5,3,1650,MIN,False,11,1,0.53,0.955,0.858
bdl_4091,Q3_END,3,1800,MIN,False,13,1,0.63,0.991,1.0
bdl_4091,Q4_7.5,4,1950,MIN,False,11,1,0.53,0.993,1.0
bdl_4091,Q4_5,4,2100,MIN,False,11,1,0.53,0.994,0.9035
bdl_4091,Q4_2.5,4,2250,MIN,False,7,1,0.6,0.968,0.84
bdl_4092,Q2_7.5,2,750,SEA,False,10,1,0.75,0.998,0.998
bdl_4092,Q2_5,2,900,SEA,False,7,1,0.7,0.958,0.007
bdl_4092,Q2_2.5,2,1050,SEA,False,9,1,0.8,0.984,1.0
bdl_4092,Q2_END,2,1200,SEA,False,14,1,0.8,0.999,1.0
bdl_4092,Q3_7.5,3,1350,SEA,False,19,1,0.9,1.0,1.0
bdl_4092,Q3_5,3,1500,SEA,False,18,1,0.9,1.0,0.989
bdl_4092,Q3_2.5,3,1650,SEA,False,20,1,0.9,1.0,1.0
bdl_4092,Q3_END,3,1800,SEA,False,22,1,0.95,1.0,0.999
bdl_4092,Q4_7.5,4,1950,SEA,False,29,1,0.9,1.0,1.0
bdl_4092,Q4_5,4,2100,SEA,False,30,1,0.9,1.0,1.0
bdl_4092,Q4_2.5,4,2250,SEA,False,35,1,0.9,1.0,1.0
bdl_4093,Q2_7.5,2,750,PHX,True,8,1,0.87,0.974,0.974
bdl_4093,Q2_5,2,900,PHX,True,6,1,0.83,0.854,0.0
bdl_4093,Q2_2.5,2,1050,PHX,True,9,1,0.95,0.958,1.0
bdl_4093,Q2_END,2,1200,PHX,True,10,1,0.95,0.98,0.997
bdl_4093,Q3_7.5,3,1350,PHX,True,5,1,0.88,0.823,0.005
bdl_4093,Q3_5,3,1500,PHX,True,5,1,0.85,0.84,0.723
bdl_4093,Q3_2.5,3,1650,PHX,True,11,1,0.85,0.953,1.0
bdl_4093,Q3_END,3,1800,PHX,True,13,1,0.85,0.994,1.0
bdl_4093,Q4_7.5,4,1950,PHX,True,16,1,0.85,0.996,1.0
bdl_4093,Q4_5,4,2100,PHX,True,18,1,0.85,1.0,1.0
bdl_4093,Q4_2.5,4,2250,PHX,True,19,1,0.75,1.0,1.0
bdl_4094,Q2_7.5,2,750,ATL,True,12,1,1,1.0,1.0
bdl_4094,Q2_5,2,900,ATL,True,17,1,1,1.0,1.0
bdl_4094,Q2_2.5,2,1050,ATL,True,19,1,1,1.0,1.0
bdl_4094,Q2_END,2,1200,ATL,True,19,1,0.9,1.0,0.997
bdl_4094,Q3_7.5,3,1350,ATL,True,23,1,0.9,1.0,1.0
bdl_4094,Q3_5,3,1500,ATL,True,23,1,0.9,1.0,1.0
bdl_4094,Q3_2.5,3,1650,ATL,True,24,1,1,1.0,1.0
bdl_4094,Q3_END,3,1800,ATL,True,20,1,0.9,1.0,0.1305
bdl_4094,Q4_7.5,4,1950,ATL,True,14,1,0.75,0.998,0.182
bdl_4094,Q4_5,4,2100,ATL,True,16,1,0.9,1.0,1.0
bdl_4094,Q4_2.5,4,2250,ATL,True,21,1,0.75,1.0,1.0
bdl_4095,Q2_7.5,2,750,LV,False,-3,1,0.53,0.231,0.231
bdl_4095,Q2_5,2,900,LV,False,2,1,0.53,0.686,1.0
bdl_4095,Q2_2.5,2,1050,LV,False,3,1,0.55,0.712,0.239
bdl_4095,Q2_END,2,1200,LV,False,5,1,0.55,0.844,1.0
bdl_4095,Q3_7.5,3,1350,LV,False,3,1,0.55,0.786,0.8515
bdl_4095,Q3_5,3,1500,LV,False,2,1,0.55,0.653,0.001
bdl_4095,Q3_2.5,3,1650,LV,False,6,1,0.6,0.857,0.999
bdl_4095,Q3_END,3,1800,LV,False,7,1,0.73,0.89,0.95
bdl_4095,Q4_7.5,4,1950,LV,False,11,1,0.73,0.993,1.0
bdl_4095,Q4_5,4,2100,LV,False,13,1,0.73,1.0,0.998
bdl_4095,Q4_2.5,4,2250,LV,False,16,1,0.73,1.0,1.0
bdl_4096,Q2_7.5,2,750,CON,False,17,1,0.95,1.0,1.0
bdl_4096,Q2_5,2,900,CON,False,20,1,0.95,1.0,1.0
bdl_4096,Q2_2.5,2,1050,CON,False,14,1,0.95,0.998,0.0
bdl_4096,Q2_END,2,1200,CON,False,14,1,0.85,0.991,0.876
bdl_4096,Q3_7.5,3,1350,CON,False,15,1,0.8,0.996,0.991
bdl_4096,Q3_5,3,1500,CON,False,18,1,0.75,1.0,1.0
bdl_4096,Q3_2.5,3,1650,CON,False,17,1,0.75,0.999,0.999
bdl_4096,Q3_END,3,1800,CON,False,12,1,0.75,0.986,0.001
bdl_4096,Q4_7.5,4,1950,CON,False,6,1,0.6,0.885,0.004
bdl_4096,Q4_5,4,2100,CON,False,4,1,0.6,0.867,0.867
bdl_4096,Q4_2.5,4,2250,CON,False,5,1,0.6,0.951,0.9045
bdl_4097,Q2_7.5,2,750,SEA,False,14,1,0.95,0.999,0.999
bdl_4097,Q2_5,2,900,SEA,False,14,1,0.9,0.998,1.0
bdl_4097,Q2_2.5,2,1050,SEA,False,9,1,0.75,0.974,0.0
bdl_4097,Q2_END,2,1200,SEA,False,9,1,0.68,0.966,0.768
bdl_4097,Q3_7.5,3,1350,SEA,False,10,1,0.78,0.965,0.973
bdl_4097,Q3_5,3,1500,SEA,False,10,1,0.78,0.97,0.886
bdl_4097,Q3_2.5,3,1650,SEA,False,5,1,0.75,0.798,0.001
bdl_4097,Q3_END,3,1800,SEA,False,7,1,0.75,0.897,0.986
bdl_4097,Q4_7.5,4,1950,SEA,False,2,1,0.6,0.66,0.0015
bdl_4097,Q4_5,4,2100,SEA,False,-1,1,0.6,0.43,0.144
bdl_4097,Q4_2.5,4,2250,WSH,True,-2,0,0.55,0.35,0.35
bdl_4098,Q2_7.5,2,750,GS,False,4,1,0.88,0.846,0.846
bdl_4098,Q2_5,2,900,GS,False,2,1,0.88,0.534,0.0
bdl_4098,Q2_2.5,2,1050,GS,False,-2,1,0.88,0.334,0.147
bdl_4098,Q2_END,2,1200,GS,False,-2,1,0.88,0.332,0.399
bdl_4098,Q3_7.5,3,1350,GS,False,-3,1,0.63,0.307,0.067
bdl_4098,Q3_5,3,1500,GS,False,2,1,0.85,0.557,0.961
bdl_4098,Q3_2.5,3,1650,GS,False,8,1,0.85,0.938,1.0
bdl_4098,Q3_END,3,1800,GS,False,5,1,0.85,0.847,0.107
bdl_4098,Q4_7.5,4,1950,GS,False,12,1,0.85,0.995,1.0
bdl_4098,Q4_5,4,2100,GS,False,16,1,0.85,1.0,1.0
bdl_4098,Q4_2.5,4,2250,GS,False,10,1,0.85,1.0,0.872
bdl_4099,Q2_7.5,2,750,IND,False,6,0,0.7,0.938,0.938
bdl_4099,Q2_5,2,900,IND,False,1,0,0.7,0.556,0.0
bdl_4099,Q2_2.5,2,1050,IND,False,2,0,0.7,0.652,0.834
bdl_4099,Q2_END,2,1200,MIN,True,7,1,0.58,0.923,0.923
bdl_4099,Q3_7.5,3,1350,IND,False,-8,0,0.53,0.073,0.073
bdl_4099,Q3_5,3,1500,MIN,True,15,1,0.68,1.0,1.0
bdl_4099,Q3_2.5,3,1650,MIN,True,10,1,0.6,0.945,0.0465
bdl_4099,Q3_END,3,1800,MIN,True,11,1,0.7,0.974,0.964
bdl_4099,Q4_7.5,4,1950,MIN,True,13,1,0.75,0.991,1.0
bdl_4099,Q4_5,4,2100,MIN,True,11,1,0.75,0.989,0.903
bdl_4099,Q4_2.5,4,2250,MIN,True,13,1,0.75,1.0,1.0
bdl_4100,Q2_7.5,2,750,NY,True,6,1,0.78,0.953,0.953
bdl_4100,Q2_5,2,900,NY,True,7,1,0.78,0.954,0.969
bdl_4100,Q2_2.5,2,1050,NY,True,5,1,0.68,0.862,0.04
bdl_4100,Q2_END,2,1200,NY,True,1,1,0.73,0.55,0.0
bdl_4100,Q3_7.5,3,1350,NY,True,-4,1,0.73,0.284,0.044
bdl_4100,Q3_5,3,1500,NY,True,-3,1,0.73,0.253,0.063
bdl_4100,Q3_2.5,3,1650,NY,True,0,1,0.73,0.496,0.969
bdl_4100,Q3_END,3,1800,NY,True,-1,1,0.65,0.411,0.252
bdl_4100,Q4_7.5,4,1950,NY,True,1,1,0.7,0.54,0.879
bdl_4100,Q4_5,4,2100,NY,True,3,1,0.65,0.705,0.98
bdl_4100,Q4_2.5,4,2250,NY,True,6,1,0.78,0.96,1.0
bdl_4101,Q2_7.5,2,750,LV,False,8,0,0.73,0.962,0.962
bdl_4101,Q2_5,2,900,LV,False,8,0,0.85,0.982,1.0
bdl_4101,Q2_2.5,2,1050,LV,False,4,0,0.95,0.678,0.0
bdl_4101,Q2_END,2,1200,LV,False,9,0,0.85,0.958,1.0
bdl_4101,Q3_7.5,3,1350,LV,False,12,0,0.85,0.988,1.0
bdl_4101,Q3_5,3,1500,LV,False,6,0,0.8,0.873,0.0
bdl_4101,Q3_2.5,3,1650,LV,False,3,0,0.8,0.724,0.0
bdl_4101,Q3_END,3,1800,LV,False,4,0,0.8,0.8,0.89
bdl_4101,Q4_7.5,4,1950,LV,False,5,0,0.8,0.805,0.949
bdl_4101,Q4_5,4,2100,LV,False,3,0,0.8,0.727,0.365
bdl_4101,Q4_2.5,4,2250,LV,False,-1,0,0.8,0.439,0.025
bdl_4102,Q2_7.5,2,750,IND,True,8,1,0.95,0.976,0.976
bdl_4102,Q2_5,2,900,IND,True,8,1,0.7,0.935,0.0915
bdl_4102,Q2_2.5,2,1050,IND,True,11,1,0.85,0.992,1.0
bdl_4102,Q2_END,2,1200,IND,True,11,1,0.85,0.989,0.89
bdl_4102,Q3_7.5,3,1350,IND,True,18,1,0.78,1.0,1.0
bdl_4102,Q3_5,3,1500,IND,True,18,1,0.78,0.998,1.0
bdl_4102,Q3_2.5,3,1650,IND,True,19,1,0.93,1.0,1.0
bdl_4102,Q3_END,3,1800,IND,True,18,1,0.93,1.0,0.987
bdl_4102,Q4_7.5,4,1950,IND,True,24,1,0.93,1.0,1.0
bdl_4102,Q4_5,4,2100,IND,True,30,1,0.93,1.0,1.0
bdl_4102,Q4_2.5,4,2250,IND,True,25,1,0.93,1.0,1.0
bdl_4103,Q2_7.5,2,750,PHX,False,2,1,0.8,0.701,0.701
bdl_4103,Q2_5,2,900,PHX,False,8,1,0.85,0.92,1.0
bdl_4103,Q2_2.5,2,1050,PHX,False,4,1,0.85,0.884,0.832
bdl_4103,Q2_END,2,1200,PHX,False,8,1,0.93,0.924,0.999
bdl_4103,Q3_7.5,3,1350,PHX,False,7,1,0.93,0.896,0.505
bdl_4103,Q3_5,3,1500,PHX,False,7,1,0.88,0.918,0.748
bdl_4103,Q3_2.5,3,1650,PHX,False,8,1,0.93,0.922,0.897
bdl_4103,Q3_END,3,1800,PHX,False,11,1,0.93,0.974,1.0
bdl_4103,Q4_7.5,4,1950,PHX,False,14,1,0.93,0.997,1.0
bdl_4103,Q4_5,4,2100,PHX,False,11,1,0.88,0.994,0.553
bdl_4103,Q4_2.5,4,2250,PHX,False,13,1,0.93,1.0,1.0
bdl_4104,Q2_7.5,2,750,ATL,True,4,0,0.6,0.947,0.947
bdl_4104,Q2_5,2,900,ATL,True,6,0,0.6,0.891,0.0295
bdl_4104,Q2_2.5,2,1050,ATL,True,4,0,0.6,0.823,0.615
bdl_4104,Q2_END,2,1200,ATL,True,2,0,0.6,0.598,0.022
bdl_4104,Q3_7.5,3,1350,LV,False,1,1,0.55,0.458,0.458
bdl_4104,Q3_5,3,1500,LV,False,-1,1,0.55,0.458,0.764
bdl_4104,Q3_2.5,3,1650,LV,False,6,1,0.55,0.854,1.0
bdl_4104,Q3_END,3,1800,LV,False,13,1,0.8,0.993,1.0
bdl_4104,Q4_7.5,4,1950,LV,False,11,1,0.8,0.979,0.375
bdl_4104,Q4_5,4,2100,LV,False,11,1,0.8,0.996,0.995
bdl_4104,Q4_2.5,4,2250,LV,False,8,1,0.8,0.994,0.958
bdl_4105,Q2_7.5,2,750,DAL,True,11,0,0.73,0.999,0.999
bdl_4105,Q2_5,2,900,DAL,True,2,0,0.68,0.776,0.0
bdl_4105,Q2_2.5,2,1050,DAL,True,3,0,0.68,0.719,0.0705
bdl_4105,Q2_END,2,1200,CON,False,5,1,0.63,0.84,0.84
bdl_4105,Q3_7.5,3,1350,CON,False,9,1,0.83,0.934,1.0
bdl_4105,Q3_5,3,1500,CON,False,12,1,0.83,0.975,0.978
bdl_4105,Q3_2.5,3,1650,CON,False,8,1,0.78,0.92,0.319
bdl_4105,Q3_END,3,1800,CON,False,13,1,0.83,0.992,1.0
bdl_4105,Q4_7.5,4,1950,CON,False,12,1,0.68,0.996,0.939
bdl_4105,Q4_5,4,2100,CON,False,8,1,0.68,0.96,0.559
bdl_4105,Q4_2.5,4,2250,CON,False,4,1,0.63,0.854,0.305
bdl_4106,Q2_7.5,2,750,NY,True,0,1,0.63,0.464,0.464
bdl_4106,Q2_5,2,900,NY,True,6,1,0.83,0.905,1.0
bdl_4106,Q2_2.5,2,1050,NY,True,4,1,0.83,0.816,0.67
bdl_4106,Q2_END,2,1200,NY,True,6,1,0.95,0.91,1.0
bdl_4106,Q3_7.5,3,1350,NY,True,4,1,0.8,0.756,0.0
bdl_4106,Q3_5,3,1500,NY,True,6,1,0.8,0.874,1.0
bdl_4106,Q3_2.5,3,1650,NY,True,9,1,0.95,0.972,1.0
bdl_4106,Q3_END,3,1800,NY,True,13,1,1,0.997,1.0
bdl_4106,Q4_7.5,4,1950,NY,True,16,1,1,0.999,1.0
bdl_4106,Q4_5,4,2100,NY,True,21,1,1,1.0,1.0
bdl_4106,Q4_2.5,4,2250,NY,True,21,1,1,1.0,1.0
bdl_4107,Q2_7.5,2,750,MIN,True,15,0,0.93,1.0,1.0
bdl_4107,Q2_5,2,900,MIN,True,17,0,0.93,1.0,1.0
bdl_4107,Q2_2.5,2,1050,MIN,True,12,0,0.93,0.994,0.0095
bdl_4107,Q2_END,2,1200,MIN,True,13,0,0.85,0.989,0.418
bdl_4107,Q3_7.5,3,1350,MIN,True,12,0,0.85,0.98,0.675
bdl_4107,Q3_5,3,1500,MIN,True,11,0,0.85,0.945,0.729
bdl_4107,Q3_2.5,3,1650,MIN,True,1,0,0.65,0.597,0.0
bdl_4107,Q3_END,3,1800,MIN,True,-4,0,0.5,0.242,0.001
bdl_4107,Q4_7.5,4,1950,MIN,True,-7,0,0.5,0.127,0.065
bdl_4107,Q4_5,4,2100,MIN,True,-5,0,0.5,0.176,0.108
bdl_4107,Q4_2.5,4,2250,SEA,False,12,1,0.7,1.0,1.0
bdl_4108,Q2_7.5,2,750,CHI,False,-1,0,0.55,0.408,0.408
bdl_4108,Q2_5,2,900,CHI,False,-2,0,0.55,0.379,0.782
bdl_4108,Q2_2.5,2,1050,PHX,True,5,1,0.57,0.84,0.84
bdl_4108,Q2_END,2,1200,PHX,True,7,1,0.57,0.934,1.0
bdl_4108,Q3_7.5,3,1350,PHX,True,6,1,0.57,0.93,0.997
bdl_4108,Q3_5,3,1500,PHX,True,9,1,0.57,0.964,0.8345
bdl_4108,Q3_2.5,3,1650,PHX,True,7,1,0.57,0.891,0.2365
bdl_4108,Q3_END,3,1800,PHX,True,6,1,0.57,0.884,0.62
bdl_4108,Q4_7.5,4,1950,PHX,True,9,1,0.57,0.979,0.999
bdl_4108,Q4_5,4,2100,PHX,True,2,1,0.53,0.652,0.002
bdl_4108,Q4_2.5,4,2250,PHX,True,5,1,0.53,0.932,0.976
bdl_4109,Q2_7.5,2,750,ATL,True,-2,1,0.6,0.281,0.281
bdl_4109,Q2_5,2,900,ATL,True,6,1,0.83,0.962,1.0
bdl_4109,Q2_2.5,2,1050,ATL,True,12,1,0.95,0.987,0.8765
bdl_4109,Q2_END,2,1200,ATL,True,9,1,0.95,0.96,0.492
bdl_4109,Q3_7.5,3,1350,ATL,True,8,1,0.95,0.924,0.579
bdl_4109,Q3_5,3,1500,ATL,True,4,1,0.95,0.739,0.006
bdl_4109,Q3_2.5,3,1650,ATL,True,8,1,0.95,0.933,1.0
bdl_4109,Q3_END,3,1800,ATL,True,4,1,0.85,0.755,0.035
bdl_4109,Q4_7.5,4,1950,ATL,True,12,1,1,0.988,1.0
bdl_4109,Q4_5,4,2100,ATL,True,13,1,1,0.998,0.998
bdl_4109,Q4_2.5,4,2250,ATL,True,16,1,0.95,1.0,1.0
bdl_4110,Q2_7.5,2,750,LA,True,3,1,0.8,0.751,0.751
bdl_4110,Q2_5,2,900,LA,True,4,1,0.8,0.86,1.0
bdl_4110,Q2_2.5,2,1050,LA,True,4,1,0.75,0.757,0.004
bdl_4110,Q2_END,2,1200,LA,True,3,1,0.75,0.694,0.847
bdl_4110,Q3_7.5,3,1350,LA,True,1,1,0.75,0.569,0.038
bdl_4110,Q3_5,3,1500,LA,True,-5,1,0.75,0.184,0.0
bdl_4110,Q3_2.5,3,1650,LA,True,-5,1,0.75,0.248,0.996
bdl_4110,Q3_END,3,1800,LA,True,1,1,0.75,0.615,0.971
bdl_4110,Q4_7.5,4,1950,LA,True,2,1,0.75,0.633,0.802
bdl_4110,Q4_5,4,2100,LA,True,-1,1,0.75,0.52,0.267
bdl_4110,Q4_2.5,4,2250,LA,True,2,1,0.75,0.759,0.807
bdl_4111,Q2_7.5,2,750,MIN,False,9,1,0.9,0.989,0.989
bdl_4111,Q2_5,2,900,MIN,False,11,1,0.9,0.996,1.0
bdl_4111,Q2_2.5,2,1050,MIN,False,12,1,0.9,0.999,1.0
bdl_4111,Q2_END,2,1200,MIN,False,13,1,0.9,0.996,0.792
bdl_4111,Q3_7.5,3,1350,MIN,False,18,1,0.9,1.0,1.0
bdl_4111,Q3_5,3,1500,MIN,False,20,1,0.9,0.999,0.999
bdl_4111,Q3_2.5,3,1650,MIN,False,16,1,0.9,1.0,0.0125
bdl_4111,Q3_END,3,1800,MIN,False,12,1,0.9,0.984,0.735
bdl_4111,Q4_7.5,4,1950,MIN,False,12,1,0.9,0.999,0.978
bdl_4111,Q4_5,4,2100,MIN,False,14,1,0.9,0.999,1.0
bdl_4111,Q4_2.5,4,2250,MIN,False,21,1,0.8,1.0,1.0
bdl_4112,Q2_7.5,2,750,GS,True,15,1,1,1.0,1.0
bdl_4112,Q2_5,2,900,GS,True,21,1,1,1.0,1.0
bdl_4112,Q2_2.5,2,1050,GS,True,29,1,1,1.0,1.0
bdl_4112,Q2_END,2,1200,GS,True,29,1,1,1.0,1.0
bdl_4112,Q3_7.5,3,1350,GS,True,26,1,1,1.0,0.238
bdl_4112,Q3_5,3,1500,GS,True,34,1,1,1.0,1.0
bdl_4112,Q3_2.5,3,1650,GS,True,33,1,1,1.0,1.0
bdl_4112,Q3_END,3,1800,GS,True,35,1,1,1.0,1.0
bdl_4112,Q4_7.5,4,1950,GS,True,32,1,1,1.0,1.0
bdl_4112,Q4_5,4,2100,GS,True,35,1,1,1.0,1.0
bdl_4112,Q4_2.5,4,2250,GS,True,35,1,1,1.0,1.0
bdl_4113,Q2_7.5,2,750,SEA,True,6,1,0.8,0.964,0.964
bdl_4113,Q2_5,2,900,SEA,True,8,1,0.8,0.969,0.996
bdl_4113,Q2_2.5,2,1050,SEA,True,11,1,0.8,0.991,1.0
bdl_4113,Q2_END,2,1200,SEA,True,10,1,0.73,0.985,0.548
bdl_4113,Q3_7.5,3,1350,SEA,True,11,1,0.8,0.992,0.997
bdl_4113,Q3_5,3,1500,SEA,True,13,1,0.9,0.987,0.949
bdl_4113,Q3_2.5,3,1650,SEA,True,11,1,0.9,0.98,0.974
bdl_4113,Q3_END,3,1800,SEA,True,7,1,0.9,0.932,0.006
bdl_4113,Q4_7.5,4,1950,SEA,True,10,1,0.8,0.987,1.0
bdl_4113,Q4_5,4,2100,SEA,True,12,1,0.8,0.998,1.0
bdl_4113,Q4_2.5,4,2250,SEA,True,11,1,0.8,1.0,0.991
bdl_4114,Q2_7.5,2,750,NY,False,-6,0,0.7,0.061,0.061
bdl_4114,Q2_5,2,900,NY,False,0,0,0.7,0.513,1.0
bdl_4114,Q2_2.5,2,1050,NY,False,1,0,0.7,0.503,0.215
bdl_4114,Q2_END,2,1200,NY,False,2,0,0.75,0.639,0.996
bdl_4114,Q3_7.5,3,1350,NY,False,-2,0,0.57,0.416,0.0125
bdl_4114,Q3_5,3,1500,NY,False,1,0,0.57,0.552,0.838
bdl_4114,Q3_2.5,3,1650,PHX,True,4,1,0.53,0.752,0.752
bdl_4114,Q3_END,3,1800,PHX,True,6,1,0.68,0.896,1.0
bdl_4114,Q4_7.5,4,1950,PHX,True,8,1,0.8,0.944,0.9835
bdl_4114,Q4_5,4,2100,PHX,True,12,1,0.95,1.0,0.999
bdl_4114,Q4_2.5,4,2250,PHX,True,15,1,0.95,1.0,1.0
bdl_4115,Q2_7.5,2,750,LA,True,2,1,0.68,0.717,0.717
bdl_4115,Q2_5,2,900,LA,True,7,1,0.73,0.899,1.0
bdl_4115,Q2_2.5,2,1050,LA,True,7,1,0.78,0.929,0.998
bdl_4115,Q2_END,2,1200,LA,True,9,1,0.78,0.964,0.996
bdl_4115,Q3_7.5,3,1350,LA,True,7,1,0.88,0.942,0.81
bdl_4115,Q3_5,3,1500,LA,True,9,1,0.83,0.962,0.897
bdl_4115,Q3_2.5,3,1650,LA,True,10,1,0.93,0.965,0.9675
bdl_4115,Q3_END,3,1800,LA,True,6,1,0.68,0.884,0.087
bdl_4115,Q4_7.5,4,1950,LA,True,-1,1,0.6,0.387,0.0
bdl_4115,Q4_5,4,2100,LA,True,4,1,0.6,0.763,0.972
bdl_4115,Q4_2.5,4,2250,LA,True,8,1,0.6,0.995,1.0
bdl_4116,Q2_7.5,2,750,GS,True,18,1,1,1.0,1.0
bdl_4116,Q2_5,2,900,GS,True,15,1,0.93,1.0,0.037
bdl_4116,Q2_2.5,2,1050,GS,True,11,1,0.83,0.987,0.001
bdl_4116,Q2_END,2,1200,GS,True,12,1,0.83,0.993,0.972
bdl_4116,Q3_7.5,3,1350,GS,True,10,1,0.83,0.96,0.02
bdl_4116,Q3_5,3,1500,GS,True,7,1,0.78,0.885,0.52
bdl_4116,Q3_2.5,3,1650,GS,True,7,1,0.78,0.901,1.0
bdl_4116,Q3_END,3,1800,GS,True,7,1,0.78,0.902,0.917
bdl_4116,Q4_7.5,4,1950,GS,True,5,1,0.78,0.875,0.404
bdl_4116,Q4_5,4,2100,GS,True,13,1,0.78,0.999,1.0
bdl_4116,Q4_2.5,4,2250,GS,True,13,1,0.75,1.0,0.999
bdl_4117,Q2_7.5,2,750,ATL,False,5,1,0.68,0.825,0.825
bdl_4117,Q2_5,2,900,ATL,False,4,1,0.6,0.694,0.064
bdl_4117,Q2_2.5,2,1050,CON,True,-2,0,0.55,0.324,0.324
bdl_4117,Q2_END,2,1200,CON,True,6,0,0.55,0.906,1.0
bdl_4117,Q3_7.5,3,1350,CON,True,3,0,0.63,0.747,0.014
bdl_4117,Q3_5,3,1500,CON,True,2,0,0.55,0.618,0.345
bdl_4117,Q3_2.5,3,1650,CON,True,2,0,0.55,0.619,0.666
bdl_4117,Q3_END,3,1800,CON,True,-1,0,0.57,0.405,0.0
bdl_4117,Q4_7.5,4,1950,CON,True,-3,0,0.57,0.302,0.261
bdl_4117,Q4_5,4,2100,CON,True,-4,0,0.57,0.18,0.397
bdl_4117,Q4_2.5,4,2250,ATL,False,9,1,0.57,0.999,0.999
bdl_4118,Q2_7.5,2,750,MIN,True,5,1,0.75,0.897,0.897
bdl_4118,Q2_5,2,900,MIN,True,5,1,0.75,0.884,0.743
bdl_4118,Q2_2.5,2,1050,MIN,True,6,1,0.65,0.889,0.907
bdl_4118,Q2_END,2,1200,MIN,True,7,1,0.78,0.908,0.871
bdl_4118,Q3_7.5,3,1350,MIN,True,7,1,0.78,0.896,0.842
bdl_4118,Q3_5,3,1500,MIN,True,9,1,0.85,0.957,0.995
bdl_4118,Q3_2.5,3,1650,MIN,True,11,1,0.85,0.982,0.998
bdl_4118,Q3_END,3,1800,MIN,True,12,1,0.8,0.99,0.9905
bdl_4118,Q4_7.5,4,1950,MIN,True,19,1,0.85,1.0,1.0
bdl_4118,Q4_5,4,2100,MIN,True,20,1,0.85,1.0,1.0
bdl_4118,Q4_2.5,4,2250,MIN,True,23,1,0.85,1.0,1.0
bdl_4119,Q2_7.5,2,750,SEA,True,9,1,0.68,0.969,0.969
bdl_4119,Q2_5,2,900,SEA,True,10,1,0.9,0.988,1.0
bdl_4119,Q2_2.5,2,1050,SEA,True,12,1,0.9,0.997,1.0
bdl_4119,Q2_END,2,1200,SEA,True,14,1,0.8,0.998,0.894
bdl_4119,Q3_7.5,3,1350,SEA,True,10,1,0.8,0.958,0.058
bdl_4119,Q3_5,3,1500,SEA,True,9,1,0.8,0.935,0.634
bdl_4119,Q3_2.5,3,1650,SEA,True,8,1,0.8,0.925,0.664
bdl_4119,Q3_END,3,1800,SEA,True,5,1,0.9,0.855,0.753
bdl_4119,Q4_7.5,4,1950,SEA,True,8,1,0.9,0.936,0.87
bdl_4119,Q4_5,4,2100,SEA,True,4,1,0.75,0.765,0.161
bdl_4119,Q4_2.5,4,2250,SEA,True,3,1,0.75,0.846,0.574
bdl_4120,Q2_7.5,2,750,NY,False,0,0,0.65,0.475,0.475
bdl_4120,Q2_5,2,900,NY,False,-5,0,0.57,0.137,0.0
bdl_4120,Q2_2.5,2,1050,GS,True,12,1,0.85,0.994,0.994
bdl_4120,Q2_END,2,1200,GS,True,14,1,0.85,0.996,1.0
bdl_4120,Q3_7.5,3,1350,GS,True,20,1,0.88,1.0,1.0
bdl_4120,Q3_5,3,1500,GS,True,24,1,0.95,1.0,1.0
bdl_4120,Q3_2.5,3,1650,GS,True,17,1,0.8,0.998,0.326
bdl_4120,Q3_END,3,1800,GS,True,12,1,0.8,0.989,0.065
bdl_4120,Q4_7.5,4,1950,GS,True,12,1,0.8,0.994,1.0
bdl_4120,Q4_5,4,2100,GS,True,16,1,0.85,1.0,1.0
bdl_4120,Q4_2.5,4,2250,GS,True,9,1,0.85,1.0,0.932
bdl_4121,Q2_7.5,2,750,PHX,True,1,1,0.65,0.635,0.635
bdl_4121,Q2_5,2,900,PHX,True,2,1,0.65,0.666,0.851
bdl_4121,Q2_2.5,2,1050,PHX,True,5,1,0.65,0.873,0.998
bdl_4121,Q2_END,2,1200,PHX,True,15,1,1,1.0,1.0
bdl_4121,Q3_7.5,3,1350,PHX,True,11,1,0.95,0.954,0.0
bdl_4121,Q3_5,3,1500,PHX,True,13,1,0.95,0.989,1.0
bdl_4121,Q3_2.5,3,1650,PHX,True,11,1,0.95,0.976,0.532
bdl_4121,Q3_END,3,1800,PHX,True,10,1,0.9,0.964,0.913
bdl_4121,Q4_7.5,4,1950,PHX,True,10,1,0.9,0.969,0.999
bdl_4121,Q4_5,4,2100,PHX,True,6,1,0.9,0.887,0.323
bdl_4121,Q4_2.5,4,2250,PHX,True,13,1,0.9,1.0,1.0
bdl_4122,Q2_7.5,2,750,ATL,True,10,1,0.68,0.994,0.994
bdl_4122,Q2_5,2,900,ATL,True,12,1,0.83,0.996,0.9975
bdl_4122,Q2_2.5,2,1050,ATL,True,11,1,0.68,0.99,0.5475
bdl_4122,Q2_END,2,1200,ATL,True,12,1,0.73,0.991,0.989
bdl_4122,Q3_7.5,3,1350,ATL,True,10,1,0.78,0.966,0.318
bdl_4122,Q3_5,3,1500,ATL,True,11,1,0.78,0.979,1.0
bdl_4122,Q3_2.5,3,1650,ATL,True,9,1,0.78,0.957,0.446
bdl_4122,Q3_END,3,1800,ATL,True,11,1,0.78,0.977,0.942
bdl_4122,Q4_7.5,4,1950,ATL,True,11,1,0.78,0.98,0.978
bdl_4122,Q4_5,4,2100,ATL,True,15,1,0.9,0.999,1.0
bdl_4122,Q4_2.5,4,2250,ATL,True,14,1,0.9,1.0,1.0
bdl_4123,Q2_7.5,2,750,CHI,True,18,1,0.95,1.0,1.0
bdl_4123,Q2_5,2,900,CHI,True,19,1,1,1.0,0.863
bdl_4123,Q2_2.5,2,1050,CHI,True,17,1,1,1.0,0.954
bdl_4123,Q2_END,2,1200,CHI,True,15,1,0.88,0.999,0.422
bdl_4123,Q3_7.5,3,1350,CHI,True,13,1,0.95,0.997,0.454
bdl_4123,Q3_5,3,1500,CHI,True,14,1,1,0.999,1.0
bdl_4123,Q3_2.5,3,1650,CHI,True,20,1,1,1.0,1.0
bdl_4123,Q3_END,3,1800,CHI,True,22,1,0.95,1.0,0.9975
bdl_4123,Q4_7.5,4,1950,CHI,True,24,1,1,1.0,1.0
bdl_4123,Q4_5,4,2100,CHI,True,19,1,0.95,1.0,0.897
bdl_4123,Q4_2.5,4,2250,CHI,True,17,1,0.95,1.0,1.0
bdl_4124,Q2_7.5,2,750,PHX,False,0,1,0.83,0.502,0.502
bdl_4124,Q2_5,2,900,PHX,False,3,1,0.9,0.852,1.0
bdl_4124,Q2_2.5,2,1050,PHX,False,1,1,0.7,0.612,0.0
bdl_4124,Q2_END,2,1200,PHX,False,8,1,0.8,0.921,1.0
bdl_4124,Q3_7.5,3,1350,PHX,False,6,1,0.8,0.852,0.113
bdl_4124,Q3_5,3,1500,PHX,False,4,1,0.8,0.753,0.2105
bdl_4124,Q3_2.5,3,1650,PHX,False,1,1,0.8,0.557,0.022
bdl_4124,Q3_END,3,1800,PHX,False,6,1,0.8,0.873,1.0
bdl_4124,Q4_7.5,4,1950,PHX,False,4,1,0.8,0.8,0.392
bdl_4124,Q4_5,4,2100,PHX,False,3,1,0.85,0.736,1.0
bdl_4124,Q4_2.5,4,2250,PHX,False,7,1,0.85,0.988,1.0
bdl_4125,Q2_7.5,2,750,GS,True,5,1,0.63,0.906,0.906
bdl_4125,Q2_5,2,900,DAL,False,2,0,0.6,0.547,0.547
bdl_4125,Q2_2.5,2,1050,DAL,False,3,0,0.75,0.761,1.0
bdl_4125,Q2_END,2,1200,DAL,False,9,0,0.95,0.966,1.0
bdl_4125,Q3_7.5,3,1350,DAL,False,12,0,0.95,0.987,1.0
bdl_4125,Q3_5,3,1500,DAL,False,13,0,0.95,0.989,0.9875
bdl_4125,Q3_2.5,3,1650,DAL,False,9,0,0.85,0.947,0.054
bdl_4125,Q3_END,3,1800,DAL,False,4,0,0.8,0.758,0.007
bdl_4125,Q4_7.5,4,1950,GS,True,-1,1,0.5,0.415,0.415
bdl_4125,Q4_5,4,2100,GS,True,0,1,0.5,0.469,0.6905
bdl_4125,Q4_2.5,4,2250,GS,True,2,1,0.57,0.696,0.912
bdl_4126,Q2_7.5,2,750,MIN,False,-2,0,0.6,0.287,0.287
bdl_4126,Q2_5,2,900,LV,True,2,1,0.7,0.759,0.759
bdl_4126,Q2_2.5,2,1050,LV,True,2,1,0.55,0.667,0.0475
bdl_4126,Q2_END,2,1200,LV,True,3,1,0.68,0.756,0.853
bdl_4126,Q3_7.5,3,1350,LV,True,1,1,0.6,0.615,0.5395
bdl_4126,Q3_5,3,1500,LV,True,8,1,0.75,0.917,1.0
bdl_4126,Q3_2.5,3,1650,LV,True,1,1,0.6,0.662,0.0
bdl_4126,Q3_END,3,1800,MIN,False,-4,0,0.55,0.247,0.247
bdl_4126,Q4_7.5,4,1950,LV,True,7,1,0.8,0.942,0.942
bdl_4126,Q4_5,4,2100,LV,True,11,1,0.88,0.993,0.984
bdl_4126,Q4_2.5,4,2250,LV,True,10,1,0.65,0.998,0.986
bdl_4127,Q2_7.5,2,750,ATL,True,11,1,0.78,0.996,0.996
bdl_4127,Q2_5,2,900,ATL,True,7,1,0.68,0.96,0.001
bdl_4127,Q2_2.5,2,1050,ATL,True,10,1,0.83,0.972,1.0
bdl_4127,Q2_END,2,1200,ATL,True,4,1,0.75,0.784,0.0
bdl_4127,Q3_7.5,3,1350,ATL,True,2,1,0.75,0.573,0.001
bdl_4127,Q3_5,3,1500,ATL,True,2,1,0.75,0.605,0.988
bdl_4127,Q3_2.5,3,1650,ATL,True,13,1,0.83,0.982,1.0
bdl_4127,Q3_END,3,1800,ATL,True,13,1,0.83,0.981,0.946
bdl_4127,Q4_7.5,4,1950,ATL,True,13,1,0.83,0.996,1.0
bdl_4127,Q4_5,4,2100,ATL,True,15,1,0.83,0.999,1.0
bdl_4127,Q4_2.5,4,2250,ATL,True,16,1,0.83,1.0,0.999
bdl_4128,Q2_7.5,2,750,IND,True,20,1,0.95,1.0,1.0
bdl_4128,Q2_5,2,900,IND,True,17,1,0.95,1.0,0.777
bdl_4128,Q2_2.5,2,1050,IND,True,21,1,0.95,1.0,1.0
bdl_4128,Q2_END,2,1200,IND,True,15,1,0.85,0.999,0.0
bdl_4128,Q3_7.5,3,1350,IND,True,13,1,0.85,0.996,0.423
bdl_4128,Q3_5,3,1500,IND,True,18,1,0.85,1.0,1.0
bdl_4128,Q3_2.5,3,1650,IND,True,18,1,0.85,1.0,0.995
bdl_4128,Q3_END,3,1800,IND,True,18,1,0.8,1.0,1.0
bdl_4128,Q4_7.5,4,1950,IND,True,17,1,0.8,0.999,0.998
bdl_4128,Q4_5,4,2100,IND,True,20,1,0.8,1.0,1.0
bdl_4128,Q4_2.5,4,2250,IND,True,19,1,0.8,1.0,1.0
bdl_4129,Q2_7.5,2,750,NY,False,2,1,0.88,0.682,0.682
bdl_4129,Q2_5,2,900,NY,False,0,1,0.85,0.535,0.003
bdl_4129,Q2_2.5,2,1050,NY,False,-6,1,0.68,0.099,0.0
bdl_4129,Q2_END,2,1200,SEA,True,8,0,0.63,0.937,0.937
bdl_4129,Q3_7.5,3,1350,NY,False,-6,1,0.75,0.115,0.115
bdl_4129,Q3_5,3,1500,NY,False,-9,1,0.6,0.05,0.0
bdl_4129,Q3_2.5,3,1650,NY,False,-6,1,0.6,0.14,0.946
bdl_4129,Q3_END,3,1800,NY,False,-1,1,0.8,0.455,0.996
bdl_4129,Q4_7.5,4,1950,NY,False,2,1,0.8,0.626,0.971
bdl_4129,Q4_5,4,2100,NY,False,8,1,0.8,0.955,1.0
bdl_4129,Q4_2.5,4,2250,NY,False,4,1,0.8,0.91,0.685
bdl_4130,Q2_7.5,2,750,CON,True,1,1,0.9,0.582,0.582
bdl_4130,Q2_5,2,900,CON,True,-1,1,0.75,0.426,0.05
bdl_4130,Q2_2.5,2,1050,CON,True,-1,1,0.63,0.419,0.512
bdl_4130,Q2_END,2,1200,PHX,False,3,0,0.55,0.69,0.69
bdl_4130,Q3_7.5,3,1350,PHX,False,4,0,0.65,0.749,0.997
bdl_4130,Q3_5,3,1500,PHX,False,5,0,0.75,0.796,0.972
bdl_4130,Q3_2.5,3,1650,PHX,False,4,0,0.57,0.758,0.417
bdl_4130,Q3_END,3,1800,CON,True,1,1,0.58,0.613,0.613
bdl_4130,Q4_7.5,4,1950,PHX,False,4,0,0.65,0.786,0.786
bdl_4130,Q4_5,4,2100,PHX,False,1,0,0.55,0.566,0.077
bdl_4130,Q4_2.5,4,2250,CON,True,3,1,0.65,0.847,0.847
bdl_4131,Q2_7.5,2,750,MIN,False,-6,1,0.55,0.141,0.141
bdl_4131,Q2_5,2,900,MIN,False,-2,1,0.7,0.425,0.9895
bdl_4131,Q2_2.5,2,1050,MIN,False,-2,1,0.63,0.355,0.02
bdl_4131,Q2_END,2,1200,GS,True,5,0,0.53,0.858,0.858
bdl_4131,Q3_7.5,3,1350,GS,True,5,0,0.65,0.845,0.965
bdl_4131,Q3_5,3,1500,GS,True,5,0,0.65,0.843,0.143
bdl_4131,Q3_2.5,3,1650,GS,True,4,0,0.6,0.745,0.39
bdl_4131,Q3_END,3,1800,MIN,False,9,1,0.83,0.956,0.956
bdl_4131,Q4_7.5,4,1950,MIN,False,6,1,0.78,0.85,0.185
bdl_4131,Q4_5,4,2100,MIN,False,9,1,0.78,0.987,0.996
bdl_4131,Q4_2.5,4,2250,MIN,False,4,1,0.68,0.891,0.3875
bdl_4132,Q2_7.5,2,750,WSH,True,3,0,0.83,0.795,0.795
bdl_4132,Q2_5,2,900,WSH,True,0,0,0.83,0.484,0.002
bdl_4132,Q2_2.5,2,1050,WSH,True,-3,0,0.77,0.163,0.0
bdl_4132,Q2_END,2,1200,WSH,True,-7,0,0.55,0.051,0.005
bdl_4132,Q3_7.5,3,1350,IND,False,7,1,0.6,0.963,0.963
bdl_4132,Q3_5,3,1500,IND,False,6,1,0.65,0.891,0.096
bdl_4132,Q3_2.5,3,1650,IND,False,13,1,0.85,0.999,1.0
bdl_4132,Q3_END,3,1800,IND,False,15,1,0.75,0.999,1.0
bdl_4132,Q4_7.5,4,1950,IND,False,21,1,0.95,1.0,1.0
bdl_4132,Q4_5,4,2100,IND,False,30,1,1,1.0,1.0
bdl_4132,Q4_2.5,4,2250,IND,False,30,1,1,1.0,1.0
bdl_4133,Q2_7.5,2,750,LA,True,10,1,0.83,0.999,0.999
bdl_4133,Q2_5,2,900,LA,True,10,1,0.88,0.987,0.771
bdl_4133,Q2_2.5,2,1050,LA,True,9,1,0.88,0.984,0.964
bdl_4133,Q2_END,2,1200,LA,True,9,1,0.9,0.97,0.213
bdl_4133,Q3_7.5,3,1350,LA,True,0,1,0.6,0.563,0.0
bdl_4133,Q3_5,3,1500,LA,True,2,1,0.6,0.647,0.588
bdl_4133,Q3_2.5,3,1650,LA,True,3,1,0.75,0.687,0.8415
bdl_4133,Q3_END,3,1800,LA,True,2,1,0.75,0.606,0.381
bdl_4133,Q4_7.5,4,1950,LA,True,13,1,0.9,0.99,1.0
bdl_4133,Q4_5,4,2100,LA,True,16,1,0.95,1.0,1.0
bdl_4133,Q4_2.5,4,2250,LA,True,15,1,0.9,1.0,1.0
bdl_4134,Q2_7.5,2,750,LV,True,9,1,0.7,0.99,0.99
bdl_4134,Q2_5,2,900,LV,True,10,1,0.8,0.995,0.995
bdl_4134,Q2_2.5,2,1050,LV,True,12,1,0.9,0.997,1.0
bdl_4134,Q2_END,2,1200,LV,True,13,1,0.8,0.997,0.7005
bdl_4134,Q3_7.5,3,1350,LV,True,16,1,0.8,0.998,1.0
bdl_4134,Q3_5,3,1500,LV,True,17,1,0.7,0.999,0.988
bdl_4134,Q3_2.5,3,1650,LV,True,23,1,0.9,1.0,1.0
bdl_4134,Q3_END,3,1800,LV,True,20,1,0.8,1.0,0.6495
bdl_4134,Q4_7.5,4,1950,LV,True,17,1,0.7,1.0,0.901
bdl_4134,Q4_5,4,2100,LV,True,17,1,0.7,1.0,1.0
bdl_4134,Q4_2.5,4,2250,LV,True,18,1,0.7,1.0,1.0
bdl_4135,Q2_7.5,2,750,CON,False,-2,0,0.55,0.325,0.325
bdl_4135,Q2_5,2,900,CON,False,-1,0,0.55,0.303,0.134
bdl_4135,Q2_2.5,2,1050,CON,False,0,0,0.55,0.569,0.999
bdl_4135,Q2_END,2,1200,CON,False,-2,0,0.55,0.266,0.0
bdl_4135,Q3_7.5,3,1350,CON,False,-2,0,0.55,0.304,0.9755
bdl_4135,Q3_5,3,1500,ATL,True,5,1,0.6,0.847,0.847
bdl_4135,Q3_2.5,3,1650,ATL,True,10,1,0.75,0.962,1.0
bdl_4135,Q3_END,3,1800,ATL,True,16,1,0.8,0.998,1.0
bdl_4135,Q4_7.5,4,1950,ATL,True,23,1,0.9,1.0,1.0
bdl_4135,Q4_5,4,2100,ATL,True,25,1,0.8,1.0,1.0
bdl_4135,Q4_2.5,4,2250,ATL,True,25,1,0.8,1.0,1.0
bdl_4136,Q2_7.5,2,750,NY,True,11,1,0.88,1.0,1.0
bdl_4136,Q2_5,2,900,NY,True,9,1,0.73,0.988,0.108
bdl_4136,Q2_2.5,2,1050,NY,True,9,1,0.73,0.98,0.844
bdl_4136,Q2_END,2,1200,NY,True,15,1,0.88,0.999,1.0
bdl_4136,Q3_7.5,3,1350,NY,True,7,1,0.73,0.896,0.0
bdl_4136,Q3_5,3,1500,NY,True,9,1,0.88,0.949,0.9865
bdl_4136,Q3_2.5,3,1650,NY,True,8,1,0.73,0.948,0.712
bdl_4136,Q3_END,3,1800,NY,True,11,1,0.78,0.984,1.0
bdl_4136,Q4_7.5,4,1950,NY,True,13,1,0.78,0.998,1.0
bdl_4136,Q4_5,4,2100,NY,True,15,1,0.93,1.0,1.0
bdl_4136,Q4_2.5,4,2250,NY,True,17,1,1,1.0,1.0
bdl_4137,Q2_7.5,2,750,IND,True,14,1,0.88,1.0,1.0
bdl_4137,Q2_5,2,900,IND,True,15,1,0.88,1.0,1.0
bdl_4137,Q2_2.5,2,1050,IND,True,15,1,0.93,1.0,0.954
bdl_4137,Q2_END,2,1200,IND,True,13,1,0.8,0.996,0.34
bdl_4137,Q3_7.5,3,1350,IND,True,6,1,0.65,0.874,0.0
bdl_4137,Q3_5,3,1500,IND,True,9,1,0.8,0.973,1.0
bdl_4137,Q3_2.5,3,1650,IND,True,13,1,0.8,0.993,0.9965
bdl_4137,Q3_END,3,1800,IND,True,17,1,0.85,1.0,1.0
bdl_4137,Q4_7.5,4,1950,IND,True,22,1,0.85,1.0,1.0
bdl_4137,Q4_5,4,2100,IND,True,18,1,0.88,1.0,1.0
bdl_4137,Q4_2.5,4,2250,IND,True,15,1,0.8,1.0,1.0
bdl_4138,Q2_7.5,2,750,LV,True,12,1,0.95,1.0,1.0
bdl_4138,Q2_5,2,900,LV,True,12,1,0.95,0.999,0.899
bdl_4138,Q2_2.5,2,1050,LV,True,7,1,0.95,0.985,0.126
bdl_4138,Q2_END,2,1200,LV,True,8,1,0.95,0.929,0.18
bdl_4138,Q3_7.5,3,1350,LV,True,8,1,0.9,0.964,1.0
bdl_4138,Q3_5,3,1500,LV,True,16,1,0.9,0.995,0.997
bdl_4138,Q3_2.5,3,1650,LV,True,18,1,0.9,1.0,1.0
bdl_4138,Q3_END,3,1800,LV,True,20,1,0.95,1.0,1.0
bdl_4138,Q4_7.5,4,1950,LV,True,20,1,0.85,1.0,1.0
bdl_4138,Q4_5,4,2100,LV,True,28,1,0.85,1.0,1.0
bdl_4138,Q4_2.5,4,2250,LV,True,33,1,0.85,1.0,1.0
bdl_4139,Q2_7.5,2,750,PHX,True,5,0,0.78,0.921,0.921
bdl_4139,Q2_5,2,900,PHX,True,3,0,0.58,0.765,0.03
bdl_4139,Q2_2.5,2,1050,LA,False,2,1,0.53,0.657,0.657
bdl_4139,Q2_END,2,1200,LA,False,1,1,0.65,0.537,0.258
bdl_4139,Q3_7.5,3,1350,LA,False,8,1,0.75,0.921,1.0
bdl_4139,Q3_5,3,1500,LA,False,5,1,0.65,0.793,0.04
bdl_4139,Q3_2.5,3,1650,PHX,True,3,0,0.55,0.716,0.716
bdl_4139,Q3_END,3,1800,PHX,True,-1,0,0.55,0.425,0.0
bdl_4139,Q4_7.5,4,1950,PHX,True,4,0,0.65,0.761,1.0
bdl_4139,Q4_5,4,2100,LA,False,1,1,0.55,0.598,0.598
bdl_4139,Q4_2.5,4,2250,LA,False,4,1,0.53,0.886,0.954
bdl_4140,Q2_7.5,2,750,GS,False,3,1,0.78,0.862,0.862
bdl_4140,Q2_5,2,900,GS,False,0,1,0.52,0.595,0.125
bdl_4140,Q2_2.5,2,1050,GS,False,5,1,0.78,0.857,0.996
bdl_4140,Q2_END,2,1200,GS,False,1,1,0.52,0.61,0.0
bdl_4140,Q3_7.5,3,1350,GS,False,7,1,0.88,0.924,1.0
bdl_4140,Q3_5,3,1500,GS,False,0,1,0.68,0.482,0.0
bdl_4140,Q3_2.5,3,1650,GS,False,6,1,0.88,0.821,0.994
bdl_4140,Q3_END,3,1800,GS,False,8,1,0.88,0.925,1.0
bdl_4140,Q4_7.5,4,1950,SEA,True,2,0,0.53,0.612,0.612
bdl_4140,Q4_5,4,2100,GS,False,0,1,0.63,0.447,0.447
bdl_4140,Q4_2.5,4,2250,GS,False,1,1,0.52,0.599,0.756
bdl_4141,Q2_7.5,2,750,ATL,False,21,1,0.95,1.0,1.0
bdl_4141,Q2_5,2,900,ATL,False,22,1,0.95,1.0,0.998
bdl_4141,Q2_2.5,2,1050,ATL,False,22,1,0.95,1.0,0.661
bdl_4141,Q2_END,2,1200,ATL,False,23,1,0.95,1.0,1.0
bdl_4141,Q3_7.5,3,1350,ATL,False,19,1,0.95,1.0,0.764
bdl_4141,Q3_5,3,1500,ATL,False,19,1,0.95,1.0,0.805
bdl_4141,Q3_2.5,3,1650,ATL,False,9,1,0.78,0.971,0.0
bdl_4141,Q3_END,3,1800,ATL,False,13,1,0.85,0.983,1.0
bdl_4141,Q4_7.5,4,1950,ATL,False,12,1,0.85,0.991,0.9585
bdl_4141,Q4_5,4,2100,ATL,False,15,1,0.85,0.999,1.0
bdl_4141,Q4_2.5,4,2250,ATL,False,15,1,0.85,1.0,1.0
bdl_4142,Q2_7.5,2,750,NY,False,12,1,0.95,1.0,1.0
bdl_4142,Q2_5,2,900,NY,False,8,1,0.85,0.97,0.0
bdl_4142,Q2_2.5,2,1050,NY,False,7,1,0.95,0.974,0.993
bdl_4142,Q2_END,2,1200,NY,False,14,1,0.9,0.998,1.0
bdl_4142,Q3_7.5,3,1350,NY,False,13,1,0.9,0.99,0.045
bdl_4142,Q3_5,3,1500,NY,False,15,1,0.9,0.996,1.0
bdl_4142,Q3_2.5,3,1650,NY,False,14,1,0.9,0.998,0.89
bdl_4142,Q3_END,3,1800,NY,False,20,1,0.9,1.0,1.0
bdl_4142,Q4_7.5,4,1950,NY,False,20,1,0.9,1.0,0.995
bdl_4142,Q4_5,4,2100,NY,False,16,1,0.9,0.999,0.993
bdl_4142,Q4_2.5,4,2250,NY,False,12,1,0.9,1.0,0.996
bdl_4143,Q2_7.5,2,750,PHX,False,0,0,0.8,0.696,0.696
bdl_4143,Q2_5,2,900,PHX,False,2,0,0.8,0.695,0.226
bdl_4143,Q2_2.5,2,1050,PHX,False,-3,0,0.8,0.357,0.003
bdl_4143,Q2_END,2,1200,PHX,False,-10,0,0.53,0.032,0.0
bdl_4143,Q3_7.5,3,1350,DAL,True,14,1,0.78,0.997,0.997
bdl_4143,Q3_5,3,1500,DAL,True,16,1,0.87,0.995,0.96
bdl_4143,Q3_2.5,3,1650,DAL,True,19,1,0.8,1.0,0.997
bdl_4143,Q3_END,3,1800,DAL,True,22,1,0.8,1.0,1.0
bdl_4143,Q4_7.5,4,1950,DAL,True,21,1,0.8,1.0,1.0
bdl_4143,Q4_5,4,2100,DAL,True,24,1,0.8,1.0,1.0
bdl_4143,Q4_2.5,4,2250,DAL,True,25,1,0.8,1.0,1.0
bdl_4144,Q2_7.5,2,750,MIN,True,10,1,0.78,0.998,0.998
bdl_4144,Q2_5,2,900,MIN,True,8,1,0.7,0.988,0.8685
bdl_4144,Q2_2.5,2,1050,MIN,True,12,1,0.78,0.997,0.999
bdl_4144,Q2_END,2,1200,MIN,True,12,1,0.85,0.996,1.0
bdl_4144,Q3_7.5,3,1350,MIN,True,11,1,0.7,0.991,0.671
bdl_4144,Q3_5,3,1500,MIN,True,5,1,0.73,0.905,0.0
bdl_4144,Q3_2.5,3,1650,MIN,True,10,1,0.73,0.982,1.0
bdl_4144,Q3_END,3,1800,MIN,True,6,1,0.73,0.87,0.093
bdl_4144,Q4_7.5,4,1950,MIN,True,16,1,0.73,0.999,1.0
bdl_4144,Q4_5,4,2100,MIN,True,20,1,0.78,1.0,1.0
bdl_4144,Q4_2.5,4,2250,MIN,True,20,1,0.78,1.0,1.0
bdl_4145,Q2_7.5,2,750,LV,False,13,1,0.95,1.0,1.0
bdl_4145,Q2_5,2,900,LV,False,19,1,0.85,1.0,1.0
bdl_4145,Q2_2.5,2,1050,LV,False,19,1,0.85,1.0,0.9425
bdl_4145,Q2_END,2,1200,LV,False,19,1,0.9,0.999,0.943
bdl_4145,Q3_7.5,3,1350,LV,False,22,1,0.9,1.0,0.998
bdl_4145,Q3_5,3,1500,LV,False,24,1,0.85,1.0,1.0
bdl_4145,Q3_2.5,3,1650,LV,False,22,1,0.85,1.0,0.9535
bdl_4145,Q3_END,3,1800,LV,False,19,1,0.85,0.998,0.927
bdl_4145,Q4_7.5,4,1950,LV,False,21,1,0.9,1.0,0.997
bdl_4145,Q4_5,4,2100,LV,False,20,1,0.9,1.0,1.0
bdl_4145,Q4_2.5,4,2250,LV,False,29,1,0.9,1.0,1.0
bdl_4146,Q2_7.5,2,750,GS,False,6,0,0.95,0.839,0.839
bdl_4146,Q2_5,2,900,GS,False,0,0,0.9,0.502,0.003
bdl_4146,Q2_2.5,2,1050,GS,False,-5,0,0.58,0.115,0.0
bdl_4146,Q2_END,2,1200,MIN,True,7,1,0.55,0.893,0.893
bdl_4146,Q3_7.5,3,1350,MIN,True,13,1,1,0.991,1.0
bdl_4146,Q3_5,3,1500,MIN,True,14,1,0.93,0.994,0.871
bdl_4146,Q3_2.5,3,1650,MIN,True,15,1,0.9,0.995,0.826
bdl_4146,Q3_END,3,1800,MIN,True,21,1,1,1.0,1.0
bdl_4146,Q4_7.5,4,1950,MIN,True,29,1,1,1.0,1.0
bdl_4146,Q4_5,4,2100,MIN,True,30,1,1,1.0,1.0
bdl_4146,Q4_2.5,4,2250,MIN,True,34,1,1,1.0,1.0
bdl_4147,Q2_7.5,2,750,IND,False,4,0,0.65,0.858,0.858
bdl_4147,Q2_5,2,900,IND,False,-2,0,0.6,0.313,0.0
bdl_4147,Q2_2.5,2,1050,ATL,True,5,1,0.68,0.863,0.863
bdl_4147,Q2_END,2,1200,ATL,True,7,1,0.83,0.956,1.0
bdl_4147,Q3_7.5,3,1350,IND,False,-2,0,0.65,0.387,0.387
bdl_4147,Q3_5,3,1500,ATL,True,4,1,0.65,0.835,0.835
bdl_4147,Q3_2.5,3,1650,ATL,True,8,1,0.75,0.916,1.0
bdl_4147,Q3_END,3,1800,ATL,True,5,1,0.75,0.844,0.09
bdl_4147,Q4_7.5,4,1950,ATL,True,12,1,0.83,0.99,1.0
bdl_4147,Q4_5,4,2100,ATL,True,11,1,0.95,0.998,0.999
bdl_4147,Q4_2.5,4,2250,ATL,True,11,1,0.78,1.0,0.997
bdl_4148,Q2_7.5,2,750,NY,False,2,1,0.78,0.567,0.567
bdl_4148,Q2_5,2,900,NY,False,2,1,0.57,0.68,0.981
bdl_4148,Q2_2.5,2,1050,PHX,True,-1,0,0.5,0.417,0.417
bdl_4148,Q2_END,2,1200,NY,False,1,1,0.73,0.611,0.611
bdl_4148,Q3_7.5,3,1350,NY,False,1,1,0.73,0.572,0.586
bdl_4148,Q3_5,3,1500,NY,False,5,1,0.83,0.799,1.0
bdl_4148,Q3_2.5,3,1650,NY,False,2,1,0.65,0.614,0.004
bdl_4148,Q3_END,3,1800,NY,False,-2,1,0.65,0.303,0.0
bdl_4148,Q4_7.5,4,1950,NY,False,-2,1,0.65,0.383,0.789
bdl_4148,Q4_5,4,2100,NY,False,-2,1,0.65,0.332,0.0
bdl_4148,Q4_2.5,4,2250,NY,False,0,1,0.65,0.54,0.661
bdl_4149,Q2_7.5,2,750,LV,True,7,1,0.95,0.976,0.976
bdl_4149,Q2_5,2,900,LV,True,14,1,0.95,1.0,1.0
bdl_4149,Q2_2.5,2,1050,LV,True,16,1,0.95,1.0,1.0
bdl_4149,Q2_END,2,1200,LV,True,20,1,0.95,1.0,1.0
bdl_4149,Q3_7.5,3,1350,LV,True,17,1,0.95,1.0,0.3845
bdl_4149,Q3_5,3,1500,LV,True,19,1,0.95,1.0,1.0
bdl_4149,Q3_2.5,3,1650,LV,True,26,1,0.95,1.0,1.0
bdl_4149,Q3_END,3,1800,LV,True,24,1,1,1.0,0.976
bdl_4149,Q4_7.5,4,1950,LV,True,28,1,1,1.0,1.0
bdl_4149,Q4_5,4,2100,LV,True,32,1,1,1.0,1.0
bdl_4149,Q4_2.5,4,2250,LV,True,27,1,1,1.0,1.0
bdl_4150,Q2_7.5,2,750,IND,True,7,1,0.78,0.983,0.983
bdl_4150,Q2_5,2,900,IND,True,11,1,0.73,0.993,1.0
bdl_4150,Q2_2.5,2,1050,IND,True,9,1,0.73,0.99,1.0
bdl_4150,Q2_END,2,1200,IND,True,6,1,0.78,0.886,0.001
bdl_4150,Q3_7.5,3,1350,IND,True,5,1,0.73,0.877,0.8955
bdl_4150,Q3_5,3,1500,IND,True,3,1,0.65,0.658,0.0
bdl_4150,Q3_2.5,3,1650,IND,True,11,1,0.65,0.984,1.0
bdl_4150,Q3_END,3,1800,IND,True,15,1,0.73,0.996,1.0
bdl_4150,Q4_7.5,4,1950,IND,True,22,1,0.93,1.0,1.0
bdl_4150,Q4_5,4,2100,IND,True,23,1,0.85,1.0,1.0
bdl_4150,Q4_2.5,4,2250,IND,True,19,1,0.7,1.0,1.0
bdl_4151,Q2_7.5,2,750,SEA,True,-4,0,0.53,0.069,0.069
bdl_4151,Q2_5,2,900,LV,False,3,1,0.55,0.666,0.666
bdl_4151,Q2_2.5,2,1050,LV,False,3,1,0.65,0.705,0.978
bdl_4151,Q2_END,2,1200,LV,False,1,1,0.55,0.604,0.104
bdl_4151,Q3_7.5,3,1350,LV,False,4,1,0.57,0.764,0.999
bdl_4151,Q3_5,3,1500,LV,False,10,1,0.78,0.954,1.0
bdl_4151,Q3_2.5,3,1650,LV,False,13,1,0.88,0.989,1.0
bdl_4151,Q3_END,3,1800,LV,False,8,1,0.7,0.887,0.039
bdl_4151,Q4_7.5,4,1950,LV,False,10,1,0.78,0.976,0.999
bdl_4151,Q4_5,4,2100,LV,False,7,1,0.78,0.951,0.588
bdl_4151,Q4_2.5,4,2250,LV,False,2,1,0.55,0.714,0.393
bdl_4152,Q2_7.5,2,750,NY,True,-5,0,0.53,0.092,0.092
bdl_4152,Q2_5,2,900,PHX,False,9,1,0.68,0.978,0.978
bdl_4152,Q2_2.5,2,1050,PHX,False,19,1,0.95,1.0,1.0
bdl_4152,Q2_END,2,1200,PHX,False,14,1,0.85,0.998,0.011
bdl_4152,Q3_7.5,3,1350,PHX,False,16,1,0.85,0.999,1.0
bdl_4152,Q3_5,3,1500,PHX,False,20,1,0.75,1.0,1.0
bdl_4152,Q3_2.5,3,1650,PHX,False,20,1,0.7,1.0,1.0
bdl_4152,Q3_END,3,1800,PHX,False,22,1,0.75,1.0,1.0
bdl_4152,Q4_7.5,4,1950,PHX,False,28,1,0.85,1.0,1.0
bdl_4152,Q4_5,4,2100,PHX,False,31,1,0.9,1.0,1.0
bdl_4152,Q4_2.5,4,2250,PHX,False,27,1,0.85,1.0,1.0
bdl_4153,Q2_7.5,2,750,GS,True,9,0,0.83,0.991,0.991
bdl_4153,Q2_5,2,900,GS,True,6,0,0.83,0.928,0.0
bdl_4153,Q2_2.5,2,1050,GS,True,11,0,0.95,0.984,1.0
bdl_4153,Q2_END,2,1200,GS,True,13,0,1,0.999,1.0
bdl_4153,Q3_7.5,3,1350,GS,True,13,0,1,0.989,0.887
bdl_4153,Q3_5,3,1500,GS,True,11,0,0.95,0.985,0.495
bdl_4153,Q3_2.5,3,1650,GS,True,11,0,0.85,0.98,1.0
bdl_4153,Q3_END,3,1800,GS,True,14,0,1,0.999,1.0
bdl_4153,Q4_7.5,4,1950,GS,True,7,0,0.95,0.936,0.0015
bdl_4153,Q4_5,4,2100,GS,True,7,0,0.95,0.942,0.7435
bdl_4153,Q4_2.5,4,2250,GS,True,-1,0,0.8,0.431,0.006
bdl_4154,Q2_7.5,2,750,ATL,True,0,1,0.55,0.504,0.504
bdl_4154,Q2_5,2,900,IND,False,-3,0,0.6,0.356,0.356
bdl_4154,Q2_2.5,2,1050,ATL,True,3,1,0.55,0.698,0.698
bdl_4154,Q2_END,2,1200,ATL,True,7,1,0.55,0.879,0.999
bdl_4154,Q3_7.5,3,1350,ATL,True,4,1,0.6,0.732,0.004
bdl_4154,Q3_5,3,1500,ATL,True,6,1,0.53,0.806,0.717
bdl_4154,Q3_2.5,3,1650,ATL,True,5,1,0.63,0.744,0.876
bdl_4154,Q3_END,3,1800,ATL,True,4,1,0.63,0.731,0.441
bdl_4154,Q4_7.5,4,1950,ATL,True,5,1,0.63,0.839,0.96
bdl_4154,Q4_5,4,2100,ATL,True,2,1,0.53,0.674,0.1795
bdl_4154,Q4_2.5,4,2250,ATL,True,3,1,0.53,0.846,0.9555
bdl_4155,Q2_7.5,2,750,SEA,False,0,0,0.6,0.49,0.49
bdl_4155,Q2_5,2,900,LV,True,-1,1,0.55,0.384,0.384
bdl_4155,Q2_2.5,2,1050,LV,True,4,1,0.55,0.743,1.0
bdl_4155,Q2_END,2,1200,LV,True,7,1,0.65,0.927,1.0
bdl_4155,Q3_7.5,3,1350,LV,True,5,1,0.55,0.85,0.078
bdl_4155,Q3_5,3,1500,LV,True,4,1,0.55,0.829,0.8735
bdl_4155,Q3_2.5,3,1650,LV,True,3,1,0.55,0.751,0.085
bdl_4155,Q3_END,3,1800,LV,True,4,1,0.63,0.774,0.866
bdl_4155,Q4_7.5,4,1950,LV,True,2,1,0.57,0.699,0.747
bdl_4155,Q4_5,4,2100,LV,True,4,1,0.63,0.854,0.8135
bdl_4155,Q4_2.5,4,2250,SEA,False,-2,0,0.57,0.224,0.224
bdl_4156,Q2_7.5,2,750,PHX,True,10,1,0.78,0.991,0.991
bdl_4156,Q2_5,2,900,PHX,True,7,1,0.6,0.962,0.393
bdl_4156,Q2_2.5,2,1050,NY,False,-7,0,0.55,0.054,0.054
bdl_4156,Q2_END,2,1200,NY,False,-4,0,0.55,0.224,0.944
bdl_4156,Q3_7.5,3,1350,NY,False,-1,0,0.55,0.469,1.0
bdl_4156,Q3_5,3,1500,NY,False,-3,0,0.65,0.281,0.001
bdl_4156,Q3_2.5,3,1650,PHX,True,5,1,0.6,0.783,0.783
bdl_4156,Q3_END,3,1800,NY,False,-1,0,0.55,0.451,0.451
bdl_4156,Q4_7.5,4,1950,PHX,True,2,1,0.6,0.668,0.668
bdl_4156,Q4_5,4,2100,PHX,True,8,1,0.75,0.966,1.0
bdl_4156,Q4_2.5,4,2250,PHX,True,5,1,0.6,0.918,0.891
bdl_4157,Q2_7.5,2,750,IND,False,0,1,0.7,0.524,0.524
bdl_4157,Q2_5,2,900,IND,False,0,1,0.7,0.475,0.5005
bdl_4157,Q2_2.5,2,1050,IND,False,1,1,0.78,0.664,0.999
bdl_4157,Q2_END,2,1200,IND,False,5,1,0.78,0.89,0.998
bdl_4157,Q3_7.5,3,1350,IND,False,8,1,0.78,0.936,0.997
bdl_4157,Q3_5,3,1500,IND,False,12,1,0.85,0.991,1.0
bdl_4157,Q3_2.5,3,1650,IND,False,5,1,0.7,0.833,0.0
bdl_4157,Q3_END,3,1800,IND,False,14,1,0.93,0.998,1.0
bdl_4157,Q4_7.5,4,1950,IND,False,13,1,0.78,0.997,0.9995
bdl_4157,Q4_5,4,2100,IND,False,14,1,0.88,1.0,0.9945
bdl_4157,Q4_2.5,4,2250,IND,False,13,1,0.88,1.0,1.0
bdl_4158,Q2_7.5,2,750,PHX,False,0,0,0.55,0.721,0.721
bdl_4158,Q2_5,2,900,PHX,False,6,0,0.63,0.923,0.9995
bdl_4158,Q2_2.5,2,1050,PHX,False,7,0,0.63,0.866,0.4205
bdl_4158,Q2_END,2,1200,PHX,False,7,0,0.75,0.921,0.998
bdl_4158,Q3_7.5,3,1350,PHX,False,3,0,0.6,0.686,0.0
bdl_4158,Q3_5,3,1500,PHX,False,5,0,0.6,0.825,0.986
bdl_4158,Q3_2.5,3,1650,PHX,False,-1,0,0.55,0.484,0.001
bdl_4158,Q3_END,3,1800,PHX,False,0,0,0.55,0.463,0.227
bdl_4158,Q4_7.5,4,1950,MIN,True,4,1,0.57,0.736,0.736
bdl_4158,Q4_5,4,2100,MIN,True,3,1,0.57,0.743,0.569
bdl_4158,Q4_2.5,4,2250,MIN,True,9,1,0.73,0.996,1.0
bdl_4159,Q2_7.5,2,750,MIN,True,8,1,0.63,0.985,0.985
bdl_4159,Q2_5,2,900,MIN,True,11,1,0.8,0.995,1.0
bdl_4159,Q2_2.5,2,1050,MIN,True,9,1,0.75,0.98,0.962
bdl_4159,Q2_END,2,1200,MIN,True,16,1,0.8,1.0,1.0
bdl_4159,Q3_7.5,3,1350,MIN,True,17,1,0.9,1.0,0.992
bdl_4159,Q3_5,3,1500,MIN,True,17,1,0.85,0.997,0.958
bdl_4159,Q3_2.5,3,1650,MIN,True,8,1,0.85,0.933,0.0
bdl_4159,Q3_END,3,1800,MIN,True,8,1,0.85,0.91,0.871
bdl_4159,Q4_7.5,4,1950,MIN,True,9,1,0.9,0.96,0.982
bdl_4159,Q4_5,4,2100,MIN,True,6,1,0.55,0.888,0.149
bdl_4159,Q4_2.5,4,2250,PHX,False,-3,0,0.63,0.164,0.164
bdl_4160,Q2_7.5,2,750,LV,True,16,1,0.95,1.0,1.0
bdl_4160,Q2_5,2,900,LV,True,15,1,0.95,1.0,0.639
bdl_4160,Q2_2.5,2,1050,LV,True,9,1,0.9,0.977,0.0
bdl_4160,Q2_END,2,1200,LV,True,11,1,0.9,0.984,0.991
bdl_4160,Q3_7.5,3,1350,LV,True,10,1,0.88,0.962,0.648
bdl_4160,Q3_5,3,1500,LV,True,15,1,0.88,0.996,1.0
bdl_4160,Q3_2.5,3,1650,LV,True,16,1,0.95,0.999,1.0
bdl_4160,Q3_END,3,1800,LV,True,18,1,0.95,0.999,1.0
bdl_4160,Q4_7.5,4,1950,LV,True,19,1,0.95,1.0,1.0
bdl_4160,Q4_5,4,2100,LV,True,24,1,0.95,1.0,1.0
bdl_4160,Q4_2.5,4,2250,LV,True,23,1,0.95,1.0,1.0
bdl_4161,Q2_7.5,2,750,LV,False,9,1,0.95,0.995,0.995
bdl_4161,Q2_5,2,900,LV,False,7,1,0.95,0.944,0.088
bdl_4161,Q2_2.5,2,1050,LV,False,5,1,0.9,0.952,0.98
bdl_4161,Q2_END,2,1200,LV,False,1,1,0.7,0.617,0.0
bdl_4161,Q3_7.5,3,1350,LV,False,-3,1,0.8,0.372,0.169
bdl_4161,Q3_5,3,1500,LV,False,0,1,0.8,0.466,0.105
bdl_4161,Q3_2.5,3,1650,LV,False,-1,1,0.8,0.414,0.74
bdl_4161,Q3_END,3,1800,LV,False,3,1,0.8,0.764,0.988
bdl_4161,Q4_7.5,4,1950,LV,False,4,1,0.8,0.775,1.0
bdl_4161,Q4_5,4,2100,LV,False,8,1,0.8,0.97,1.0
bdl_4161,Q4_2.5,4,2250,LV,False,10,1,0.8,1.0,1.0
bdl_4162,Q2_7.5,2,750,MIN,False,3,0,0.6,0.646,0.646
bdl_4162,Q2_5,2,900,PHX,True,3,1,0.6,0.795,0.795
bdl_4162,Q2_2.5,2,1050,PHX,True,6,1,0.75,0.888,1.0
bdl_4162,Q2_END,2,1200,PHX,True,4,1,0.75,0.74,0.15
bdl_4162,Q3_7.5,3,1350,PHX,True,4,1,0.8,0.767,0.703
bdl_4162,Q3_5,3,1500,PHX,True,1,1,0.87,0.568,0.048
bdl_4162,Q3_2.5,3,1650,PHX,True,-2,1,0.8,0.355,0.02
bdl_4162,Q3_END,3,1800,PHX,True,-4,1,0.57,0.25,0.026
bdl_4162,Q4_7.5,4,1950,PHX,True,1,1,0.65,0.572,1.0
bdl_4162,Q4_5,4,2100,PHX,True,1,1,0.73,0.618,0.221
bdl_4162,Q4_2.5,4,2250,PHX,True,2,1,0.73,0.739,0.964
bdl_4163,Q2_7.5,2,750,IND,True,1,1,0.53,0.601,0.601
bdl_4163,Q2_5,2,900,IND,True,0,1,0.68,0.479,0.149
bdl_4163,Q2_2.5,2,1050,IND,True,3,1,0.57,0.714,0.999
bdl_4163,Q2_END,2,1200,IND,True,8,1,1,0.958,1.0
bdl_4163,Q3_7.5,3,1350,IND,True,4,1,0.7,0.794,0.006
bdl_4163,Q3_5,3,1500,IND,True,5,1,0.7,0.844,1.0
bdl_4163,Q3_2.5,3,1650,IND,True,5,1,0.7,0.827,0.253
bdl_4163,Q3_END,3,1800,IND,True,5,1,0.6,0.793,0.835
bdl_4163,Q4_7.5,4,1950,IND,True,4,1,0.6,0.813,0.624
bdl_4163,Q4_5,4,2100,IND,True,4,1,0.6,0.824,0.903
bdl_4163,Q4_2.5,4,2250,IND,True,5,1,0.6,0.924,0.998
bdl_4164,Q2_7.5,2,750,MIN,False,10,0,0.75,0.989,0.989
bdl_4164,Q2_5,2,900,MIN,False,9,0,0.75,0.984,0.9535
bdl_4164,Q2_2.5,2,1050,MIN,False,5,0,0.75,0.88,0.0
bdl_4164,Q2_END,2,1200,MIN,False,0,0,0.6,0.488,0.0
bdl_4164,Q3_7.5,3,1350,MIN,False,3,0,0.75,0.773,1.0
bdl_4164,Q3_5,3,1500,MIN,False,7,0,0.75,0.913,0.981
bdl_4164,Q3_2.5,3,1650,MIN,False,11,0,0.85,0.968,1.0
bdl_4164,Q3_END,3,1800,MIN,False,13,0,0.85,0.992,0.999
bdl_4164,Q4_7.5,4,1950,MIN,False,6,0,0.85,0.864,0.022
bdl_4164,Q4_5,4,2100,MIN,False,4,0,0.7,0.845,0.0935
bdl_4164,Q4_2.5,4,2250,PHX,True,1,1,0.55,0.676,0.676
bdl_4165,Q2_7.5,2,750,LV,True,-2,1,0.57,0.39,0.39
bdl_4165,Q2_5,2,900,LV,True,1,1,0.68,0.587,0.916
bdl_4165,Q2_2.5,2,1050,LV,True,-1,1,0.57,0.405,0.045
bdl_4165,Q2_END,2,1200,LV,True,2,1,0.68,0.644,0.994
bdl_4165,Q3_7.5,3,1350,LV,True,4,1,0.68,0.779,0.957
bdl_4165,Q3_5,3,1500,LV,True,6,1,0.68,0.807,0.785
bdl_4165,Q3_2.5,3,1650,LV,True,5,1,0.8,0.83,0.8855
bdl_4165,Q3_END,3,1800,LV,True,8,1,0.7,0.924,0.999
bdl_4165,Q4_7.5,4,1950,LV,True,9,1,0.7,0.967,0.8195
bdl_4165,Q4_5,4,2100,LV,True,5,1,0.7,0.869,0.593
bdl_4165,Q4_2.5,4,2250,LV,True,4,1,0.7,0.877,0.834
bdl_4166,Q2_7.5,2,750,PHX,False,3,0,0.55,0.624,0.624
bdl_4166,Q2_5,2,900,PHX,False,1,0,0.8,0.706,0.995
bdl_4166,Q2_2.5,2,1050,PHX,False,5,0,0.8,0.829,0.984
bdl_4166,Q2_END,2,1200,PHX,False,5,0,0.8,0.829,0.681
bdl_4166,Q3_7.5,3,1350,PHX,False,6,0,0.8,0.769,0.148
bdl_4166,Q3_5,3,1500,PHX,False,3,0,0.75,0.546,0.048
bdl_4166,Q3_2.5,3,1650,PHX,False,7,0,0.85,0.883,1.0
bdl_4166,Q3_END,3,1800,PHX,False,4,0,0.7,0.735,0.137
bdl_4166,Q4_7.5,4,1950,PHX,False,1,0,0.75,0.586,0.126
bdl_4166,Q4_5,4,2100,PHX,False,0,0,0.75,0.465,0.696
bdl_4166,Q4_2.5,4,2250,LV,True,3,1,0.53,0.826,0.826
bdl_4167,Q2_7.5,2,750,LV,True,-4,1,0.7,0.16,0.16
bdl_4167,Q2_5,2,900,LV,True,1,1,0.7,0.557,1.0
bdl_4167,Q2_2.5,2,1050,LV,True,7,1,0.83,0.889,1.0
bdl_4167,Q2_END,2,1200,LV,True,9,1,0.87,0.957,1.0
bdl_4167,Q3_7.5,3,1350,LV,True,12,1,0.87,0.966,0.971
bdl_4167,Q3_5,3,1500,LV,True,12,1,0.87,0.988,1.0
bdl_4167,Q3_2.5,3,1650,LV,True,12,1,1,0.972,0.964
bdl_4167,Q3_END,3,1800,LV,True,13,1,1,0.985,0.998
bdl_4167,Q4_7.5,4,1950,LV,True,16,1,1,0.999,1.0
bdl_4167,Q4_5,4,2100,LV,True,17,1,0.9,1.0,1.0
bdl_4167,Q4_2.5,4,2250,LV,True,12,1,0.83,1.0,0.972
bdl_4168,Q2_7.5,2,750,LV,False,4,1,0.85,0.764,0.764
bdl_4168,Q2_5,2,900,LV,False,7,1,0.85,0.889,0.9785
bdl_4168,Q2_2.5,2,1050,LV,False,5,1,0.85,0.756,0.334
bdl_4168,Q2_END,2,1200,LV,False,12,1,0.95,0.991,1.0
bdl_4168,Q3_7.5,3,1350,LV,False,10,1,0.95,0.968,0.243
bdl_4168,Q3_5,3,1500,LV,False,13,1,0.95,0.995,1.0
bdl_4168,Q3_2.5,3,1650,LV,False,14,1,0.95,0.995,1.0
bdl_4168,Q3_END,3,1800,LV,False,17,1,0.95,0.999,1.0
bdl_4168,Q4_7.5,4,1950,LV,False,11,1,0.95,0.993,0.369
bdl_4168,Q4_5,4,2100,LV,False,8,1,0.9,0.969,0.406
bdl_4168,Q4_2.5,4,2250,LV,False,1,1,0.7,0.659,0.036
bdl_4169,Q2_7.5,2,750,LV,False,19,1,0.95,1.0,1.0
bdl_4169,Q2_5,2,900,LV,False,16,1,0.95,1.0,0.087
bdl_4169,Q2_2.5,2,1050,LV,False,15,1,0.95,1.0,0.89
bdl_4169,Q2_END,2,1200,LV,False,16,1,0.95,0.997,0.974
bdl_4169,Q3_7.5,3,1350,LV,False,18,1,0.9,1.0,1.0
bdl_4169,Q3_5,3,1500,LV,False,17,1,0.9,0.995,0.472
bdl_4169,Q3_2.5,3,1650,LV,False,14,1,0.95,0.991,1.0
bdl_4169,Q3_END,3,1800,LV,False,14,1,0.9,0.996,0.861
bdl_4169,Q4_7.5,4,1950,LV,False,6,1,0.75,0.908,0.033
bdl_4169,Q4_5,4,2100,LV,False,9,1,0.9,0.971,0.9995
bdl_4169,Q4_2.5,4,2250,LV,False,10,1,0.9,1.0,0.985
